family,C,selection_B,selection_BG,selection_AP,score_col,threshold
additive,0.1,0.7687137487242041,112,0.5138053625232839,class_reliability_gamma_0p750,0.2
additive,0.5,0.7687137487242041,112,0.5138053625232839,class_reliability_gamma_0p750,0.2
additive,1.0,0.7687137487242041,112,0.5138053625232839,class_reliability_gamma_0p750,0.2
additive,2.0,0.7687137487242041,112,0.5138053625232839,class_reliability_gamma_0p750,0.2
class_interactions,0.1,0.7687137487242041,112,0.5138053625232839,class_reliability_gamma_0p750,0.2
class_interactions,0.5,0.7687137487242041,112,0.5138053625232839,class_reliability_gamma_0p750,0.2
class_interactions,1.0,0.7687137487242041,112,0.5138053625232839,class_reliability_gamma_0p750,0.2
class_interactions,2.0,0.7687137487242041,112,0.5138053625232839,class_reliability_gamma_0p750,0.2
class_profile,0.1,0.7687137487242041,112,0.5138053625232839,class_reliability_gamma_0p750,0.2
class_profile,0.5,0.7687137487242041,112,0.5138053625232839,class_reliability_gamma_0p750,0.2
class_profile,1.0,0.7687137487242041,112,0.5138053625232839,class_reliability_gamma_0p750,0.2
class_profile,2.0,0.7687137487242041,112,0.5138053625232839,class_reliability_gamma_0p750,0.2
interactions_profile,0.1,0.7687137487242041,112,0.5138053625232839,class_reliability_gamma_0p750,0.2
interactions_profile,0.5,0.7687137487242041,112,0.5138053625232839,class_reliability_gamma_0p750,0.2
interactions_profile,1.0,0.7687137487242041,112,0.5138053625232839,class_reliability_gamma_0p750,0.2
interactions_profile,2.0,0.7687137487242041,112,0.5138053625232839,class_reliability_gamma_0p750,0.2
