variant,feature_dimension,split,threshold,num_known_gt,num_unknown_gt,num_accepted_detections,tp_known,fp_known,fn_known,known_precision,known_recall,unknown_false_accept_objects,unknown_reject_rate_object_level,open_set_hscore_object_level,precision_recall_unknown_balanced_score,background_false_accept_count,AP50,AP55,AP60,AP65,AP70,AP75,AP80,AP85,AP90,AP95,AP
SC,62,calibration,0.8,3471,3922,3006,2284,722,1187,0.7598137059214903,0.6580236243157591,30,0.9923508414074452,0.7913238005285981,0.7805340064013896,625,0.6812417878942949,0.6601593868939666,0.6353110631802297,0.6130628929825259,0.5776885411154034,0.5363208931379845,0.48497008831670374,0.40493525129802876,0.2778577093088663,0.1216326140642258,0.49931802281922294
SC,62,test,0.8,14775,14613,13136,9831,3305,4944,0.7484013398294762,0.6653807106598985,169,0.9884349551768973,0.7953553307090169,0.7790627772396729,2833,0.6599016090405979,0.6447419297408199,0.6213957604052117,0.5971006818145772,0.5631294352303062,0.5177350180140551,0.4640142905866765,0.3918020971924354,0.2871405449132506,0.1125188293429998,0.4859480196280931
SC_size,125,calibration,0.8,3471,3922,3005,2289,716,1182,0.7617304492512479,0.6594641313742438,23,0.9941356450790413,0.7929328595536906,0.782251853209223,632,0.686516024757277,0.664426584954546,0.639878818150167,0.6176483952273029,0.5814363273178279,0.5407017633037678,0.4883311229869555,0.40783775375644665,0.2747872663407083,0.11875898941558316,0.5020323046210582
SC_size,125,test,0.8,14775,14613,13161,9846,3315,4929,0.7481194438112605,0.6663959390862945,145,0.9900773284062137,0.7966123256912654,0.7797642950865793,2889,0.6584043763443077,0.6430096598185305,0.6195104049742926,0.5951045231900027,0.5612986024227935,0.5157136333595268,0.46106848649665383,0.3872441795897102,0.27966640293246403,0.1027718180422906,0.4823792087170572
SC_aspect,83,calibration,0.8,3471,3922,3002,2282,720,1189,0.760159893404397,0.6574474214923653,29,0.9926058133605303,0.7909879739248433,0.7804378250588524,624,0.6825915482844775,0.6612461979001885,0.6364395549054276,0.6141713154677758,0.5789134084952736,0.5373353603534274,0.4850500921715207,0.4043551749217754,0.27650457150352425,0.11870474928113366,0.4995311973284525
SC_aspect,83,test,0.8,14775,14613,13131,9830,3301,4945,0.7486101591653339,0.6653130287648055,167,0.9885718196126736,0.7953512750337847,0.7791355955714404,2827,0.6598952575663566,0.6447094443541451,0.6212892569254926,0.5971960789212788,0.5630523616476595,0.5175377535817216,0.4635657746847082,0.3912432687610723,0.28716573130001527,0.11106811716648098,0.48567230449089316
SC_position,104,calibration,0.8,3471,3922,3014,2287,727,1184,0.7587923025879231,0.6588879285508499,31,0.99209586945436,0.7918672407790337,0.7805264717172294,631,0.681785322309888,0.6601504944478505,0.6352176589128246,0.6127123307462445,0.5756837435770708,0.5325036463942788,0.47986333237614864,0.39998372808436666,0.2745650297761765,0.12134660504632197,0.4973811891671171
SC_position,104,test,0.8,14775,14613,13109,9824,3285,4951,0.7494088031123656,0.664906937394247,162,0.9889139807021146,0.7951716646707505,0.7793087610089244,2823,0.6596068192792719,0.6444144824835781,0.6207073811947894,0.5962440578167024,0.5622885853997402,0.5161127099315747,0.4628044046000186,0.38901613689176084,0.2838823753686891,0.10857947380986126,0.48436564267759863
SC_boundary,104,calibration,0.8,3471,3922,3005,2286,719,1185,0.7607321131447587,0.658599827139153,26,0.9933707292197859,0.7920647108762318,0.781337615759979,629,0.6853191333403968,0.6627237207660838,0.6379779225791844,0.6150834756499817,0.5803106371156213,0.5380813232882564,0.4852689101633394,0.40621958014928056,0.2737210849956257,0.11671121027658315,0.5001416998324354
SC_boundary,104,test,0.8,14775,14613,13191,9834,3357,4941,0.7455083011143961,0.6655837563451776,154,0.98946143844522,0.7958326008643849,0.7783195447771967,2892,0.6584097746654146,0.6429732597460303,0.6195981180649045,0.5956539332931955,0.561861787435544,0.5167274328928331,0.4625354580161277,0.3896826534317067,0.28474984853147906,0.10642334293480611,0.48386156090120425
SCG,230,calibration,0.8,3471,3922,3009,2293,716,1178,0.7620471917580591,0.6606165370210314,28,0.9928607853136155,0.7933586325958873,0.7826394500644622,629,0.6917392943939735,0.6678448652422071,0.6428967369081919,0.6200017346850806,0.5822320512431671,0.5391135891005473,0.48404679448786386,0.40394911547410867,0.2698410618581351,0.11299758268728573,0.5014662826080561
SCG,230,test,0.8,14775,14613,13114,9820,3294,4955,0.7488180570382797,0.6646362098138748,145,0.9900773284062137,0.7953536703185283,0.779212180690072,2848,0.6570787742060162,0.6416254588600133,0.6177746937150648,0.5932864474034281,0.559150264588155,0.5129099112703351,0.45900476130080065,0.38489815081687934,0.2774328674798597,0.0997364405672178,0.4802897770207769
