method,class_name,threshold,num_known_gt,num_accepted_detections,tp_known,known_precision,known_recall,background_false_accept_count,unknown_false_accept_detection_count,AP,AP50,AP75
Raw,person,0.3,8816,8248,6242,0.7567895247332687,0.7080308529945554,1956,32,0.5474324003054414,0.7405377734569247,0.598262415323022
Raw,bicycle,0.3,259,183,135,0.7377049180327869,0.5212355212355212,31,4,0.3497739764193516,0.5670871390763411,0.33637700002888604
Raw,car,0.3,1574,1194,964,0.8073701842546064,0.6124523506988564,176,1,0.48630054835053765,0.7056518182638178,0.536060242907149
Raw,motorcycle,0.3,326,263,199,0.7566539923954373,0.6104294478527608,46,1,0.40244508480613794,0.6429325307248421,0.40466014045578214
Raw,airplane,0.3,115,110,96,0.8727272727272727,0.8347826086956521,9,1,0.6397354929132728,0.8307487442156497,0.6755353496695776
Raw,bus,0.3,228,244,183,0.75,0.8026315789473685,24,0,0.651846277514258,0.8194368259010043,0.7160242116040774
Raw,train,0.3,165,163,137,0.8404907975460123,0.8303030303030303,12,2,0.5959652082266611,0.8708028607863924,0.60863062609676
Raw,truck,0.3,318,194,132,0.6804123711340206,0.41509433962264153,34,0,0.3406684514603673,0.48421037383186805,0.3677228195712371
Raw,boat,0.3,366,188,138,0.7340425531914894,0.3770491803278688,39,8,0.2902224905899659,0.5042387482392133,0.28091249978092125
Raw,traffic_light,0.3,530,360,243,0.675,0.45849056603773586,114,0,0.29478828987303507,0.5155909200926158,0.31247267547869373
Raw,fire_hydrant,0.3,80,80,74,0.925,0.925,4,2,0.7572918837542578,0.9229585400599577,0.8223229254187022
Raw,stop_sign,0.3,68,106,44,0.41509433962264153,0.6470588235294118,62,0,0.5816262743235447,0.6399604661515076,0.617964158838359
Raw,parking_meter,0.3,54,49,15,0.30612244897959184,0.2777777777777778,31,1,0.13006747702333035,0.21184390444344972,0.10839744645094353
Raw,bench,0.3,343,410,143,0.348780487804878,0.41690962099125367,112,145,0.24602612085305214,0.36210746129253435,0.2574892693723971
Raw,bird,0.3,311,175,129,0.7371428571428571,0.41479099678456594,46,0,0.3717278943003197,0.5192224521792412,0.3990283203150762
Raw,cat,0.3,162,191,149,0.7801047120418848,0.9197530864197531,18,6,0.6898709981806092,0.8757219004957012,0.7603825775301304
Raw,dog,0.3,174,238,150,0.6302521008403361,0.8620689655172413,12,50,0.6789895705001425,0.8238502191320408,0.7221630189074016
Raw,horse,0.3,232,203,169,0.8325123152709359,0.728448275862069,16,6,0.6003684689554634,0.7718862141830044,0.6429454667668282
Raw,sheep,0.3,308,320,215,0.671875,0.698051948051948,69,18,0.5084244535554466,0.6787189376261221,0.5588089854856165
Raw,cow,0.3,346,364,251,0.6895604395604396,0.7254335260115607,64,13,0.5553890306566656,0.7105243506597294,0.6285402102795413
SC,person,0.8,8816,8289,6252,0.7542526239594644,0.7091651542649727,1986,33,0.5474324003054414,0.7405377734569247,0.598262415323022
SC,bicycle,0.8,259,205,144,0.7024390243902439,0.555984555984556,40,5,0.3497739764193516,0.5670871390763411,0.33637700002888604
SC,car,0.8,1574,1285,1010,0.7859922178988327,0.6416772554002541,212,1,0.48630054835053765,0.7056518182638178,0.536060242907149
SC,motorcycle,0.8,326,258,197,0.7635658914728682,0.6042944785276073,43,1,0.40244508480613794,0.6429325307248421,0.40466014045578214
SC,airplane,0.8,115,99,89,0.898989898989899,0.7739130434782608,7,1,0.6397354929132728,0.8307487442156497,0.6755353496695776
SC,bus,0.8,228,223,177,0.7937219730941704,0.7763157894736842,16,0,0.651846277514258,0.8194368259010043,0.7160242116040774
SC,train,0.8,165,164,138,0.8414634146341463,0.8363636363636363,12,2,0.5959652082266611,0.8708028607863924,0.60863062609676
SC,truck,0.8,318,264,156,0.5909090909090909,0.49056603773584906,55,1,0.3406684514603673,0.48421037383186805,0.3677228195712371
SC,boat,0.8,366,204,145,0.7107843137254902,0.39617486338797814,47,8,0.2902224905899659,0.5042387482392133,0.28091249978092125
SC,traffic_light,0.8,530,407,265,0.6511056511056511,0.5,138,0,0.29478828987303507,0.5155909200926158,0.31247267547869373
SC,fire_hydrant,0.8,80,77,71,0.922077922077922,0.8875,4,2,0.7572918837542578,0.9229585400599577,0.8223229254187022
SC,stop_sign,0.8,68,64,41,0.640625,0.6029411764705882,23,0,0.5816262743235447,0.6399604661515076,0.617964158838359
SC,parking_meter,0.8,54,39,14,0.358974358974359,0.25925925925925924,23,0,0.13006747702333035,0.21184390444344972,0.10839744645094353
SC,bench,0.8,343,195,113,0.5794871794871795,0.3294460641399417,25,53,0.24602612085305214,0.36210746129253435,0.2574892693723971
SC,bird,0.8,311,194,136,0.7010309278350515,0.43729903536977494,58,0,0.3717278943003197,0.5192224521792412,0.3990283203150762
SC,cat,0.8,162,185,147,0.7945945945945946,0.9074074074074074,16,6,0.6898709981806092,0.8757219004957012,0.7603825775301304
SC,dog,0.8,174,187,140,0.7486631016042781,0.8045977011494253,7,25,0.6789895705001425,0.8238502191320408,0.7221630189074016
SC,horse,0.8,232,198,167,0.8434343434343434,0.7198275862068966,16,5,0.6003684689554634,0.7718862141830044,0.6429454667668282
SC,sheep,0.8,308,335,219,0.6537313432835821,0.711038961038961,79,19,0.5084244535554466,0.6787189376261221,0.5588089854856165
SC,cow,0.8,346,264,210,0.7954545454545454,0.6069364161849711,26,2,0.5553890306566656,0.7105243506597294,0.6285402102795413
SG,person,0.8,8816,8304,6239,0.7513246628131022,0.7076905626134301,2023,25,0.5422665444424883,0.7377903269543891,0.5958157281013772
SG,bicycle,0.8,259,184,135,0.7336956521739131,0.5212355212355212,33,4,0.3504978957379073,0.5695185723426331,0.33683472429868366
SG,car,0.8,1574,1207,972,0.8053024026512013,0.6175349428208387,184,0,0.48922381941316945,0.7087963609555427,0.5399489614476194
SG,motorcycle,0.8,326,261,199,0.7624521072796935,0.6104294478527608,43,0,0.39455463250733835,0.6341497478995853,0.39623857768466414
SG,airplane,0.8,115,103,90,0.8737864077669902,0.782608695652174,9,1,0.6322009833318981,0.8257357480218442,0.6713547653447646
SG,bus,0.8,228,246,183,0.7439024390243902,0.8026315789473685,25,0,0.6516315961365252,0.8220106515887163,0.7177878401855544
SG,train,0.8,165,153,135,0.8823529411764706,0.8181818181818182,9,0,0.6013575049660725,0.8736522747841213,0.6179205091791339
SG,truck,0.8,318,178,129,0.7247191011235955,0.4056603773584906,27,0,0.3359492628161884,0.4768585008039252,0.3645908494572462
SG,boat,0.8,366,181,133,0.7348066298342542,0.3633879781420765,38,7,0.29394621972899226,0.5111559282974981,0.28476238254350683
SG,traffic_light,0.8,530,385,253,0.6571428571428571,0.47735849056603774,129,0,0.2936457538523279,0.5139716642494857,0.3132409951394116
SG,fire_hydrant,0.8,80,80,73,0.9125,0.9125,5,2,0.7525435843275162,0.922023360535047,0.8228838126633258
SG,stop_sign,0.8,68,110,45,0.4090909090909091,0.6617647058823529,65,0,0.5806666758302911,0.6476450515042503,0.6225260061090706
SG,parking_meter,0.8,54,45,16,0.35555555555555557,0.2962962962962963,27,0,0.11609830576737272,0.19269667059027773,0.09936776427127555
SG,bench,0.8,343,353,138,0.3909348441926346,0.40233236151603496,95,114,0.2569948079677761,0.3738472983844679,0.27204761103321656
SG,bird,0.8,311,184,132,0.717391304347826,0.42443729903536975,52,0,0.37388128317849106,0.5226804264186234,0.4048449868147461
SG,cat,0.8,162,183,144,0.7868852459016393,0.8888888888888888,18,6,0.6813618896067202,0.8710073395580757,0.7561263465518127
SG,dog,0.8,174,222,149,0.6711711711711712,0.8563218390804598,10,40,0.6667496000720641,0.8124024814577161,0.7105142710349394
SG,horse,0.8,232,207,172,0.8309178743961353,0.7413793103448276,16,5,0.598875914802206,0.7766171929944347,0.64383641970463
SG,sheep,0.8,308,327,217,0.6636085626911316,0.7045454545454546,81,14,0.49576046961154596,0.662307931115852,0.5429806777896377
SG,cow,0.8,346,371,251,0.6765498652291105,0.7254335260115607,71,10,0.5577729360620511,0.7147923008481151,0.6336995699801296
SCG,person,0.8,8816,8314,6261,0.7530671157084435,0.7101860254083484,2002,31,0.5446585221810907,0.7405519554910585,0.5969914401628147
SCG,bicycle,0.8,259,197,139,0.7055837563451777,0.5366795366795367,37,5,0.34995537954364603,0.5648729711621795,0.33704597338620296
SCG,car,0.8,1574,1272,1005,0.7900943396226415,0.6385006353240152,208,0,0.4908250188309591,0.7104057744038282,0.5424168916267335
SCG,motorcycle,0.8,326,256,193,0.75390625,0.5920245398773006,43,0,0.3866202645581366,0.6215167412366277,0.38382288646201373
SCG,airplane,0.8,115,100,91,0.91,0.7913043478260869,6,0,0.6345079521495913,0.8263877799570505,0.6719858914431838
SCG,bus,0.8,228,211,171,0.8104265402843602,0.75,12,0,0.6379454392764959,0.80704814569541,0.7040323340656348
SCG,train,0.8,165,162,138,0.8518518518518519,0.8363636363636363,12,1,0.5968944013980434,0.8742859330423938,0.6131005928284717
SCG,truck,0.8,318,267,159,0.5955056179775281,0.5,55,1,0.33980879081506765,0.4845335681660512,0.36667438472148123
SCG,boat,0.8,366,208,152,0.7307692307692307,0.41530054644808745,45,7,0.29117411538395765,0.5102971341864263,0.27874404897858046
SCG,traffic_light,0.8,530,416,269,0.6466346153846154,0.5075471698113208,144,0,0.2934352070850262,0.5142254175700367,0.31134422066895456
SCG,fire_hydrant,0.8,80,80,73,0.9125,0.9125,6,1,0.7276346884397464,0.9152329608678262,0.8031286044419087
SCG,stop_sign,0.8,68,62,41,0.6612903225806451,0.6029411764705882,21,0,0.5878978640247253,0.6474013986658388,0.6242200112659366
SCG,parking_meter,0.8,54,39,15,0.38461538461538464,0.2777777777777778,23,0,0.0991142830489265,0.1817646887186834,0.0781487513299825
SCG,bench,0.8,343,211,121,0.5734597156398105,0.35276967930029157,42,46,0.25894944991910873,0.3780596724079521,0.2777689397285394
SCG,bird,0.8,311,189,133,0.7037037037037037,0.42765273311897106,56,0,0.37516721975886014,0.524332792431492,0.4030561209189443
SCG,cat,0.8,162,184,146,0.7934782608695652,0.9012345679012346,15,6,0.6900527881774225,0.8753606047646405,0.76045010560592
SCG,dog,0.8,174,183,137,0.7486338797814208,0.7873563218390804,8,21,0.6532751068484155,0.8060360571597057,0.6904549270449932
SCG,horse,0.8,232,197,169,0.8578680203045685,0.728448275862069,12,4,0.5962061603652692,0.7733351551386135,0.6431555396324931
SCG,sheep,0.8,308,294,202,0.6870748299319728,0.6558441558441559,63,16,0.513810114841938,0.6873125663670959,0.5596951995094966
SCG,cow,0.8,346,272,205,0.7536764705882353,0.5924855491329479,38,4,0.5378627737691133,0.6986141666874122,0.6119613615844168
RF,person,0.7,8816,8300,6261,0.7543373493975903,0.7101860254083484,1987,32,0.5481870914580014,0.7422064748773919,0.5995580198791831
RF,bicycle,0.7,259,196,138,0.7040816326530612,0.5328185328185329,37,5,0.3509077621156357,0.5665043535182865,0.33923930478040687
RF,car,0.7,1574,1255,998,0.7952191235059761,0.6340533672172808,200,0,0.4884673507060723,0.7079976403808135,0.53934987723091
RF,motorcycle,0.7,326,254,192,0.7559055118110236,0.588957055214724,43,0,0.39742410548700485,0.6326316266841058,0.3987489855747074
RF,airplane,0.7,115,101,91,0.900990099009901,0.7913043478260869,6,1,0.6376305421491346,0.828958859251041,0.6746542771895415
RF,bus,0.7,228,219,175,0.7990867579908676,0.7675438596491229,14,0,0.6475910027223711,0.81482688820084,0.7120868227819057
RF,train,0.7,165,163,138,0.8466257668711656,0.8363636363636363,13,1,0.5981881863803883,0.8720542847709666,0.6120072076044248
RF,truck,0.7,318,252,156,0.6190476190476191,0.49056603773584906,49,1,0.3397321216658854,0.48311639138991413,0.3666839254666764
RF,boat,0.7,366,200,146,0.73,0.3989071038251366,43,7,0.29447071158314997,0.5133214237833119,0.28273015499443
RF,traffic_light,0.7,530,404,264,0.6534653465346535,0.4981132075471698,138,0,0.2946770633658987,0.5159216164409774,0.3129461239540186
RF,fire_hydrant,0.7,80,79,73,0.9240506329113924,0.9125,5,1,0.7512559050910292,0.9186320973011387,0.8206896631869988
RF,stop_sign,0.7,68,75,42,0.56,0.6176470588235294,33,0,0.5888093499741721,0.6479337917103345,0.6248613659158596
RF,parking_meter,0.7,54,40,15,0.375,0.2777777777777778,24,0,0.11551767695566548,0.19997601408492488,0.09466724694447465
RF,bench,0.7,343,240,128,0.5333333333333333,0.37317784256559766,44,64,0.2594388243133615,0.3780031051612478,0.2762057396599689
RF,bird,0.7,311,182,132,0.7252747252747253,0.42443729903536975,50,0,0.3751223065307219,0.5249263038140449,0.4025724648713562
RF,cat,0.7,162,187,147,0.786096256684492,0.9074074074074074,17,6,0.6910860227952638,0.876193989451873,0.7619552829752885
RF,dog,0.7,174,194,141,0.7268041237113402,0.8103448275862069,8,27,0.673163360213569,0.8210793166560117,0.715056222466904
RF,horse,0.7,232,198,168,0.8484848484848485,0.7241379310344828,13,4,0.6014731957348675,0.7737362773182592,0.6444952486911071
RF,sheep,0.7,308,299,205,0.68561872909699,0.6655844155844156,64,16,0.514321244007445,0.6876040416075009,0.5599926941702296
RF,cow,0.7,346,286,216,0.7552447552447552,0.6242774566473989,40,5,0.5476405069050512,0.7039697172685031,0.6207085425060055
AP-C,person,0.7,8816,8300,6261,0.7543373493975903,0.7101860254083484,1987,32,0.5481870914580014,0.7422064748773919,0.5995580198791831
AP-C,bicycle,0.7,259,196,138,0.7040816326530612,0.5328185328185329,37,5,0.3509077621156357,0.5665043535182865,0.33923930478040687
AP-C,car,0.7,1574,1255,998,0.7952191235059761,0.6340533672172808,200,0,0.4884673507060723,0.7079976403808135,0.53934987723091
AP-C,motorcycle,0.7,326,254,192,0.7559055118110236,0.588957055214724,43,0,0.39742410548700485,0.6326316266841058,0.3987489855747074
AP-C,airplane,0.7,115,101,91,0.900990099009901,0.7913043478260869,6,1,0.6376305421491346,0.828958859251041,0.6746542771895415
AP-C,bus,0.7,228,219,175,0.7990867579908676,0.7675438596491229,14,0,0.6475910027223711,0.81482688820084,0.7120868227819057
AP-C,train,0.7,165,163,138,0.8466257668711656,0.8363636363636363,13,1,0.5981881863803883,0.8720542847709666,0.6120072076044248
AP-C,truck,0.7,318,252,156,0.6190476190476191,0.49056603773584906,49,1,0.3397321216658854,0.48311639138991413,0.3666839254666764
AP-C,boat,0.7,366,200,146,0.73,0.3989071038251366,43,7,0.29447071158314997,0.5133214237833119,0.28273015499443
AP-C,traffic_light,0.7,530,404,264,0.6534653465346535,0.4981132075471698,138,0,0.2946770633658987,0.5159216164409774,0.3129461239540186
AP-C,fire_hydrant,0.7,80,79,73,0.9240506329113924,0.9125,5,1,0.7512559050910292,0.9186320973011387,0.8206896631869988
AP-C,stop_sign,0.7,68,75,42,0.56,0.6176470588235294,33,0,0.5888093499741721,0.6479337917103345,0.6248613659158596
AP-C,parking_meter,0.7,54,40,15,0.375,0.2777777777777778,24,0,0.11551767695566548,0.19997601408492488,0.09466724694447465
AP-C,bench,0.7,343,240,128,0.5333333333333333,0.37317784256559766,44,64,0.2594388243133615,0.3780031051612478,0.2762057396599689
AP-C,bird,0.7,311,182,132,0.7252747252747253,0.42443729903536975,50,0,0.3751223065307219,0.5249263038140449,0.4025724648713562
AP-C,cat,0.7,162,187,147,0.786096256684492,0.9074074074074074,17,6,0.6910860227952638,0.876193989451873,0.7619552829752885
AP-C,dog,0.7,174,194,141,0.7268041237113402,0.8103448275862069,8,27,0.673163360213569,0.8210793166560117,0.715056222466904
AP-C,horse,0.7,232,198,168,0.8484848484848485,0.7241379310344828,13,4,0.6014731957348675,0.7737362773182592,0.6444952486911071
AP-C,sheep,0.7,308,299,205,0.68561872909699,0.6655844155844156,64,16,0.514321244007445,0.6876040416075009,0.5599926941702296
AP-C,cow,0.7,346,286,216,0.7552447552447552,0.6242774566473989,40,5,0.5476405069050512,0.7039697172685031,0.6207085425060055
