image_id,split,image_path,status,num_detections,error,seconds
lvis_000000000802,calibration,[original project resource: data/public/coco2017/val2017/000000000802.jpg],ok,1,,1.149242639541626
lvis_000000001503,calibration,[original project resource: data/public/coco2017/val2017/000000001503.jpg],ok,1,,0.32399940490722651
lvis_000000001818,calibration,[original project resource: data/public/coco2017/val2017/000000001818.jpg],ok,2,,0.35947990417480469
lvis_000000002149,calibration,[original project resource: data/public/coco2017/val2017/000000002149.jpg],ok,2,,0.3617186546325683
lvis_000000004134,calibration,[original project resource: data/public/coco2017/val2017/000000004134.jpg],empty,0,,0.38197112083435059
lvis_000000005060,calibration,[original project resource: data/public/coco2017/val2017/000000005060.jpg],ok,1,,0.40221929550170898
lvis_000000005600,calibration,[original project resource: data/public/coco2017/val2017/000000005600.jpg],ok,3,,0.41999578475952148
lvis_000000005992,calibration,[original project resource: data/public/coco2017/val2017/000000005992.jpg],ok,1,,0.39666175842285151
lvis_000000006012,calibration,[original project resource: data/public/coco2017/val2017/000000006012.jpg],ok,2,,0.3435368537902832
lvis_000000007088,calibration,[original project resource: data/public/coco2017/val2017/000000007088.jpg],ok,2,,0.34248447418212891
lvis_000000007278,calibration,[original project resource: data/public/coco2017/val2017/000000007278.jpg],ok,2,,0.29565644264221191
lvis_000000007386,calibration,[original project resource: data/public/coco2017/val2017/000000007386.jpg],ok,3,,0.37578845024108881
lvis_000000007511,calibration,[original project resource: data/public/coco2017/val2017/000000007511.jpg],ok,1,,0.33237242698669428
lvis_000000007574,calibration,[original project resource: data/public/coco2017/val2017/000000007574.jpg],ok,1,,0.36957836151123041
lvis_000000007888,calibration,[original project resource: data/public/coco2017/val2017/000000007888.jpg],ok,2,,0.3100285530090332
lvis_000000008690,calibration,[original project resource: data/public/coco2017/val2017/000000008690.jpg],ok,1,,0.37098240852355951
lvis_000000009400,calibration,[original project resource: data/public/coco2017/val2017/000000009400.jpg],empty,0,,0.38766598701477051
lvis_000000009448,calibration,[original project resource: data/public/coco2017/val2017/000000009448.jpg],ok,3,,0.3349912166595459
lvis_000000009590,calibration,[original project resource: data/public/coco2017/val2017/000000009590.jpg],empty,0,,0.35313105583190918
lvis_000000009891,calibration,[original project resource: data/public/coco2017/val2017/000000009891.jpg],ok,1,,0.34691476821899409
lvis_000000010707,calibration,[original project resource: data/public/coco2017/val2017/000000010707.jpg],ok,1,,0.3695454597473144
lvis_000000010995,calibration,[original project resource: data/public/coco2017/val2017/000000010995.jpg],ok,2,,0.32692480087280268
lvis_000000011149,calibration,[original project resource: data/public/coco2017/val2017/000000011149.jpg],ok,3,,0.32499861717224121
lvis_000000011511,calibration,[original project resource: data/public/coco2017/val2017/000000011511.jpg],ok,1,,0.35444974899291992
lvis_000000012576,calibration,[original project resource: data/public/coco2017/val2017/000000012576.jpg],ok,1,,0.36981678009033198
lvis_000000012639,calibration,[original project resource: data/public/coco2017/val2017/000000012639.jpg],ok,3,,0.40300726890563959
lvis_000000012667,calibration,[original project resource: data/public/coco2017/val2017/000000012667.jpg],ok,1,,0.32726645469665527
lvis_000000013004,calibration,[original project resource: data/public/coco2017/val2017/000000013004.jpg],ok,3,,0.37017464637756348
lvis_000000013348,calibration,[original project resource: data/public/coco2017/val2017/000000013348.jpg],ok,1,,0.39016509056091309
lvis_000000013659,calibration,[original project resource: data/public/coco2017/val2017/000000013659.jpg],empty,0,,0.3422081470489502
lvis_000000013729,calibration,[original project resource: data/public/coco2017/val2017/000000013729.jpg],empty,0,,0.35182690620422358
lvis_000000014831,calibration,[original project resource: data/public/coco2017/val2017/000000014831.jpg],ok,3,,0.3285002708435058
lvis_000000015338,calibration,[original project resource: data/public/coco2017/val2017/000000015338.jpg],ok,2,,0.32932734489440918
lvis_000000016502,calibration,[original project resource: data/public/coco2017/val2017/000000016502.jpg],ok,1,,0.3260271549224853
lvis_000000017029,calibration,[original project resource: data/public/coco2017/val2017/000000017029.jpg],ok,2,,0.32225704193115229
lvis_000000017182,calibration,[original project resource: data/public/coco2017/val2017/000000017182.jpg],ok,1,,0.36211919784545898
lvis_000000017714,calibration,[original project resource: data/public/coco2017/val2017/000000017714.jpg],ok,3,,0.33812165260314941
lvis_000000017899,calibration,[original project resource: data/public/coco2017/val2017/000000017899.jpg],empty,0,,0.32562828063964838
lvis_000000017905,calibration,[original project resource: data/public/coco2017/val2017/000000017905.jpg],empty,0,,0.33779549598693848
lvis_000000018519,calibration,[original project resource: data/public/coco2017/val2017/000000018519.jpg],ok,1,,0.3145983219146728
lvis_000000018575,calibration,[original project resource: data/public/coco2017/val2017/000000018575.jpg],ok,1,,0.31463122367858881
lvis_000000018833,calibration,[original project resource: data/public/coco2017/val2017/000000018833.jpg],ok,4,,0.35866975784301758
lvis_000000019042,calibration,[original project resource: data/public/coco2017/val2017/000000019042.jpg],ok,1,,0.4016656875610351
lvis_000000019432,calibration,[original project resource: data/public/coco2017/val2017/000000019432.jpg],ok,1,,0.3331906795501709
lvis_000000020107,calibration,[original project resource: data/public/coco2017/val2017/000000020107.jpg],ok,2,,0.38179111480712891
lvis_000000021167,calibration,[original project resource: data/public/coco2017/val2017/000000021167.jpg],ok,1,,0.3762593269348144
lvis_000000021604,calibration,[original project resource: data/public/coco2017/val2017/000000021604.jpg],ok,1,,0.31836605072021479
lvis_000000021839,calibration,[original project resource: data/public/coco2017/val2017/000000021839.jpg],empty,0,,0.35373640060424799
lvis_000000022479,calibration,[original project resource: data/public/coco2017/val2017/000000022479.jpg],ok,2,,0.30142307281494141
lvis_000000022705,calibration,[original project resource: data/public/coco2017/val2017/000000022705.jpg],ok,2,,0.3311400413513183
lvis_000000022969,calibration,[original project resource: data/public/coco2017/val2017/000000022969.jpg],ok,2,,0.33894920349121088
lvis_000000023034,calibration,[original project resource: data/public/coco2017/val2017/000000023034.jpg],ok,2,,0.38936114311218262
lvis_000000023359,calibration,[original project resource: data/public/coco2017/val2017/000000023359.jpg],ok,1,,0.3695681095123291
lvis_000000023937,calibration,[original project resource: data/public/coco2017/val2017/000000023937.jpg],ok,2,,0.3570399284362793
lvis_000000024610,calibration,[original project resource: data/public/coco2017/val2017/000000024610.jpg],empty,0,,0.32877969741821289
lvis_000000024919,calibration,[original project resource: data/public/coco2017/val2017/000000024919.jpg],ok,2,,0.36033487319946289
lvis_000000025603,calibration,[original project resource: data/public/coco2017/val2017/000000025603.jpg],ok,1,,0.3569271564483642
lvis_000000028285,calibration,[original project resource: data/public/coco2017/val2017/000000028285.jpg],ok,2,,0.39737057685852051
lvis_000000028452,calibration,[original project resource: data/public/coco2017/val2017/000000028452.jpg],ok,1,,0.33288073539733881
lvis_000000028809,calibration,[original project resource: data/public/coco2017/val2017/000000028809.jpg],ok,2,,0.35547804832458491
lvis_000000029393,calibration,[original project resource: data/public/coco2017/val2017/000000029393.jpg],ok,2,,0.3119819164276123
lvis_000000030213,calibration,[original project resource: data/public/coco2017/val2017/000000030213.jpg],empty,0,,0.3844993114471435
lvis_000000030828,calibration,[original project resource: data/public/coco2017/val2017/000000030828.jpg],ok,2,,0.36051034927368159
lvis_000000031217,calibration,[original project resource: data/public/coco2017/val2017/000000031217.jpg],ok,2,,0.35818862915039062
lvis_000000031735,calibration,[original project resource: data/public/coco2017/val2017/000000031735.jpg],ok,1,,0.3402488231658935
lvis_000000031817,calibration,[original project resource: data/public/coco2017/val2017/000000031817.jpg],ok,2,,0.36684775352478027
lvis_000000032817,calibration,[original project resource: data/public/coco2017/val2017/000000032817.jpg],ok,1,,0.3514189720153808
lvis_000000033221,calibration,[original project resource: data/public/coco2017/val2017/000000033221.jpg],ok,1,,0.37424778938293451
lvis_000000033368,calibration,[original project resource: data/public/coco2017/val2017/000000033368.jpg],ok,2,,0.38585519790649409
lvis_000000033707,calibration,[original project resource: data/public/coco2017/val2017/000000033707.jpg],ok,3,,0.28920221328735352
lvis_000000033759,calibration,[original project resource: data/public/coco2017/val2017/000000033759.jpg],ok,2,,0.3603513240814209
lvis_000000033854,calibration,[original project resource: data/public/coco2017/val2017/000000033854.jpg],ok,3,,0.35217809677124018
lvis_000000034205,calibration,[original project resource: data/public/coco2017/val2017/000000034205.jpg],ok,2,,0.3557274341583252
lvis_000000035279,calibration,[original project resource: data/public/coco2017/val2017/000000035279.jpg],ok,1,,0.36642265319824219
lvis_000000035682,calibration,[original project resource: data/public/coco2017/val2017/000000035682.jpg],ok,2,,0.37620925903320312
lvis_000000037689,calibration,[original project resource: data/public/coco2017/val2017/000000037689.jpg],ok,2,,0.368682861328125
lvis_000000037740,calibration,[original project resource: data/public/coco2017/val2017/000000037740.jpg],ok,1,,0.32484602928161621
lvis_000000038210,calibration,[original project resource: data/public/coco2017/val2017/000000038210.jpg],ok,3,,0.35031604766845698
lvis_000000038576,calibration,[original project resource: data/public/coco2017/val2017/000000038576.jpg],ok,1,,0.3735358715057373
lvis_000000039477,calibration,[original project resource: data/public/coco2017/val2017/000000039477.jpg],empty,0,,0.35334229469299311
lvis_000000039670,calibration,[original project resource: data/public/coco2017/val2017/000000039670.jpg],ok,2,,0.3175890445709228
lvis_000000039769,calibration,[original project resource: data/public/coco2017/val2017/000000039769.jpg],ok,2,,0.34830975532531738
lvis_000000041872,calibration,[original project resource: data/public/coco2017/val2017/000000041872.jpg],empty,0,,0.37149810791015619
lvis_000000041888,calibration,[original project resource: data/public/coco2017/val2017/000000041888.jpg],ok,1,,0.3407073020935058
lvis_000000041990,calibration,[original project resource: data/public/coco2017/val2017/000000041990.jpg],ok,2,,0.3552179336547851
lvis_000000042102,calibration,[original project resource: data/public/coco2017/val2017/000000042102.jpg],ok,1,,0.30707216262817377
lvis_000000042178,calibration,[original project resource: data/public/coco2017/val2017/000000042178.jpg],ok,1,,0.36140561103820801
lvis_000000043435,calibration,[original project resource: data/public/coco2017/val2017/000000043435.jpg],ok,1,,0.3175196647644043
lvis_000000043816,calibration,[original project resource: data/public/coco2017/val2017/000000043816.jpg],ok,2,,0.37729406356811518
lvis_000000045596,calibration,[original project resource: data/public/coco2017/val2017/000000045596.jpg],ok,3,,0.39825224876403809
lvis_000000046378,calibration,[original project resource: data/public/coco2017/val2017/000000046378.jpg],ok,1,,0.35990381240844721
lvis_000000047571,calibration,[original project resource: data/public/coco2017/val2017/000000047571.jpg],ok,4,,0.2870335578918457
lvis_000000048396,calibration,[original project resource: data/public/coco2017/val2017/000000048396.jpg],empty,0,,0.3685758113861084
lvis_000000050006,calibration,[original project resource: data/public/coco2017/val2017/000000050006.jpg],ok,5,,0.33789587020874018
lvis_000000050149,calibration,[original project resource: data/public/coco2017/val2017/000000050149.jpg],ok,1,,0.34557175636291498
lvis_000000051314,calibration,[original project resource: data/public/coco2017/val2017/000000051314.jpg],ok,1,,0.34448480606079102
lvis_000000051976,calibration,[original project resource: data/public/coco2017/val2017/000000051976.jpg],ok,1,,0.34991598129272461
lvis_000000052412,calibration,[original project resource: data/public/coco2017/val2017/000000052412.jpg],empty,0,,0.41545510292053223
lvis_000000052413,calibration,[original project resource: data/public/coco2017/val2017/000000052413.jpg],ok,1,,0.34199810028076172
lvis_000000052507,calibration,[original project resource: data/public/coco2017/val2017/000000052507.jpg],ok,1,,0.37221693992614741
lvis_000000000139,test,[original project resource: data/public/coco2017/val2017/000000000139.jpg],empty,0,,0.36329054832458491
lvis_000000000285,test,[original project resource: data/public/coco2017/val2017/000000000285.jpg],ok,3,,0.30661582946777338
lvis_000000000632,test,[original project resource: data/public/coco2017/val2017/000000000632.jpg],ok,1,,0.30354166030883789
lvis_000000000724,test,[original project resource: data/public/coco2017/val2017/000000000724.jpg],ok,1,,0.34729981422424311
lvis_000000000776,test,[original project resource: data/public/coco2017/val2017/000000000776.jpg],ok,2,,0.4079434871673584
lvis_000000000785,test,[original project resource: data/public/coco2017/val2017/000000000785.jpg],ok,4,,0.37546753883361811
lvis_000000000872,test,[original project resource: data/public/coco2017/val2017/000000000872.jpg],empty,0,,0.33857178688049311
lvis_000000000885,test,[original project resource: data/public/coco2017/val2017/000000000885.jpg],ok,2,,0.37503337860107422
lvis_000000001000,test,[original project resource: data/public/coco2017/val2017/000000001000.jpg],empty,0,,0.34749412536621088
lvis_000000001268,test,[original project resource: data/public/coco2017/val2017/000000001268.jpg],ok,1,,0.36072134971618652
lvis_000000001296,test,[original project resource: data/public/coco2017/val2017/000000001296.jpg],ok,2,,0.36923098564147949
lvis_000000001353,test,[original project resource: data/public/coco2017/val2017/000000001353.jpg],ok,2,,0.3381037712097168
lvis_000000001425,test,[original project resource: data/public/coco2017/val2017/000000001425.jpg],ok,3,,0.33056139945983881
lvis_000000001490,test,[original project resource: data/public/coco2017/val2017/000000001490.jpg],ok,2,,0.31762433052062988
lvis_000000001532,test,[original project resource: data/public/coco2017/val2017/000000001532.jpg],empty,0,,0.3459618091583252
lvis_000000001584,test,[original project resource: data/public/coco2017/val2017/000000001584.jpg],ok,2,,0.30402708053588862
lvis_000000001675,test,[original project resource: data/public/coco2017/val2017/000000001675.jpg],ok,1,,0.35309886932373041
lvis_000000001761,test,[original project resource: data/public/coco2017/val2017/000000001761.jpg],ok,2,,0.37523818016052241
lvis_000000001993,test,[original project resource: data/public/coco2017/val2017/000000001993.jpg],ok,1,,0.36019349098205561
lvis_000000002006,test,[original project resource: data/public/coco2017/val2017/000000002006.jpg],ok,2,,0.35926508903503418
lvis_000000002153,test,[original project resource: data/public/coco2017/val2017/000000002153.jpg],empty,0,,0.35150337219238281
lvis_000000002157,test,[original project resource: data/public/coco2017/val2017/000000002157.jpg],ok,3,,0.36614799499511719
lvis_000000002261,test,[original project resource: data/public/coco2017/val2017/000000002261.jpg],ok,1,,0.36459207534790039
lvis_000000002299,test,[original project resource: data/public/coco2017/val2017/000000002299.jpg],ok,1,,0.42083549499511719
lvis_000000002431,test,[original project resource: data/public/coco2017/val2017/000000002431.jpg],ok,2,,0.36104321479797358
lvis_000000002473,test,[original project resource: data/public/coco2017/val2017/000000002473.jpg],ok,1,,0.3903276920318603
lvis_000000002532,test,[original project resource: data/public/coco2017/val2017/000000002532.jpg],ok,2,,0.35788702964782709
lvis_000000002587,test,[original project resource: data/public/coco2017/val2017/000000002587.jpg],ok,3,,0.30974817276000971
lvis_000000002592,test,[original project resource: data/public/coco2017/val2017/000000002592.jpg],ok,1,,0.38114619255065918
lvis_000000002685,test,[original project resource: data/public/coco2017/val2017/000000002685.jpg],empty,0,,0.3512349128723144
lvis_000000002923,test,[original project resource: data/public/coco2017/val2017/000000002923.jpg],ok,1,,0.34192872047424311
lvis_000000003156,test,[original project resource: data/public/coco2017/val2017/000000003156.jpg],ok,1,,0.37480807304382319
lvis_000000003255,test,[original project resource: data/public/coco2017/val2017/000000003255.jpg],ok,2,,0.3806841373443603
lvis_000000003501,test,[original project resource: data/public/coco2017/val2017/000000003501.jpg],ok,2,,0.27867579460144037
lvis_000000003553,test,[original project resource: data/public/coco2017/val2017/000000003553.jpg],ok,3,,0.39502882957458491
lvis_000000003661,test,[original project resource: data/public/coco2017/val2017/000000003661.jpg],ok,2,,0.39834356307983398
lvis_000000003845,test,[original project resource: data/public/coco2017/val2017/000000003845.jpg],ok,3,,0.32751107215881348
lvis_000000003934,test,[original project resource: data/public/coco2017/val2017/000000003934.jpg],ok,2,,0.33870911598205561
lvis_000000004395,test,[original project resource: data/public/coco2017/val2017/000000004395.jpg],ok,1,,0.35921764373779291
lvis_000000004495,test,[original project resource: data/public/coco2017/val2017/000000004495.jpg],ok,1,,0.31962990760803223
lvis_000000004765,test,[original project resource: data/public/coco2017/val2017/000000004765.jpg],ok,5,,0.28040194511413569
lvis_000000004795,test,[original project resource: data/public/coco2017/val2017/000000004795.jpg],ok,2,,0.39559459686279291
lvis_000000005001,test,[original project resource: data/public/coco2017/val2017/000000005001.jpg],empty,0,,0.36203217506408691
lvis_000000005037,test,[original project resource: data/public/coco2017/val2017/000000005037.jpg],ok,1,,0.3638393878936767
lvis_000000005193,test,[original project resource: data/public/coco2017/val2017/000000005193.jpg],empty,0,,0.35869145393371582
lvis_000000005477,test,[original project resource: data/public/coco2017/val2017/000000005477.jpg],ok,1,,0.36374855041503901
lvis_000000005503,test,[original project resource: data/public/coco2017/val2017/000000005503.jpg],ok,2,,0.36506485939025879
lvis_000000005529,test,[original project resource: data/public/coco2017/val2017/000000005529.jpg],ok,3,,0.364525556564331
lvis_000000005586,test,[original project resource: data/public/coco2017/val2017/000000005586.jpg],ok,1,,0.34591364860534668
lvis_000000006040,test,[original project resource: data/public/coco2017/val2017/000000006040.jpg],ok,1,,0.45075130462646479
lvis_000000006213,test,[original project resource: data/public/coco2017/val2017/000000006213.jpg],ok,1,,0.38147497177124018
lvis_000000006460,test,[original project resource: data/public/coco2017/val2017/000000006460.jpg],ok,3,,0.35519838333129877
lvis_000000006471,test,[original project resource: data/public/coco2017/val2017/000000006471.jpg],ok,1,,0.39457845687866211
lvis_000000006614,test,[original project resource: data/public/coco2017/val2017/000000006614.jpg],ok,1,,0.3368222713470459
lvis_000000006723,test,[original project resource: data/public/coco2017/val2017/000000006723.jpg],empty,0,,0.36879444122314448
lvis_000000006763,test,[original project resource: data/public/coco2017/val2017/000000006763.jpg],ok,1,,0.36916160583496088
lvis_000000006771,test,[original project resource: data/public/coco2017/val2017/000000006771.jpg],ok,2,,0.36852645874023438
lvis_000000006818,test,[original project resource: data/public/coco2017/val2017/000000006818.jpg],ok,1,,0.34657120704650879
lvis_000000006894,test,[original project resource: data/public/coco2017/val2017/000000006894.jpg],ok,2,,0.35593318939208979
lvis_000000006954,test,[original project resource: data/public/coco2017/val2017/000000006954.jpg],ok,2,,0.32740664482116699
lvis_000000007108,test,[original project resource: data/public/coco2017/val2017/000000007108.jpg],ok,1,,0.36105489730834961
lvis_000000007281,test,[original project resource: data/public/coco2017/val2017/000000007281.jpg],ok,2,,0.35800337791442871
lvis_000000007784,test,[original project resource: data/public/coco2017/val2017/000000007784.jpg],ok,1,,0.32619047164916992
lvis_000000007795,test,[original project resource: data/public/coco2017/val2017/000000007795.jpg],ok,3,,0.37254214286804199
lvis_000000007816,test,[original project resource: data/public/coco2017/val2017/000000007816.jpg],ok,3,,0.3551111221313476
lvis_000000007818,test,[original project resource: data/public/coco2017/val2017/000000007818.jpg],empty,0,,0.36162853240966791
lvis_000000007977,test,[original project resource: data/public/coco2017/val2017/000000007977.jpg],ok,3,,0.36722397804260248
lvis_000000007991,test,[original project resource: data/public/coco2017/val2017/000000007991.jpg],ok,2,,0.36779642105102539
lvis_000000008021,test,[original project resource: data/public/coco2017/val2017/000000008021.jpg],ok,1,,0.33627700805664062
lvis_000000008211,test,[original project resource: data/public/coco2017/val2017/000000008211.jpg],ok,2,,0.36663007736206049
lvis_000000008277,test,[original project resource: data/public/coco2017/val2017/000000008277.jpg],ok,2,,0.288665771484375
lvis_000000008532,test,[original project resource: data/public/coco2017/val2017/000000008532.jpg],ok,2,,0.37823486328125
lvis_000000008629,test,[original project resource: data/public/coco2017/val2017/000000008629.jpg],ok,3,,0.29181504249572748
lvis_000000008762,test,[original project resource: data/public/coco2017/val2017/000000008762.jpg],empty,0,,0.35065054893493652
lvis_000000008844,test,[original project resource: data/public/coco2017/val2017/000000008844.jpg],ok,2,,0.36857342720031738
lvis_000000008899,test,[original project resource: data/public/coco2017/val2017/000000008899.jpg],empty,0,,0.35578489303588862
lvis_000000009378,test,[original project resource: data/public/coco2017/val2017/000000009378.jpg],ok,2,,0.35167884826660151
lvis_000000009483,test,[original project resource: data/public/coco2017/val2017/000000009483.jpg],empty,0,,0.39490509033203119
lvis_000000009769,test,[original project resource: data/public/coco2017/val2017/000000009769.jpg],ok,1,,0.33336067199707031
lvis_000000009772,test,[original project resource: data/public/coco2017/val2017/000000009772.jpg],ok,1,,0.35027670860290527
lvis_000000009914,test,[original project resource: data/public/coco2017/val2017/000000009914.jpg],ok,2,,0.33457517623901362
lvis_000000010092,test,[original project resource: data/public/coco2017/val2017/000000010092.jpg],ok,1,,0.38157153129577631
lvis_000000010363,test,[original project resource: data/public/coco2017/val2017/000000010363.jpg],ok,1,,0.37858963012695312
lvis_000000010583,test,[original project resource: data/public/coco2017/val2017/000000010583.jpg],ok,4,,0.33037233352661127
lvis_000000010764,test,[original project resource: data/public/coco2017/val2017/000000010764.jpg],ok,2,,0.37388420104980469
lvis_000000010977,test,[original project resource: data/public/coco2017/val2017/000000010977.jpg],ok,1,,0.3373503684997558
lvis_000000011051,test,[original project resource: data/public/coco2017/val2017/000000011051.jpg],ok,2,,0.32632350921630859
lvis_000000011122,test,[original project resource: data/public/coco2017/val2017/000000011122.jpg],ok,1,,0.35537600517272949
lvis_000000011197,test,[original project resource: data/public/coco2017/val2017/000000011197.jpg],empty,0,,0.384911298751831
lvis_000000011615,test,[original project resource: data/public/coco2017/val2017/000000011615.jpg],ok,2,,0.3554837703704834
lvis_000000011699,test,[original project resource: data/public/coco2017/val2017/000000011699.jpg],ok,1,,0.3552238941192627
lvis_000000011760,test,[original project resource: data/public/coco2017/val2017/000000011760.jpg],ok,3,,0.37609696388244629
lvis_000000011813,test,[original project resource: data/public/coco2017/val2017/000000011813.jpg],empty,0,,0.36817812919616699
lvis_000000012062,test,[original project resource: data/public/coco2017/val2017/000000012062.jpg],ok,2,,0.35648703575134277
lvis_000000012120,test,[original project resource: data/public/coco2017/val2017/000000012120.jpg],ok,1,,0.37273836135864258
lvis_000000012280,test,[original project resource: data/public/coco2017/val2017/000000012280.jpg],empty,0,,0.3324825763702392
lvis_000000012670,test,[original project resource: data/public/coco2017/val2017/000000012670.jpg],ok,1,,0.38004827499389648
lvis_000000012748,test,[original project resource: data/public/coco2017/val2017/000000012748.jpg],ok,2,,0.32645297050476069
lvis_000000013177,test,[original project resource: data/public/coco2017/val2017/000000013177.jpg],ok,2,,0.3853614330291748
lvis_000000013201,test,[original project resource: data/public/coco2017/val2017/000000013201.jpg],ok,3,,0.35634374618530268
lvis_000000013291,test,[original project resource: data/public/coco2017/val2017/000000013291.jpg],ok,2,,0.3711092472076416
lvis_000000013546,test,[original project resource: data/public/coco2017/val2017/000000013546.jpg],ok,2,,0.33093404769897461
lvis_000000013597,test,[original project resource: data/public/coco2017/val2017/000000013597.jpg],ok,4,,0.35912728309631348
lvis_000000013774,test,[original project resource: data/public/coco2017/val2017/000000013774.jpg],ok,1,,0.36177825927734369
lvis_000000013923,test,[original project resource: data/public/coco2017/val2017/000000013923.jpg],empty,0,,0.41275310516357422
lvis_000000014007,test,[original project resource: data/public/coco2017/val2017/000000014007.jpg],ok,2,,0.41067337989807129
lvis_000000014038,test,[original project resource: data/public/coco2017/val2017/000000014038.jpg],empty,0,,0.3705143928527832
lvis_000000014226,test,[original project resource: data/public/coco2017/val2017/000000014226.jpg],ok,1,,0.36977386474609369
lvis_000000014380,test,[original project resource: data/public/coco2017/val2017/000000014380.jpg],ok,1,,0.37354612350463862
lvis_000000014439,test,[original project resource: data/public/coco2017/val2017/000000014439.jpg],ok,1,,0.41916608810424799
lvis_000000014473,test,[original project resource: data/public/coco2017/val2017/000000014473.jpg],ok,1,,0.3856043815612793
lvis_000000014888,test,[original project resource: data/public/coco2017/val2017/000000014888.jpg],ok,2,,0.34401154518127441
lvis_000000015079,test,[original project resource: data/public/coco2017/val2017/000000015079.jpg],ok,3,,0.40032148361206049
lvis_000000015254,test,[original project resource: data/public/coco2017/val2017/000000015254.jpg],ok,2,,0.3871240615844726
lvis_000000015272,test,[original project resource: data/public/coco2017/val2017/000000015272.jpg],ok,2,,0.37159562110900879
lvis_000000015278,test,[original project resource: data/public/coco2017/val2017/000000015278.jpg],ok,1,,0.33730530738830561
lvis_000000015335,test,[original project resource: data/public/coco2017/val2017/000000015335.jpg],ok,2,,0.33691215515136719
lvis_000000015440,test,[original project resource: data/public/coco2017/val2017/000000015440.jpg],ok,1,,0.38726472854614258
lvis_000000015497,test,[original project resource: data/public/coco2017/val2017/000000015497.jpg],ok,2,,0.32910823822021479
lvis_000000015517,test,[original project resource: data/public/coco2017/val2017/000000015517.jpg],ok,1,,0.34245872497558588
lvis_000000015597,test,[original project resource: data/public/coco2017/val2017/000000015597.jpg],ok,2,,0.34241247177124018
lvis_000000015660,test,[original project resource: data/public/coco2017/val2017/000000015660.jpg],ok,2,,0.37201929092407221
lvis_000000015746,test,[original project resource: data/public/coco2017/val2017/000000015746.jpg],ok,2,,0.38013100624084473
lvis_000000015751,test,[original project resource: data/public/coco2017/val2017/000000015751.jpg],ok,2,,0.36493515968322748
lvis_000000015956,test,[original project resource: data/public/coco2017/val2017/000000015956.jpg],ok,1,,0.34703564643859858
lvis_000000016010,test,[original project resource: data/public/coco2017/val2017/000000016010.jpg],ok,1,,0.36255288124084473
lvis_000000016228,test,[original project resource: data/public/coco2017/val2017/000000016228.jpg],ok,3,,0.37898898124694819
lvis_000000016249,test,[original project resource: data/public/coco2017/val2017/000000016249.jpg],empty,0,,0.34623599052429199
lvis_000000016439,test,[original project resource: data/public/coco2017/val2017/000000016439.jpg],ok,1,,0.34195709228515619
lvis_000000016451,test,[original project resource: data/public/coco2017/val2017/000000016451.jpg],ok,3,,0.29688596725463862
lvis_000000016598,test,[original project resource: data/public/coco2017/val2017/000000016598.jpg],ok,2,,0.37514066696166992
lvis_000000016958,test,[original project resource: data/public/coco2017/val2017/000000016958.jpg],empty,0,,0.35724282264709473
lvis_000000017031,test,[original project resource: data/public/coco2017/val2017/000000017031.jpg],ok,2,,0.38640975952148438
lvis_000000017115,test,[original project resource: data/public/coco2017/val2017/000000017115.jpg],ok,3,,0.40233278274536127
lvis_000000017178,test,[original project resource: data/public/coco2017/val2017/000000017178.jpg],ok,2,,0.37963342666625971
lvis_000000017207,test,[original project resource: data/public/coco2017/val2017/000000017207.jpg],ok,2,,0.33599305152893061
lvis_000000017379,test,[original project resource: data/public/coco2017/val2017/000000017379.jpg],ok,3,,0.34454798698425287
lvis_000000017436,test,[original project resource: data/public/coco2017/val2017/000000017436.jpg],ok,1,,0.34069347381591791
lvis_000000017627,test,[original project resource: data/public/coco2017/val2017/000000017627.jpg],empty,0,,0.34909319877624512
lvis_000000017959,test,[original project resource: data/public/coco2017/val2017/000000017959.jpg],ok,1,,0.36364889144897461
lvis_000000018150,test,[original project resource: data/public/coco2017/val2017/000000018150.jpg],ok,1,,0.34045171737670898
lvis_000000018193,test,[original project resource: data/public/coco2017/val2017/000000018193.jpg],ok,2,,0.34868812561035151
lvis_000000018380,test,[original project resource: data/public/coco2017/val2017/000000018380.jpg],ok,1,,0.39596152305603027
lvis_000000018491,test,[original project resource: data/public/coco2017/val2017/000000018491.jpg],ok,1,,0.36471700668334961
lvis_000000018737,test,[original project resource: data/public/coco2017/val2017/000000018737.jpg],ok,2,,0.35460853576660151
lvis_000000018770,test,[original project resource: data/public/coco2017/val2017/000000018770.jpg],ok,2,,0.35969018936157221
lvis_000000018837,test,[original project resource: data/public/coco2017/val2017/000000018837.jpg],ok,3,,0.36831378936767578
lvis_000000019109,test,[original project resource: data/public/coco2017/val2017/000000019109.jpg],ok,1,,0.40933799743652338
lvis_000000019221,test,[original project resource: data/public/coco2017/val2017/000000019221.jpg],ok,3,,0.35671567916870112
lvis_000000019402,test,[original project resource: data/public/coco2017/val2017/000000019402.jpg],ok,1,,0.3838346004486084
lvis_000000019742,test,[original project resource: data/public/coco2017/val2017/000000019742.jpg],ok,2,,0.35662674903869629
lvis_000000019786,test,[original project resource: data/public/coco2017/val2017/000000019786.jpg],ok,1,,0.35121393203735352
lvis_000000019924,test,[original project resource: data/public/coco2017/val2017/000000019924.jpg],ok,2,,0.35769867897033691
lvis_000000020059,test,[original project resource: data/public/coco2017/val2017/000000020059.jpg],ok,2,,0.42663359642028809
lvis_000000020247,test,[original project resource: data/public/coco2017/val2017/000000020247.jpg],ok,1,,0.34847784042358398
lvis_000000020333,test,[original project resource: data/public/coco2017/val2017/000000020333.jpg],ok,3,,0.37114548683166498
lvis_000000020553,test,[original project resource: data/public/coco2017/val2017/000000020553.jpg],ok,3,,0.31913924217224121
lvis_000000020571,test,[original project resource: data/public/coco2017/val2017/000000020571.jpg],ok,1,,0.35155200958251948
lvis_000000020992,test,[original project resource: data/public/coco2017/val2017/000000020992.jpg],ok,1,,0.3639154434204101
lvis_000000021465,test,[original project resource: data/public/coco2017/val2017/000000021465.jpg],ok,2,,0.40291523933410639
lvis_000000021503,test,[original project resource: data/public/coco2017/val2017/000000021503.jpg],ok,1,,0.35597562789916992
lvis_000000021879,test,[original project resource: data/public/coco2017/val2017/000000021879.jpg],ok,3,,0.39240121841430659
lvis_000000021903,test,[original project resource: data/public/coco2017/val2017/000000021903.jpg],ok,1,,0.34187221527099609
lvis_000000022192,test,[original project resource: data/public/coco2017/val2017/000000022192.jpg],ok,1,,0.37540721893310541
lvis_000000022371,test,[original project resource: data/public/coco2017/val2017/000000022371.jpg],ok,2,,0.35069012641906738
lvis_000000022396,test,[original project resource: data/public/coco2017/val2017/000000022396.jpg],ok,1,,0.33409643173217768
lvis_000000022589,test,[original project resource: data/public/coco2017/val2017/000000022589.jpg],ok,2,,0.31320500373840332
lvis_000000022623,test,[original project resource: data/public/coco2017/val2017/000000022623.jpg],ok,2,,0.36650538444519037
lvis_000000022755,test,[original project resource: data/public/coco2017/val2017/000000022755.jpg],ok,3,,0.3596959114074707
lvis_000000022892,test,[original project resource: data/public/coco2017/val2017/000000022892.jpg],ok,3,,0.3516170978546142
lvis_000000022935,test,[original project resource: data/public/coco2017/val2017/000000022935.jpg],ok,2,,0.33420181274414062
lvis_000000023023,test,[original project resource: data/public/coco2017/val2017/000000023023.jpg],ok,1,,0.33495593070983881
lvis_000000023126,test,[original project resource: data/public/coco2017/val2017/000000023126.jpg],ok,1,,0.37846970558166498
lvis_000000023230,test,[original project resource: data/public/coco2017/val2017/000000023230.jpg],ok,4,,0.3426969051361084
lvis_000000023272,test,[original project resource: data/public/coco2017/val2017/000000023272.jpg],ok,1,,0.36569905281066889
lvis_000000023666,test,[original project resource: data/public/coco2017/val2017/000000023666.jpg],ok,1,,0.33643746376037598
lvis_000000023751,test,[original project resource: data/public/coco2017/val2017/000000023751.jpg],ok,1,,0.39562892913818359
lvis_000000023781,test,[original project resource: data/public/coco2017/val2017/000000023781.jpg],ok,1,,0.3776094913482666
lvis_000000023899,test,[original project resource: data/public/coco2017/val2017/000000023899.jpg],ok,1,,0.38378715515136719
lvis_000000024021,test,[original project resource: data/public/coco2017/val2017/000000024021.jpg],ok,1,,0.45253086090087891
lvis_000000024027,test,[original project resource: data/public/coco2017/val2017/000000024027.jpg],ok,1,,0.3741381168365478
lvis_000000024144,test,[original project resource: data/public/coco2017/val2017/000000024144.jpg],ok,4,,0.35039806365966791
lvis_000000024243,test,[original project resource: data/public/coco2017/val2017/000000024243.jpg],ok,2,,0.3954613208770752
lvis_000000024567,test,[original project resource: data/public/coco2017/val2017/000000024567.jpg],ok,2,,0.39094901084899902
lvis_000000025057,test,[original project resource: data/public/coco2017/val2017/000000025057.jpg],ok,1,,0.38872003555297852
lvis_000000025096,test,[original project resource: data/public/coco2017/val2017/000000025096.jpg],ok,1,,0.34203577041625971
lvis_000000025139,test,[original project resource: data/public/coco2017/val2017/000000025139.jpg],ok,2,,0.38781523704528809
lvis_000000025181,test,[original project resource: data/public/coco2017/val2017/000000025181.jpg],ok,1,,0.3922970294952392
lvis_000000025228,test,[original project resource: data/public/coco2017/val2017/000000025228.jpg],ok,2,,0.36957216262817377
lvis_000000025386,test,[original project resource: data/public/coco2017/val2017/000000025386.jpg],ok,1,,0.39508199691772461
lvis_000000025393,test,[original project resource: data/public/coco2017/val2017/000000025393.jpg],empty,0,,0.32167744636535639
lvis_000000025394,test,[original project resource: data/public/coco2017/val2017/000000025394.jpg],empty,0,,0.48656296730041498
lvis_000000025424,test,[original project resource: data/public/coco2017/val2017/000000025424.jpg],ok,3,,0.3551640510559082
lvis_000000025560,test,[original project resource: data/public/coco2017/val2017/000000025560.jpg],ok,1,,0.36302614212036127
lvis_000000025593,test,[original project resource: data/public/coco2017/val2017/000000025593.jpg],ok,2,,0.35396909713745112
lvis_000000025986,test,[original project resource: data/public/coco2017/val2017/000000025986.jpg],ok,1,,0.34494113922119141
lvis_000000026204,test,[original project resource: data/public/coco2017/val2017/000000026204.jpg],ok,1,,0.40558457374572748
lvis_000000026465,test,[original project resource: data/public/coco2017/val2017/000000026465.jpg],ok,2,,0.38480329513549799
lvis_000000026564,test,[original project resource: data/public/coco2017/val2017/000000026564.jpg],empty,0,,0.3615267276763916
lvis_000000026690,test,[original project resource: data/public/coco2017/val2017/000000026690.jpg],ok,2,,0.38194990158081049
lvis_000000026926,test,[original project resource: data/public/coco2017/val2017/000000026926.jpg],ok,2,,0.37859129905700678
lvis_000000026941,test,[original project resource: data/public/coco2017/val2017/000000026941.jpg],ok,2,,0.40469479560852051
lvis_000000027186,test,[original project resource: data/public/coco2017/val2017/000000027186.jpg],ok,2,,0.3488919734954834
lvis_000000027620,test,[original project resource: data/public/coco2017/val2017/000000027620.jpg],ok,1,,0.33357143402099609
lvis_000000027696,test,[original project resource: data/public/coco2017/val2017/000000027696.jpg],ok,4,,0.40458917617797852
lvis_000000027768,test,[original project resource: data/public/coco2017/val2017/000000027768.jpg],ok,2,,0.31505227088928223
lvis_000000027932,test,[original project resource: data/public/coco2017/val2017/000000027932.jpg],ok,3,,0.296630859375
lvis_000000027972,test,[original project resource: data/public/coco2017/val2017/000000027972.jpg],ok,1,,0.38396024703979492
lvis_000000027982,test,[original project resource: data/public/coco2017/val2017/000000027982.jpg],ok,1,,0.37630820274353027
lvis_000000028449,test,[original project resource: data/public/coco2017/val2017/000000028449.jpg],ok,3,,0.39108991622924799
lvis_000000028993,test,[original project resource: data/public/coco2017/val2017/000000028993.jpg],ok,1,,0.28989028930664062
lvis_000000029187,test,[original project resource: data/public/coco2017/val2017/000000029187.jpg],ok,2,,0.34715461730957031
lvis_000000029397,test,[original project resource: data/public/coco2017/val2017/000000029397.jpg],ok,2,,0.3821861743927002
lvis_000000029596,test,[original project resource: data/public/coco2017/val2017/000000029596.jpg],empty,0,,0.41555643081665039
lvis_000000029640,test,[original project resource: data/public/coco2017/val2017/000000029640.jpg],ok,3,,0.4030907154083252
lvis_000000029675,test,[original project resource: data/public/coco2017/val2017/000000029675.jpg],ok,2,,0.36977577209472651
lvis_000000029984,test,[original project resource: data/public/coco2017/val2017/000000029984.jpg],ok,2,,0.3491606712341308
lvis_000000030494,test,[original project resource: data/public/coco2017/val2017/000000030494.jpg],ok,1,,0.34457087516784668
lvis_000000030504,test,[original project resource: data/public/coco2017/val2017/000000030504.jpg],ok,3,,0.34245204925537109
lvis_000000030675,test,[original project resource: data/public/coco2017/val2017/000000030675.jpg],ok,1,,0.40762758255004877
lvis_000000030785,test,[original project resource: data/public/coco2017/val2017/000000030785.jpg],ok,3,,0.35917305946350098
lvis_000000031050,test,[original project resource: data/public/coco2017/val2017/000000031050.jpg],empty,0,,0.34567975997924799
lvis_000000031093,test,[original project resource: data/public/coco2017/val2017/000000031093.jpg],ok,2,,0.3944945335388183
lvis_000000031118,test,[original project resource: data/public/coco2017/val2017/000000031118.jpg],empty,0,,0.40019607543945312
lvis_000000031248,test,[original project resource: data/public/coco2017/val2017/000000031248.jpg],empty,0,,0.3707127571105957
lvis_000000031269,test,[original project resource: data/public/coco2017/val2017/000000031269.jpg],ok,2,,0.32371068000793451
lvis_000000031296,test,[original project resource: data/public/coco2017/val2017/000000031296.jpg],empty,0,,0.41218686103820801
lvis_000000031322,test,[original project resource: data/public/coco2017/val2017/000000031322.jpg],empty,0,,0.42001032829284668
lvis_000000031620,test,[original project resource: data/public/coco2017/val2017/000000031620.jpg],empty,0,,0.3692710399627685
lvis_000000031749,test,[original project resource: data/public/coco2017/val2017/000000031749.jpg],ok,2,,0.28365206718444819
lvis_000000032038,test,[original project resource: data/public/coco2017/val2017/000000032038.jpg],ok,1,,0.3659911155700683
lvis_000000032081,test,[original project resource: data/public/coco2017/val2017/000000032081.jpg],ok,2,,0.3252346515655517
lvis_000000032285,test,[original project resource: data/public/coco2017/val2017/000000032285.jpg],empty,0,,0.42229962348937988
lvis_000000032334,test,[original project resource: data/public/coco2017/val2017/000000032334.jpg],ok,1,,0.37127327919006348
lvis_000000032570,test,[original project resource: data/public/coco2017/val2017/000000032570.jpg],ok,3,,0.37220883369445801
lvis_000000032610,test,[original project resource: data/public/coco2017/val2017/000000032610.jpg],ok,1,,0.37687587738037109
lvis_000000032735,test,[original project resource: data/public/coco2017/val2017/000000032735.jpg],ok,4,,0.38939356803894037
lvis_000000032811,test,[original project resource: data/public/coco2017/val2017/000000032811.jpg],ok,2,,0.34248757362365723
lvis_000000032861,test,[original project resource: data/public/coco2017/val2017/000000032861.jpg],ok,1,,0.36103034019470209
lvis_000000032887,test,[original project resource: data/public/coco2017/val2017/000000032887.jpg],empty,0,,0.33372187614440918
lvis_000000032901,test,[original project resource: data/public/coco2017/val2017/000000032901.jpg],ok,1,,0.31122803688049311
lvis_000000032941,test,[original project resource: data/public/coco2017/val2017/000000032941.jpg],empty,0,,0.4058384895324707
lvis_000000033005,test,[original project resource: data/public/coco2017/val2017/000000033005.jpg],ok,1,,0.3947749137878418
lvis_000000033104,test,[original project resource: data/public/coco2017/val2017/000000033104.jpg],ok,1,,0.3265612125396728
lvis_000000033109,test,[original project resource: data/public/coco2017/val2017/000000033109.jpg],ok,1,,0.33096098899841309
lvis_000000033114,test,[original project resource: data/public/coco2017/val2017/000000033114.jpg],ok,1,,0.3242571353912353
lvis_000000033638,test,[original project resource: data/public/coco2017/val2017/000000033638.jpg],ok,2,,0.44788622856140131
lvis_000000034071,test,[original project resource: data/public/coco2017/val2017/000000034071.jpg],ok,2,,0.38574004173278809
lvis_000000034139,test,[original project resource: data/public/coco2017/val2017/000000034139.jpg],ok,2,,0.3375847339630127
lvis_000000034257,test,[original project resource: data/public/coco2017/val2017/000000034257.jpg],ok,2,,0.4258360862731933
lvis_000000034417,test,[original project resource: data/public/coco2017/val2017/000000034417.jpg],ok,1,,0.36667442321777338
lvis_000000034452,test,[original project resource: data/public/coco2017/val2017/000000034452.jpg],ok,3,,0.3440706729888916
lvis_000000034760,test,[original project resource: data/public/coco2017/val2017/000000034760.jpg],ok,1,,0.38267898559570312
lvis_000000034873,test,[original project resource: data/public/coco2017/val2017/000000034873.jpg],empty,0,,0.3419122695922851
lvis_000000035062,test,[original project resource: data/public/coco2017/val2017/000000035062.jpg],ok,2,,0.37924575805664062
lvis_000000035197,test,[original project resource: data/public/coco2017/val2017/000000035197.jpg],ok,2,,0.37530112266540527
lvis_000000035326,test,[original project resource: data/public/coco2017/val2017/000000035326.jpg],ok,2,,0.36105966567993159
lvis_000000035770,test,[original project resource: data/public/coco2017/val2017/000000035770.jpg],ok,1,,0.36470293998718262
lvis_000000035963,test,[original project resource: data/public/coco2017/val2017/000000035963.jpg],ok,1,,0.35116481781005859
lvis_000000036494,test,[original project resource: data/public/coco2017/val2017/000000036494.jpg],ok,1,,0.37973618507385248
lvis_000000036539,test,[original project resource: data/public/coco2017/val2017/000000036539.jpg],ok,2,,0.38951706886291498
lvis_000000036660,test,[original project resource: data/public/coco2017/val2017/000000036660.jpg],ok,2,,0.40400457382202148
lvis_000000036678,test,[original project resource: data/public/coco2017/val2017/000000036678.jpg],ok,2,,0.37347507476806641
lvis_000000036844,test,[original project resource: data/public/coco2017/val2017/000000036844.jpg],ok,1,,0.378875732421875
lvis_000000036861,test,[original project resource: data/public/coco2017/val2017/000000036861.jpg],empty,0,,0.35004878044128418
lvis_000000036936,test,[original project resource: data/public/coco2017/val2017/000000036936.jpg],ok,1,,0.39450192451477051
lvis_000000037670,test,[original project resource: data/public/coco2017/val2017/000000037670.jpg],empty,0,,0.33652734756469721
lvis_000000037751,test,[original project resource: data/public/coco2017/val2017/000000037751.jpg],ok,2,,0.3432464599609375
lvis_000000037777,test,[original project resource: data/public/coco2017/val2017/000000037777.jpg],empty,0,,0.40192031860351562
lvis_000000037988,test,[original project resource: data/public/coco2017/val2017/000000037988.jpg],ok,2,,0.37972187995910639
lvis_000000038048,test,[original project resource: data/public/coco2017/val2017/000000038048.jpg],ok,1,,0.41126585006713862
lvis_000000038070,test,[original project resource: data/public/coco2017/val2017/000000038070.jpg],ok,1,,0.35259580612182612
lvis_000000038118,test,[original project resource: data/public/coco2017/val2017/000000038118.jpg],ok,3,,0.38790297508239741
lvis_000000038678,test,[original project resource: data/public/coco2017/val2017/000000038678.jpg],ok,2,,0.4057004451751709
lvis_000000038825,test,[original project resource: data/public/coco2017/val2017/000000038825.jpg],ok,1,,0.39390301704406738
lvis_000000038829,test,[original project resource: data/public/coco2017/val2017/000000038829.jpg],ok,2,,0.40118598937988281
lvis_000000039405,test,[original project resource: data/public/coco2017/val2017/000000039405.jpg],ok,2,,0.38165974617004389
lvis_000000039480,test,[original project resource: data/public/coco2017/val2017/000000039480.jpg],ok,2,,0.37906241416931152
lvis_000000039484,test,[original project resource: data/public/coco2017/val2017/000000039484.jpg],empty,0,,0.38142943382263178
lvis_000000039551,test,[original project resource: data/public/coco2017/val2017/000000039551.jpg],ok,2,,0.3632509708404541
lvis_000000039785,test,[original project resource: data/public/coco2017/val2017/000000039785.jpg],ok,2,,0.34103560447692871
lvis_000000039914,test,[original project resource: data/public/coco2017/val2017/000000039914.jpg],ok,1,,0.37855982780456537
lvis_000000039951,test,[original project resource: data/public/coco2017/val2017/000000039951.jpg],ok,1,,0.3466026782989502
lvis_000000039956,test,[original project resource: data/public/coco2017/val2017/000000039956.jpg],ok,1,,0.39492273330688471
lvis_000000040036,test,[original project resource: data/public/coco2017/val2017/000000040036.jpg],ok,2,,0.36008262634277338
lvis_000000040083,test,[original project resource: data/public/coco2017/val2017/000000040083.jpg],empty,0,,0.38878178596496582
lvis_000000040471,test,[original project resource: data/public/coco2017/val2017/000000040471.jpg],empty,0,,0.39416170120239258
lvis_000000040757,test,[original project resource: data/public/coco2017/val2017/000000040757.jpg],ok,1,,0.37011384963989258
lvis_000000041488,test,[original project resource: data/public/coco2017/val2017/000000041488.jpg],ok,1,,0.38257503509521479
lvis_000000041633,test,[original project resource: data/public/coco2017/val2017/000000041633.jpg],ok,2,,0.37942147254943848
lvis_000000041635,test,[original project resource: data/public/coco2017/val2017/000000041635.jpg],ok,3,,0.32996892929077148
lvis_000000042070,test,[original project resource: data/public/coco2017/val2017/000000042070.jpg],ok,2,,0.33103728294372559
lvis_000000042276,test,[original project resource: data/public/coco2017/val2017/000000042276.jpg],ok,1,,0.41153430938720698
lvis_000000042296,test,[original project resource: data/public/coco2017/val2017/000000042296.jpg],ok,2,,0.3943641185760498
lvis_000000042528,test,[original project resource: data/public/coco2017/val2017/000000042528.jpg],ok,1,,0.34331893920898438
lvis_000000042563,test,[original project resource: data/public/coco2017/val2017/000000042563.jpg],ok,1,,0.36018872261047358
lvis_000000042628,test,[original project resource: data/public/coco2017/val2017/000000042628.jpg],ok,1,,0.3867485523223877
lvis_000000042888,test,[original project resource: data/public/coco2017/val2017/000000042888.jpg],ok,1,,0.37231254577636719
lvis_000000042889,test,[original project resource: data/public/coco2017/val2017/000000042889.jpg],ok,2,,0.34134411811828608
lvis_000000043314,test,[original project resource: data/public/coco2017/val2017/000000043314.jpg],ok,1,,0.36738181114196777
