image_id,det_id,risk_label_tp,risk_error_type
lvis_000000000802,lvis_000000000802_comma_separated_gdino_000000,0,unknown_false_accept
lvis_000000001503,lvis_000000001503_comma_separated_gdino_000001,0,background_false_accept
lvis_000000001818,lvis_000000001818_comma_separated_gdino_000002,0,unknown_false_accept
lvis_000000002149,lvis_000000002149_comma_separated_gdino_000004,0,unknown_false_accept
lvis_000000005060,lvis_000000005060_comma_separated_gdino_000006,0,background_false_accept
lvis_000000005600,lvis_000000005600_comma_separated_gdino_000007,0,background_false_accept
lvis_000000005992,lvis_000000005992_comma_separated_gdino_000010,0,wrong_known_class_or_duplicate
lvis_000000006012,lvis_000000006012_comma_separated_gdino_000011,0,background_false_accept
lvis_000000006012,lvis_000000006012_comma_separated_gdino_000012,0,background_false_accept
lvis_000000007088,lvis_000000007088_comma_separated_gdino_000013,0,unknown_false_accept
lvis_000000007088,lvis_000000007088_comma_separated_gdino_000014,0,unknown_false_accept
lvis_000000007278,lvis_000000007278_comma_separated_gdino_000015,0,unknown_false_accept
lvis_000000007278,lvis_000000007278_comma_separated_gdino_000016,0,wrong_known_class_or_duplicate
lvis_000000007386,lvis_000000007386_comma_separated_gdino_000017,0,wrong_known_class_or_duplicate
lvis_000000007386,lvis_000000007386_comma_separated_gdino_000018,1,known_tp
lvis_000000007386,lvis_000000007386_comma_separated_gdino_000019,0,wrong_known_class_or_duplicate
lvis_000000007511,lvis_000000007511_comma_separated_gdino_000020,0,unknown_false_accept
lvis_000000007574,lvis_000000007574_comma_separated_gdino_000021,0,background_false_accept
lvis_000000007888,lvis_000000007888_comma_separated_gdino_000022,0,background_false_accept
lvis_000000007888,lvis_000000007888_comma_separated_gdino_000023,0,background_false_accept
lvis_000000008690,lvis_000000008690_comma_separated_gdino_000024,0,wrong_known_class_or_duplicate
lvis_000000009448,lvis_000000009448_comma_separated_gdino_000025,0,unknown_false_accept
lvis_000000009448,lvis_000000009448_comma_separated_gdino_000026,0,unknown_false_accept
lvis_000000009448,lvis_000000009448_comma_separated_gdino_000027,0,wrong_known_class_or_duplicate
lvis_000000009891,lvis_000000009891_comma_separated_gdino_000028,0,background_false_accept
lvis_000000010707,lvis_000000010707_comma_separated_gdino_000029,0,background_false_accept
lvis_000000010995,lvis_000000010995_comma_separated_gdino_000030,0,unknown_false_accept
lvis_000000011149,lvis_000000011149_comma_separated_gdino_000032,0,wrong_known_class_or_duplicate
lvis_000000011149,lvis_000000011149_comma_separated_gdino_000033,0,wrong_known_class_or_duplicate
lvis_000000011149,lvis_000000011149_comma_separated_gdino_000034,0,wrong_known_class_or_duplicate
lvis_000000011511,lvis_000000011511_comma_separated_gdino_000035,0,background_false_accept
lvis_000000012576,lvis_000000012576_comma_separated_gdino_000036,0,unknown_false_accept
lvis_000000012639,lvis_000000012639_comma_separated_gdino_000037,0,unknown_false_accept
lvis_000000012639,lvis_000000012639_comma_separated_gdino_000038,0,wrong_known_class_or_duplicate
lvis_000000012639,lvis_000000012639_comma_separated_gdino_000039,0,wrong_known_class_or_duplicate
lvis_000000012667,lvis_000000012667_comma_separated_gdino_000040,0,background_false_accept
lvis_000000013004,lvis_000000013004_comma_separated_gdino_000041,0,unknown_false_accept
lvis_000000013004,lvis_000000013004_comma_separated_gdino_000042,0,unknown_false_accept
lvis_000000013348,lvis_000000013348_comma_separated_gdino_000044,1,known_tp
lvis_000000014831,lvis_000000014831_comma_separated_gdino_000045,0,wrong_known_class_or_duplicate
lvis_000000014831,lvis_000000014831_comma_separated_gdino_000047,0,wrong_known_class_or_duplicate
lvis_000000015338,lvis_000000015338_comma_separated_gdino_000048,0,wrong_known_class_or_duplicate
lvis_000000015338,lvis_000000015338_comma_separated_gdino_000049,0,wrong_known_class_or_duplicate
lvis_000000016502,lvis_000000016502_comma_separated_gdino_000050,0,wrong_known_class_or_duplicate
lvis_000000017029,lvis_000000017029_comma_separated_gdino_000051,0,unknown_false_accept
lvis_000000017029,lvis_000000017029_comma_separated_gdino_000052,0,wrong_known_class_or_duplicate
lvis_000000017182,lvis_000000017182_comma_separated_gdino_000053,0,background_false_accept
lvis_000000017714,lvis_000000017714_comma_separated_gdino_000054,0,unknown_false_accept
lvis_000000018519,lvis_000000018519_comma_separated_gdino_000057,0,wrong_known_class_or_duplicate
lvis_000000018575,lvis_000000018575_comma_separated_gdino_000058,0,unknown_false_accept
lvis_000000018833,lvis_000000018833_comma_separated_gdino_000059,0,background_false_accept
lvis_000000018833,lvis_000000018833_comma_separated_gdino_000060,0,background_false_accept
lvis_000000018833,lvis_000000018833_comma_separated_gdino_000061,0,background_false_accept
lvis_000000018833,lvis_000000018833_comma_separated_gdino_000062,0,background_false_accept
lvis_000000019042,lvis_000000019042_comma_separated_gdino_000063,0,background_false_accept
lvis_000000019432,lvis_000000019432_comma_separated_gdino_000064,0,unknown_false_accept
lvis_000000020107,lvis_000000020107_comma_separated_gdino_000065,0,wrong_known_class_or_duplicate
lvis_000000020107,lvis_000000020107_comma_separated_gdino_000066,0,wrong_known_class_or_duplicate
lvis_000000021167,lvis_000000021167_comma_separated_gdino_000067,0,wrong_known_class_or_duplicate
lvis_000000021604,lvis_000000021604_comma_separated_gdino_000068,0,wrong_known_class_or_duplicate
lvis_000000022479,lvis_000000022479_comma_separated_gdino_000069,0,unknown_false_accept
lvis_000000022479,lvis_000000022479_comma_separated_gdino_000070,0,unknown_false_accept
lvis_000000022705,lvis_000000022705_comma_separated_gdino_000071,0,unknown_false_accept
lvis_000000022705,lvis_000000022705_comma_separated_gdino_000072,0,unknown_false_accept
lvis_000000022969,lvis_000000022969_comma_separated_gdino_000073,0,unknown_false_accept
lvis_000000022969,lvis_000000022969_comma_separated_gdino_000074,0,unknown_false_accept
lvis_000000023034,lvis_000000023034_comma_separated_gdino_000075,0,wrong_known_class_or_duplicate
lvis_000000023034,lvis_000000023034_comma_separated_gdino_000076,0,wrong_known_class_or_duplicate
lvis_000000023359,lvis_000000023359_comma_separated_gdino_000077,0,unknown_false_accept
lvis_000000023937,lvis_000000023937_comma_separated_gdino_000078,0,wrong_known_class_or_duplicate
lvis_000000023937,lvis_000000023937_comma_separated_gdino_000079,0,wrong_known_class_or_duplicate
lvis_000000024919,lvis_000000024919_comma_separated_gdino_000080,0,unknown_false_accept
lvis_000000024919,lvis_000000024919_comma_separated_gdino_000081,0,unknown_false_accept
lvis_000000025603,lvis_000000025603_comma_separated_gdino_000082,0,unknown_false_accept
lvis_000000028285,lvis_000000028285_comma_separated_gdino_000084,0,background_false_accept
lvis_000000028285,lvis_000000028285_comma_separated_gdino_000083,0,background_false_accept
lvis_000000028452,lvis_000000028452_comma_separated_gdino_000085,0,unknown_false_accept
lvis_000000028809,lvis_000000028809_comma_separated_gdino_000086,0,background_false_accept
lvis_000000029393,lvis_000000029393_comma_separated_gdino_000088,0,wrong_known_class_or_duplicate
lvis_000000029393,lvis_000000029393_comma_separated_gdino_000089,0,background_false_accept
lvis_000000030828,lvis_000000030828_comma_separated_gdino_000090,0,wrong_known_class_or_duplicate
lvis_000000030828,lvis_000000030828_comma_separated_gdino_000091,0,wrong_known_class_or_duplicate
lvis_000000031217,lvis_000000031217_comma_separated_gdino_000092,0,unknown_false_accept
lvis_000000031217,lvis_000000031217_comma_separated_gdino_000093,0,wrong_known_class_or_duplicate
lvis_000000031735,lvis_000000031735_comma_separated_gdino_000094,0,unknown_false_accept
lvis_000000031817,lvis_000000031817_comma_separated_gdino_000095,0,wrong_known_class_or_duplicate
lvis_000000032817,lvis_000000032817_comma_separated_gdino_000097,0,unknown_false_accept
lvis_000000033221,lvis_000000033221_comma_separated_gdino_000098,0,unknown_false_accept
lvis_000000033368,lvis_000000033368_comma_separated_gdino_000099,0,unknown_false_accept
lvis_000000033368,lvis_000000033368_comma_separated_gdino_000100,0,wrong_known_class_or_duplicate
lvis_000000033707,lvis_000000033707_comma_separated_gdino_000101,0,unknown_false_accept
lvis_000000033707,lvis_000000033707_comma_separated_gdino_000102,0,unknown_false_accept
lvis_000000033707,lvis_000000033707_comma_separated_gdino_000103,0,unknown_false_accept
lvis_000000033759,lvis_000000033759_comma_separated_gdino_000104,0,unknown_false_accept
lvis_000000033759,lvis_000000033759_comma_separated_gdino_000105,0,wrong_known_class_or_duplicate
lvis_000000033854,lvis_000000033854_comma_separated_gdino_000106,0,wrong_known_class_or_duplicate
lvis_000000033854,lvis_000000033854_comma_separated_gdino_000107,0,wrong_known_class_or_duplicate
lvis_000000033854,lvis_000000033854_comma_separated_gdino_000108,0,wrong_known_class_or_duplicate
lvis_000000034205,lvis_000000034205_comma_separated_gdino_000109,0,background_false_accept
lvis_000000035279,lvis_000000035279_comma_separated_gdino_000111,0,background_false_accept
lvis_000000035682,lvis_000000035682_comma_separated_gdino_000112,0,unknown_false_accept
lvis_000000035682,lvis_000000035682_comma_separated_gdino_000113,0,unknown_false_accept
lvis_000000037689,lvis_000000037689_comma_separated_gdino_000114,0,unknown_false_accept
lvis_000000037689,lvis_000000037689_comma_separated_gdino_000115,0,wrong_known_class_or_duplicate
lvis_000000037740,lvis_000000037740_comma_separated_gdino_000116,0,background_false_accept
lvis_000000038210,lvis_000000038210_comma_separated_gdino_000117,0,unknown_false_accept
lvis_000000038210,lvis_000000038210_comma_separated_gdino_000119,0,wrong_known_class_or_duplicate
lvis_000000038210,lvis_000000038210_comma_separated_gdino_000118,0,unknown_false_accept
lvis_000000038576,lvis_000000038576_comma_separated_gdino_000120,0,background_false_accept
lvis_000000039670,lvis_000000039670_comma_separated_gdino_000121,0,wrong_known_class_or_duplicate
lvis_000000039670,lvis_000000039670_comma_separated_gdino_000122,1,known_tp
lvis_000000039769,lvis_000000039769_comma_separated_gdino_000123,0,unknown_false_accept
lvis_000000039769,lvis_000000039769_comma_separated_gdino_000124,0,unknown_false_accept
lvis_000000041888,lvis_000000041888_comma_separated_gdino_000125,0,wrong_known_class_or_duplicate
lvis_000000041990,lvis_000000041990_comma_separated_gdino_000127,0,wrong_known_class_or_duplicate
lvis_000000041990,lvis_000000041990_comma_separated_gdino_000126,0,wrong_known_class_or_duplicate
lvis_000000042102,lvis_000000042102_comma_separated_gdino_000128,0,wrong_known_class_or_duplicate
lvis_000000042178,lvis_000000042178_comma_separated_gdino_000129,0,background_false_accept
lvis_000000043435,lvis_000000043435_comma_separated_gdino_000130,0,unknown_false_accept
lvis_000000043816,lvis_000000043816_comma_separated_gdino_000131,0,wrong_known_class_or_duplicate
lvis_000000043816,lvis_000000043816_comma_separated_gdino_000132,0,unknown_false_accept
lvis_000000045596,lvis_000000045596_comma_separated_gdino_000133,0,unknown_false_accept
lvis_000000045596,lvis_000000045596_comma_separated_gdino_000134,0,background_false_accept
lvis_000000045596,lvis_000000045596_comma_separated_gdino_000135,0,wrong_known_class_or_duplicate
lvis_000000046378,lvis_000000046378_comma_separated_gdino_000136,0,wrong_known_class_or_duplicate
lvis_000000047571,lvis_000000047571_comma_separated_gdino_000137,0,background_false_accept
lvis_000000047571,lvis_000000047571_comma_separated_gdino_000138,0,wrong_known_class_or_duplicate
lvis_000000047571,lvis_000000047571_comma_separated_gdino_000140,0,background_false_accept
lvis_000000050006,lvis_000000050006_comma_separated_gdino_000141,0,wrong_known_class_or_duplicate
lvis_000000050006,lvis_000000050006_comma_separated_gdino_000142,0,background_false_accept
lvis_000000050006,lvis_000000050006_comma_separated_gdino_000143,0,wrong_known_class_or_duplicate
lvis_000000050006,lvis_000000050006_comma_separated_gdino_000145,0,wrong_known_class_or_duplicate
lvis_000000050149,lvis_000000050149_comma_separated_gdino_000146,0,background_false_accept
lvis_000000051314,lvis_000000051314_comma_separated_gdino_000147,0,unknown_false_accept
lvis_000000051976,lvis_000000051976_comma_separated_gdino_000148,0,unknown_false_accept
lvis_000000052413,lvis_000000052413_comma_separated_gdino_000149,0,unknown_false_accept
lvis_000000052507,lvis_000000052507_comma_separated_gdino_000150,0,unknown_false_accept
