dataset,comparison,metric,n_boot,mean_difference,median_difference,CI_low,CI_high,positive_fraction,negative_fraction,zero_fraction,point_difference
coco_yolo,SCG minus SC,precision_recall_unknown_balanced_score,1000,0.00010840353723006101,0.0001379317770610622,-0.0021088262581669182,0.0021930958542699937,0.547,0.453,0.0,0.0001494034503991548
coco_yolo,SCG minus SC,known_precision,1000,0.00035701264160377535,0.0003113772841465967,-0.0036394348629935265,0.004437566669079942,0.565,0.435,0.0,0.0004167172088035409
coco_yolo,SCG minus SC,known_recall,1000,-0.0007869954828332656,-0.0007843966801625024,-0.003940313384608341,0.002278886688921782,0.311,0.675,0.014,-0.0007445008460236213
coco_yolo,SCG minus SC,unknown_false_accept_objects,1000,-23.839,-24.0,-40.025,-8.0,0.0,0.999,0.001,-24.0
coco_yolo,SCG minus SC,background_false_accept_count,1000,15.123,16.5,-54.0,78.0,0.667,0.324,0.009,15.0
coco_yolo,RF minus Raw,precision_recall_unknown_balanced_score,1000,0.006042538717153106,0.0060471057725798305,0.0038418024618797455,0.008263332829211907,1.0,0.0,0.0,0.006044098109776019
coco_yolo,RF minus Raw,known_precision,1000,0.010354816328990072,0.01041748779122137,0.006279965078468006,0.014613579356705682,1.0,0.0,0.0,0.010317250730315197
coco_yolo,RF minus Raw,known_recall,1000,0.0011766868703520532,0.0011917007230232146,-0.0019744310659199544,0.004401036422611117,0.775,0.216,0.009,0.0012182741116751883
coco_yolo,RF minus Raw,unknown_false_accept_objects,1000,-123.18,-123.0,-149.0,-98.0,0.0,1.0,0.0,-123.0
coco_yolo,RF minus Raw,background_false_accept_count,1000,-47.908,-48.5,-107.025,12.0,0.054,0.938,0.008,-47.0
coco_yolo,AP-C minus Raw,precision_recall_unknown_balanced_score,1000,0.006042538717153106,0.0060471057725798305,0.0038418024618797455,0.008263332829211907,1.0,0.0,0.0,0.006044098109776019
coco_yolo,AP-C minus Raw,known_precision,1000,0.010354816328990072,0.01041748779122137,0.006279965078468006,0.014613579356705682,1.0,0.0,0.0,0.010317250730315197
coco_yolo,AP-C minus Raw,known_recall,1000,0.0011766868703520532,0.0011917007230232146,-0.0019744310659199544,0.004401036422611117,0.775,0.216,0.009,0.0012182741116751883
coco_yolo,AP-C minus Raw,unknown_false_accept_objects,1000,-123.18,-123.0,-149.0,-98.0,0.0,1.0,0.0,-123.0
coco_yolo,AP-C minus Raw,background_false_accept_count,1000,-47.908,-48.5,-107.025,12.0,0.054,0.938,0.008,-47.0
coco_yolo,RF minus SC-family,precision_recall_unknown_balanced_score,1000,-0.00015683420550261328,-0.00013458027126472816,-0.002157580008278359,0.0016921326769807536,0.447,0.553,0.0,-0.00014441783266516683
coco_yolo,RF minus SC-family,known_precision,1000,0.00028468130091037616,0.00028186765893944976,-0.0034339194453005123,0.00405522768350283,0.553,0.447,0.0,0.00030332338295901984
coco_yolo,RF minus SC-family,known_recall,1000,-0.0003532768129424154,-0.00034405642566104344,-0.0030441081531154103,0.002267043772578575,0.4,0.587,0.013,-0.00033840947546526223
coco_yolo,RF minus SC-family,unknown_false_accept_objects,1000,7.052,7.0,-7.0,22.0,0.827,0.135,0.038,7.0
coco_yolo,RF minus SC-family,background_false_accept_count,1000,-5.432,-4.0,-66.025,51.0,0.434,0.553,0.013,-5.0
coco_yolo,RF minus Original-additive-RF,precision_recall_unknown_balanced_score,1000,0.0002529017503835502,0.0002683482582803709,-0.0012884343193065224,0.001853110624733688,0.612,0.388,0.0,0.00022939519954601195
coco_yolo,RF minus Original-additive-RF,known_precision,1000,0.001695168370384036,0.0016811220003349892,-0.0011068468635219598,0.004492216811338423,0.875,0.125,0.0,0.001685600403898757
coco_yolo,RF minus Original-additive-RF,known_recall,1000,-0.0006432505693031108,-0.0006206255418142459,-0.0027613589317741966,0.0016960951025133863,0.261,0.716,0.023,-0.0006768189509306355
coco_yolo,RF minus Original-additive-RF,unknown_false_accept_objects,1000,4.894,5.0,-6.0,18.0,0.76,0.196,0.044,5.0
coco_yolo,RF minus Original-additive-RF,background_false_accept_count,1000,-46.058,-45.0,-91.07499999999999,-3.9750000000000227,0.019,0.981,0.0,-46.0
