dataset,method,split,threshold,score_col,num_known_gt,num_unknown_gt,num_accepted_detections,tp_known,fp_known,fn_known,known_precision,known_recall,unknown_false_accept_objects,unknown_reject_rate_object_level,open_set_hscore_object_level,precision_recall_unknown_balanced_score,background_false_accept_count,AP50,AP55,AP60,AP65,AP70,AP75,AP80,AP85,AP90,AP95,AP,inner_seed,selection_setting
coco_yolo,Raw,calibration,0.3,raw_score,3471,3922,3011,2263,748,1208,0.7515775489870475,0.6519734946701239,53,0.9864864864864864,0.7850823937554207,0.7735870556061988,625,0.6812417878942949,0.6601593868939666,0.6353110631802297,0.6130628929825259,0.5776885411154034,0.5363208931379845,0.4849700883167037,0.4049352512980287,0.2778577093088663,0.1216326140642258,0.4993180228192229,0,1000fit_same1000selection
coco_yolo,Raw,test,0.3,raw_score,14775,14613,13283,9808,3475,4967,0.73838741248212,0.663824027072758,299,0.9795387668514336,0.7913546190643498,0.7728742612972317,2875,0.6599016090405979,0.6447419297408199,0.6213957604052117,0.5971006818145772,0.5631294352303062,0.5177350180140551,0.4640142905866765,0.3918020971924354,0.2871405449132506,0.1125188293429998,0.4859480196280931,0,1000fit_same1000selection
coco_yolo,RF,calibration,0.7,geometry_alpha_0p800,3471,3922,3005,2294,711,1177,0.7633943427620632,0.6609046384327283,30,0.9923508414074452,0.7934034177248936,0.7831416369848714,621,0.6940949315805476,0.6714797040809091,0.645757498530178,0.6228981612137063,0.5867958968625605,0.5438795837111735,0.4903702991844764,0.4107266300209889,0.2788231581083252,0.1213513534235824,0.5066177216716448,0,1000fit_same1000selection
coco_yolo,RF,test,0.7,geometry_alpha_0p800,14775,14613,13124,9826,3298,4949,0.7487046632124352,0.6650423011844332,176,0.98795592965168,0.7949584853360934,0.7789183594070077,2828,0.6604797106835744,0.6451354794508429,0.6214552939960651,0.5972052066250693,0.5637453633435633,0.51796045854222,0.4640857794087346,0.3920360830115551,0.2866287894967395,0.1088200005189802,0.4857552165077344,0,1000fit_same1000selection
coco_yolo,AP-C,calibration,0.7,geometry_alpha_0p800,3471,3922,3005,2294,711,1177,0.7633943427620632,0.6609046384327283,30,0.9923508414074452,0.7934034177248936,0.7831416369848714,621,0.6940949315805476,0.6714797040809091,0.645757498530178,0.6228981612137063,0.5867958968625605,0.5438795837111735,0.4903702991844764,0.4107266300209889,0.2788231581083252,0.1213513534235824,0.5066177216716448,0,1000fit_same1000selection
coco_yolo,AP-C,test,0.7,geometry_alpha_0p800,14775,14613,13124,9826,3298,4949,0.7487046632124352,0.6650423011844332,176,0.98795592965168,0.7949584853360934,0.7789183594070077,2828,0.6604797106835744,0.6451354794508429,0.6214552939960651,0.5972052066250693,0.5637453633435633,0.51796045854222,0.4640857794087346,0.3920360830115551,0.2866287894967395,0.1088200005189802,0.4857552165077344,0,1000fit_same1000selection
coco_yolo,SC,calibration,0.8,SC,3471,3922,3006,2284,722,1187,0.7598137059214903,0.6580236243157591,30,0.9923508414074452,0.7913238005285981,0.7805340064013896,625,0.6812417878942949,0.6601593868939666,0.6353110631802297,0.6130628929825259,0.5776885411154034,0.5363208931379845,0.4849700883167037,0.4049352512980287,0.2778577093088663,0.1216326140642258,0.4993180228192229,0,1000fit_same1000selection
coco_yolo,SC,test,0.8,SC,14775,14613,13136,9831,3305,4944,0.7484013398294762,0.6653807106598985,169,0.9884349551768972,0.7953553307090169,0.7790627772396729,2833,0.6599016090405979,0.6447419297408199,0.6213957604052117,0.5971006818145772,0.5631294352303062,0.5177350180140551,0.4640142905866765,0.3918020971924354,0.2871405449132506,0.1125188293429998,0.4859480196280931,0,1000fit_same1000selection
coco_yolo,SCG,calibration,0.8,SCG,3471,3922,3009,2293,716,1178,0.7620471917580591,0.6606165370210314,28,0.9928607853136155,0.7933586325958873,0.7826394500644622,629,0.6917392943939735,0.6678448652422071,0.6428967369081919,0.6200017346850806,0.5822320512431671,0.5391135891005473,0.4840467944878638,0.4039491154741086,0.2698410618581351,0.1129975826872857,0.5014662826080561,0,1000fit_same1000selection
coco_yolo,SCG,test,0.8,SCG,14775,14613,13114,9820,3294,4955,0.7488180570382797,0.6646362098138748,145,0.9900773284062137,0.7953536703185283,0.779212180690072,2848,0.6570787742060162,0.6416254588600133,0.6177746937150648,0.5932864474034281,0.559150264588155,0.5129099112703351,0.4590047613008006,0.3848981508168793,0.2774328674798597,0.0997364405672178,0.4802897770207769,0,1000fit_same1000selection
coco_yolo,SG,calibration,0.8,SG,3471,3922,3013,2267,746,1204,0.7524062396282775,0.6531259003169115,39,0.9900560938296789,0.7870476672093655,0.7751514549520252,649,0.6838449516134016,0.6623801220341063,0.6379962886667719,0.6154782405912209,0.5813639660729795,0.5410343151062552,0.4879634706491134,0.4093378960076659,0.2738471787210146,0.1161844121084395,0.5009430841570969,0,1000fit_same1000selection
coco_yolo,SG,test,0.8,SG,14775,14613,13284,9805,3479,4970,0.7381059921710328,0.6636209813874788,235,0.9839184287962772,0.7926352587222006,0.7735851356110731,2960,0.65848299146523,0.643319697396935,0.6201380682407145,0.5960296022028192,0.5627142738557854,0.5173661399667373,0.4637062556821562,0.3894783681077995,0.2817624740298367,0.0999919691314575,0.4832989840079471,0,1000fit_same1000selection
