vocabulary,contrast,delta_B,ci_low,ci_high
original20,SCG-SC,0.0002491249190245,-0.002008927805403,0.0024865152745787
original20,SCG_RF-SC_RF,-5.122205121010914e-05,-0.0019777830741967,0.0019147739349392
voc20,SCG-SC,0.0029429851884724,0.0001638371141928,0.0055435732229734
voc20,SCG_RF-SC_RF,0.0025198743798151,-0.0001460448613321,0.0052870303005638
random20_seed611,SCG-SC,-0.001671943848255,-0.0071986391226738,0.0035617609456481
random20_seed611,SCG_RF-SC_RF,-0.001671943848255,-0.0071986391226738,0.0035617609456481
random20_seed612,SCG-SC,-0.0034838776248082,-0.0102800794010294,0.0034282581593894
random20_seed612,SCG_RF-SC_RF,0.0024488955062252,-0.0030049262922607,0.0084679885604803
random20_seed613,SCG-SC,-0.0020281794089151,-0.0067860489921611,0.0028189687526724
random20_seed613,SCG_RF-SC_RF,0.0034090310086752,-0.0010129850585495,0.0077951237394579
