score_family,bin_index,candidate_count,known_tp_count,empirical_known_tp_rate,mean_score,target,threshold_applied
raw_score,1,10050,30,0.0029850746268656717,0.001151043291351898,exact revised known TP under corresponding full score ordering,False
raw_score,2,10050,29,0.0028855721393034827,0.0015519228439073304,exact revised known TP under corresponding full score ordering,False
raw_score,3,10050,48,0.004776119402985075,0.002164947676463049,exact revised known TP under corresponding full score ordering,False
raw_score,4,10050,56,0.005572139303482587,0.003139580710656632,exact revised known TP under corresponding full score ordering,False
raw_score,5,10050,95,0.00945273631840796,0.004824244469330036,exact revised known TP under corresponding full score ordering,False
raw_score,6,10050,94,0.009353233830845771,0.008207672039158037,exact revised known TP under corresponding full score ordering,False
raw_score,7,10050,219,0.021791044776119404,0.01673071381279184,exact revised known TP under corresponding full score ordering,False
raw_score,8,10049,609,0.06060304507911235,0.04960615329032172,exact revised known TP under corresponding full score ordering,False
raw_score,9,10049,2785,0.27714200417952034,0.24447962735506276,exact revised known TP under corresponding full score ordering,False
raw_score,10,10049,8343,0.8302318638670515,0.7712813151251654,exact revised known TP under corresponding full score ordering,False
GORC_SCG_score,1,10050,19,0.001890547263681592,0.006848543835374208,exact revised known TP under corresponding full score ordering,False
GORC_SCG_score,2,10050,27,0.0026865671641791043,0.01675078713856653,exact revised known TP under corresponding full score ordering,False
GORC_SCG_score,3,10050,43,0.00427860696517413,0.027423673218403614,exact revised known TP under corresponding full score ordering,False
GORC_SCG_score,4,10050,66,0.006567164179104477,0.040610342442634485,exact revised known TP under corresponding full score ordering,False
GORC_SCG_score,5,10050,88,0.008756218905472637,0.05733696132999256,exact revised known TP under corresponding full score ordering,False
GORC_SCG_score,6,10050,121,0.012039800995024875,0.08475779686036593,exact revised known TP under corresponding full score ordering,False
GORC_SCG_score,7,10050,216,0.021492537313432834,0.1394885580856258,exact revised known TP under corresponding full score ordering,False
GORC_SCG_score,8,10049,539,0.053637177828639665,0.2861513835066394,exact revised known TP under corresponding full score ordering,False
GORC_SCG_score,9,10049,2777,0.27634590506518064,0.6875144498650654,exact revised known TP under corresponding full score ordering,False
GORC_SCG_score,10,10049,8412,0.8370982187282316,0.9777436328800699,exact revised known TP under corresponding full score ordering,False
GORC_RF_selected_score,1,10050,20,0.001990049751243781,0.005992662988101186,exact revised known TP under corresponding full score ordering,False
GORC_RF_selected_score,2,10050,26,0.0025870646766169153,0.014023034192994437,exact revised known TP under corresponding full score ordering,False
GORC_RF_selected_score,3,10050,37,0.003681592039800995,0.022705532169539046,exact revised known TP under corresponding full score ordering,False
GORC_RF_selected_score,4,10050,67,0.006666666666666667,0.03339836932621038,exact revised known TP under corresponding full score ordering,False
GORC_RF_selected_score,5,10050,86,0.00855721393034826,0.04709736546874487,exact revised known TP under corresponding full score ordering,False
GORC_RF_selected_score,6,10050,127,0.01263681592039801,0.06980125146695373,exact revised known TP under corresponding full score ordering,False
GORC_RF_selected_score,7,10050,213,0.021194029850746268,0.11534834522645956,exact revised known TP under corresponding full score ordering,False
GORC_RF_selected_score,8,10049,536,0.053338640660762264,0.23908543118944228,exact revised known TP under corresponding full score ordering,False
GORC_RF_selected_score,9,10049,2774,0.2760473678973032,0.5978728822036908,exact revised known TP under corresponding full score ordering,False
GORC_RF_selected_score,10,10049,8422,0.8380933426211563,0.935003250392202,exact revised known TP under corresponding full score ordering,False
GORC_APC_selected_score,1,10050,20,0.001990049751243781,0.005992662988101186,exact revised known TP under corresponding full score ordering,False
GORC_APC_selected_score,2,10050,26,0.0025870646766169153,0.014023034192994437,exact revised known TP under corresponding full score ordering,False
GORC_APC_selected_score,3,10050,37,0.003681592039800995,0.022705532169539046,exact revised known TP under corresponding full score ordering,False
GORC_APC_selected_score,4,10050,67,0.006666666666666667,0.03339836932621038,exact revised known TP under corresponding full score ordering,False
GORC_APC_selected_score,5,10050,86,0.00855721393034826,0.04709736546874487,exact revised known TP under corresponding full score ordering,False
GORC_APC_selected_score,6,10050,127,0.01263681592039801,0.06980125146695373,exact revised known TP under corresponding full score ordering,False
GORC_APC_selected_score,7,10050,213,0.021194029850746268,0.11534834522645956,exact revised known TP under corresponding full score ordering,False
GORC_APC_selected_score,8,10049,536,0.053338640660762264,0.23908543118944228,exact revised known TP under corresponding full score ordering,False
GORC_APC_selected_score,9,10049,2774,0.2760473678973032,0.5978728822036908,exact revised known TP under corresponding full score ordering,False
GORC_APC_selected_score,10,10049,8422,0.8380933426211563,0.935003250392202,exact revised known TP under corresponding full score ordering,False
