seed,comparison,precision_recall_unknown_balanced_score,known_precision,known_recall,unknown_false_accept_objects,background_false_accept_count,AP,AP50,AP75
101,SCG minus SC,-0.00047173327790273056,0.0030559749081060517,-0.0035286791669549844,-4.0,-56.0,-0.009261436442753068,-0.004314922965082624,-0.0070796905073938765
101,RF minus Raw,0.005719834364835141,0.010535616792128444,0.0,-138.0,-37.0,-0.009261436442753068,-0.004314922965082624,-0.0070796905073938765
101,AP-C minus Raw,0.005719834364835141,0.010535616792128444,0.0,-138.0,-37.0,-0.009261436442753068,-0.004314922965082624,-0.0070796905073938765
101,RF minus SC-family,-0.00047173327790273056,0.0030559749081060517,-0.0035286791669549844,-4.0,-56.0,-0.009261436442753068,-0.004314922965082624,-0.0070796905073938765
202,SCG minus SC,0.0020998313783714417,0.006153730276492686,-0.00034470872113068207,0.0,-93.0,-0.008266938916844269,-0.005353440578359514,-0.006447823189136059
202,RF minus Raw,0.004989022837504908,0.00432156216128976,0.003309203722854148,-138.0,112.0,-0.008266938916844269,-0.005353440578359514,-0.006447823189136059
202,AP-C minus Raw,0.004989022837504908,0.00432156216128976,0.003309203722854148,-138.0,112.0,-0.008266938916844269,-0.005353440578359514,-0.006447823189136059
202,RF minus SC-family,0.0020998313783714417,0.006153730276492686,-0.00034470872113068207,0.0,-93.0,-0.008266938916844269,-0.005353440578359514,-0.006447823189136059
303,SCG minus SC,0.0008204930659264642,0.0011165497924880974,0.0008184422316191986,-3.0,-1.0,-0.009863253361423407,-0.007516320855369796,-0.00776130341793968
303,RF minus Raw,0.0059888332249737886,-0.0005652268835379948,0.009684899740826647,-134.0,210.0,-0.009863253361423407,-0.007516320855369796,-0.00776130341793968
303,AP-C minus Raw,0.0059888332249737886,-0.0005652268835379948,0.009684899740826647,-134.0,210.0,-0.009863253361423407,-0.007516320855369796,-0.00776130341793968
303,RF minus SC-family,0.0008204930659264642,0.0011165497924880974,0.0008184422316191986,-3.0,-1.0,-0.009863253361423407,-0.007516320855369796,-0.00776130341793968
404,SCG minus SC,-0.0012331113102090896,-0.0023390489965894323,-0.0013714599190838284,-18.0,63.0,-0.006609811700053259,-0.002870170636186442,-0.004281455754231445
404,RF minus Raw,0.009046178007367844,0.031349408233641296,-0.013440307207021829,-205.0,-423.0,-0.006609811700053259,-0.002870170636186442,-0.004281455754231445
404,AP-C minus Raw,0.009046178007367844,0.031349408233641296,-0.013440307207021829,-205.0,-423.0,-0.006609811700053259,-0.002870170636186442,-0.004281455754231445
404,RF minus SC-family,-0.0012331113102090896,-0.0023390489965894323,-0.0013714599190838284,-18.0,63.0,-0.006609811700053259,-0.002870170636186442,-0.004281455754231445
505,SCG minus SC,-0.0025969628982791537,-0.0048170140093295455,-0.001865413845516084,4.0,63.0,-0.00864772636565131,-0.007450298410144662,-0.006710510902297462
505,RF minus Raw,0.00287435965909677,0.01951259024127483,-0.013126986320298517,-157.0,-211.0,-0.00864772636565131,-0.007450298410144662,-0.006710510902297462
505,AP-C minus Raw,0.00287435965909677,0.01951259024127483,-0.013126986320298517,-157.0,-211.0,-0.00864772636565131,-0.007450298410144662,-0.006710510902297462
505,RF minus SC-family,-0.0025969628982791537,-0.0048170140093295455,-0.001865413845516084,4.0,63.0,-0.00864772636565131,-0.007450298410144662,-0.006710510902297462
