class_name,iou_threshold,AP,num_gt,num_det
person,0.5,0.7277374464997051,1033,5114
person,0.55,0.7037707599413816,1033,5114
person,0.6,0.6761760269726554,1033,5114
person,0.65,0.6448844142103778,1033,5114
person,0.7,0.6143859986351475,1033,5114
person,0.75,0.5759027349708763,1033,5114
person,0.8,0.5051636156283964,1033,5114
person,0.85,0.4119613482848708,1033,5114
person,0.9,0.2822122619252413,1033,5114
person,0.95,0.10314478532836277,1033,5114
bicycle,0.5,0.7901127612761278,23,261
bicycle,0.55,0.7240507622190789,23,261
bicycle,0.6,0.5659808659437372,23,261
bicycle,0.65,0.5210128109585153,23,261
bicycle,0.7,0.4805484580716136,23,261
bicycle,0.75,0.3920044651523975,23,261
bicycle,0.8,0.3920044651523975,23,261
bicycle,0.85,0.30825082508250823,23,261
bicycle,0.9,0.21244695898161248,23,261
bicycle,0.95,0.20650636492220656,23,261
car,0.5,0.6263730236623047,173,1473
car,0.55,0.6010666299279436,173,1473
car,0.6,0.5832916783070139,173,1473
car,0.65,0.5481206884955679,173,1473
car,0.7,0.5272190373395831,173,1473
car,0.75,0.4746992649846965,173,1473
car,0.8,0.4125382498005732,173,1473
car,0.85,0.32407415488266456,173,1473
car,0.9,0.24429738799094153,173,1473
car,0.95,0.03600080820076888,173,1473
motorcycle,0.5,0.6926606946408927,21,143
motorcycle,0.55,0.6726183542724022,21,143
motorcycle,0.6,0.6726183542724022,21,143
motorcycle,0.65,0.6726183542724022,21,143
motorcycle,0.7,0.6726183542724022,21,143
motorcycle,0.75,0.6726183542724022,21,143
motorcycle,0.8,0.6498939179632249,21,143
motorcycle,0.85,0.45650636492220653,21,143
motorcycle,0.9,0.41920084865629414,21,143
motorcycle,0.95,0.09264497878359264,21,143
airplane,0.5,0.8204207920792077,19,99
airplane,0.55,0.8204207920792077,19,99
airplane,0.6,0.8204207920792077,19,99
airplane,0.65,0.8204207920792077,19,99
airplane,0.7,0.8204207920792077,19,99
airplane,0.75,0.75,19,99
airplane,0.8,0.75,19,99
airplane,0.85,0.6627475247524752,19,99
airplane,0.9,0.4757425742574257,19,99
airplane,0.95,0.25123762376237624,19,99
bus,0.5,0.8744583196780876,33,246
bus,0.55,0.8744583196780876,33,246
bus,0.6,0.8744583196780876,33,246
bus,0.65,0.8669722052129827,33,246
bus,0.7,0.8669722052129827,33,246
bus,0.75,0.8151356738354276,33,246
bus,0.8,0.7755230571570351,33,246
bus,0.85,0.6302008645425075,33,246
bus,0.9,0.5071038494360454,33,246
bus,0.95,0.13761733316188762,33,246
train,0.5,0.7993269915226818,9,92
train,0.55,0.7993269915226818,9,92
train,0.6,0.6887788778877889,9,92
train,0.65,0.5399339933993399,9,92
train,0.7,0.46974697469746973,9,92
train,0.75,0.29427942794279416,9,92
train,0.8,0.29427942794279416,9,92
train,0.85,0.29427942794279416,9,92
train,0.9,0.22772277227722768,9,92
train,0.95,0.1188118811881188,9,92
truck,0.5,0.4118015914160764,42,336
truck,0.55,0.40885313480570956,42,336
truck,0.6,0.39942411600149635,42,336
truck,0.65,0.3936677264090488,42,336
truck,0.7,0.37668843475712865,42,336
truck,0.75,0.37668843475712865,42,336
truck,0.8,0.37668843475712865,42,336
truck,0.85,0.3432447002397651,42,336
truck,0.9,0.25281768778381597,42,336
truck,0.95,0.01697312588401697,42,336
boat,0.5,0.6001246323993008,34,347
boat,0.55,0.5027433557368983,34,347
boat,0.6,0.4819091540439681,34,347
boat,0.65,0.47679634768136475,34,347
boat,0.7,0.386668541312589,34,347
boat,0.75,0.28430401863715793,34,347
boat,0.8,0.21741812642802738,34,347
boat,0.85,0.19517136329017515,34,347
boat,0.9,0.12621477532368622,34,347
boat,0.95,0.03326732673267327,34,347
traffic_light,0.5,0.7530676646876253,47,659
traffic_light,0.55,0.7204600313280846,47,659
traffic_light,0.6,0.6636867835676551,47,659
traffic_light,0.65,0.6611785327425725,47,659
traffic_light,0.7,0.6057129388591028,47,659
traffic_light,0.75,0.5006964002095776,47,659
traffic_light,0.8,0.3798620076810377,47,659
traffic_light,0.85,0.19859640264296086,47,659
traffic_light,0.9,0.060238007606428674,47,659
traffic_light,0.95,0.009000900090009001,47,659
fire_hydrant,0.5,0.7646471604707639,11,97
fire_hydrant,0.55,0.7646471604707639,11,97
fire_hydrant,0.6,0.7646471604707639,11,97
fire_hydrant,0.65,0.7646471604707639,11,97
fire_hydrant,0.7,0.7379039790771531,11,97
fire_hydrant,0.75,0.7227722772277227,11,97
fire_hydrant,0.8,0.7227722772277227,11,97
fire_hydrant,0.85,0.45544554455445546,11,97
fire_hydrant,0.9,0.27722772277227725,11,97
fire_hydrant,0.95,0.0,11,97
stop_sign,0.5,0.7566006600660067,4,167
stop_sign,0.55,0.7566006600660067,4,167
stop_sign,0.6,0.7566006600660067,4,167
stop_sign,0.65,0.7566006600660067,4,167
stop_sign,0.7,0.43069306930693085,4,167
stop_sign,0.75,0.43069306930693085,4,167
stop_sign,0.8,0.43069306930693085,4,167
stop_sign,0.85,0.43069306930693085,4,167
stop_sign,0.9,0.0,4,167
stop_sign,0.95,0.0,4,167
parking_meter,0.5,0.801980198019802,4,165
parking_meter,0.55,0.801980198019802,4,165
parking_meter,0.6,0.801980198019802,4,165
parking_meter,0.65,0.801980198019802,4,165
parking_meter,0.7,0.801980198019802,4,165
parking_meter,0.75,0.801980198019802,4,165
parking_meter,0.8,0.801980198019802,4,165
parking_meter,0.85,0.801980198019802,4,165
parking_meter,0.9,0.37376237623762376,4,165
parking_meter,0.95,0.33663366336633654,4,165
bench,0.5,0.4273648821814391,33,1497
bench,0.55,0.4027179745499442,33,1497
bench,0.6,0.4027179745499442,33,1497
bench,0.65,0.3451097225985267,33,1497
bench,0.7,0.31023883620355713,33,1497
bench,0.75,0.31023883620355713,33,1497
bench,0.8,0.2903608776728025,33,1497
bench,0.85,0.21516234369992657,33,1497
bench,0.9,0.14542939635507754,33,1497
bench,0.95,0.004597011168419092,33,1497
bird,0.5,0.4079166953414856,96,614
bird,0.55,0.3890743535109307,96,614
bird,0.6,0.3777960986810632,96,614
bird,0.65,0.358416930936088,96,614
bird,0.7,0.28721314961220334,96,614
bird,0.75,0.2628357952055961,96,614
bird,0.8,0.22801170855385947,96,614
bird,0.85,0.1790416763842349,96,614
bird,0.9,0.11898491219021944,96,614
bird,0.95,0.06557503227306356,96,614
cat,0.5,0.8649935508713457,23,149
cat,0.55,0.8649935508713457,23,149
cat,0.6,0.8649935508713457,23,149
cat,0.65,0.8007995660118931,23,149
cat,0.7,0.7714632990518634,23,149
cat,0.75,0.7714632990518634,23,149
cat,0.8,0.7230206761998815,23,149
cat,0.85,0.5867412828239346,23,149
cat,0.9,0.5056452032911694,23,149
cat,0.95,0.3615057157889702,23,149
dog,0.5,0.6884609338840795,32,185
dog,0.55,0.6884609338840795,32,185
dog,0.6,0.6884609338840795,32,185
dog,0.65,0.6752785646726455,32,185
dog,0.7,0.6752785646726455,32,185
dog,0.75,0.6579226329217355,32,185
dog,0.8,0.6147711563513698,32,185
dog,0.85,0.5431851717756435,32,185
dog,0.9,0.4582050814546293,32,185
dog,0.95,0.29540527736984223,32,185
horse,0.5,0.9216477203275882,23,118
horse,0.55,0.7673267326732672,23,118
horse,0.6,0.7673267326732672,23,118
horse,0.65,0.7213717170036335,23,118
horse,0.7,0.7213717170036335,23,118
horse,0.75,0.6764574511409568,23,118
horse,0.8,0.6443971022489245,23,118
horse,0.85,0.49019053165820786,23,118
horse,0.9,0.4067754989784693,23,118
horse,0.95,0.23950966525223955,23,118
sheep,0.5,0.45589812857851236,22,241
sheep,0.55,0.4448185921400725,22,241
sheep,0.6,0.41729121251262286,22,241
sheep,0.65,0.3807682403038144,22,241
sheep,0.7,0.37610895084545687,22,241
sheep,0.75,0.37610895084545687,22,241
sheep,0.8,0.3536598821172439,22,241
sheep,0.85,0.20787998154654175,22,241
sheep,0.9,0.0924092409240924,22,241
sheep,0.95,0.04950495049504951,22,241
cow,0.5,0.7766553983333555,21,102
cow,0.55,0.7766553983333555,21,102
cow,0.6,0.7766553983333555,21,102
cow,0.65,0.7766553983333555,21,102
cow,0.7,0.7766553983333555,21,102
cow,0.75,0.7766553983333555,21,102
cow,0.8,0.5457717026763405,21,102
cow,0.85,0.49889454532497785,21,102
cow,0.9,0.4449056444105948,21,102
cow,0.95,0.2026212236608276,21,102
