seed,family,C,variant,feature_dimension,score_col,threshold,num_known_gt,num_unknown_gt,num_accepted_detections,tp_known,fp_known,fn_known,known_precision,known_recall,unknown_false_accept_objects,unknown_reject_rate_object_level,open_set_hscore_object_level,precision_recall_unknown_balanced_score,background_false_accept_count,AP50,AP55,AP60,AP65,AP70,AP75,AP80,AP85,AP90,AP95,AP,direct_cal_selection_B,direct_threshold,AP_eligible_at_zero_tolerance,AP_C_score_col,AP_C_threshold,AP_C_cal_selection_B,fit_ids_sha256,selection_ids_sha256
777,additive,0.1,SC,22,geometry_risk_score,0.8,1776,1936,1547,1169,378,607,0.755656108597285,0.6582207207207207,18,0.9907024793388429,0.7909415064894015,0.7788191737166218,335,0.7179887094596571,0.6999017240345531,0.6709952827444983,0.6472126033859193,0.6013713201767782,0.5614793519608735,0.5023726635747365,0.4160116915752979,0.27412650395941,0.11977875691258903,0.5211238607784312,0.7788191737166218,0.8,True,geometry_risk_score,0.8,0.7788191737166218,b571d07f428c309b8b8e8c9451c7223e5e1977ee48f0ee5588671946878df335,9ac2231e8afae5ea547a0ab216f0616e712b1681e96a335286dbabab388bf0b5
777,additive,0.1,SCG,30,geometry_alpha_0p600,0.6,1776,1936,1538,1167,371,609,0.758777633289987,0.6570945945945946,18,0.9907024793388429,0.7901279281569027,0.7793938969056465,328,0.7191341056815295,0.7008980289022626,0.6721585756381532,0.6481463838848,0.6022839903585927,0.5629474781739064,0.5034983422537195,0.4158731830853684,0.27418734350199525,0.11975425582104886,0.5218881687301377,0.7776481485926132,0.8,True,geometry_alpha_0p600,0.6,0.7793938969056465,b571d07f428c309b8b8e8c9451c7223e5e1977ee48f0ee5588671946878df335,9ac2231e8afae5ea547a0ab216f0616e712b1681e96a335286dbabab388bf0b5
777,additive,0.5,SC,22,geometry_risk_score,0.8,1776,1936,1557,1175,382,601,0.7546563904945408,0.6615990990990991,17,0.9912190082644629,0.7935411645794855,0.780141848061321,341,0.7179887094596571,0.6999017240345531,0.6709952827444983,0.6472126033859193,0.6013713201767782,0.5614793519608735,0.5023726635747365,0.4160116915752979,0.27412650395941,0.11977875691258903,0.5211238607784312,0.780141848061321,0.8,True,geometry_risk_score,0.8,0.780141848061321,b571d07f428c309b8b8e8c9451c7223e5e1977ee48f0ee5588671946878df335,9ac2231e8afae5ea547a0ab216f0616e712b1681e96a335286dbabab388bf0b5
777,additive,0.5,SCG,30,geometry_alpha_0p400,0.5,1776,1936,1539,1167,372,609,0.7582846003898636,0.6570945945945946,20,0.9896694214876033,0.7897991709124202,0.7790072341273546,327,0.7195812856789201,0.7014480595764301,0.6727740915711766,0.6488433027836795,0.6025764209472125,0.56330086984415,0.5036764123126032,0.4159420554742718,0.27423418790702236,0.11993698154904617,0.5222313667644513,0.7784462405095426,0.8,True,geometry_alpha_0p400,0.5,0.7790072341273546,b571d07f428c309b8b8e8c9451c7223e5e1977ee48f0ee5588671946878df335,9ac2231e8afae5ea547a0ab216f0616e712b1681e96a335286dbabab388bf0b5
777,additive,1.0,SC,22,geometry_risk_score,0.8,1776,1936,1559,1175,384,601,0.7536882617062219,0.6615990990990991,17,0.9912190082644629,0.7935411645794855,0.7797966837912473,343,0.7179887094596571,0.6999017240345531,0.6709952827444983,0.6472126033859193,0.6013713201767782,0.5614793519608735,0.5023726635747365,0.4160116915752979,0.27412650395941,0.11977875691258903,0.5211238607784312,0.7797966837912473,0.8,True,geometry_risk_score,0.8,0.7797966837912473,b571d07f428c309b8b8e8c9451c7223e5e1977ee48f0ee5588671946878df335,9ac2231e8afae5ea547a0ab216f0616e712b1681e96a335286dbabab388bf0b5
777,additive,1.0,SCG,30,geometry_alpha_0p400,0.5,1776,1936,1539,1168,371,608,0.7589343729694606,0.6576576576576577,20,0.9896694214876033,0.7902057603868883,0.7794995070121312,326,0.7196781028974535,0.7015327717942629,0.6728627481823439,0.6489290946335712,0.6026412447191541,0.5633971649053142,0.5039512222098633,0.4162183202527728,0.2743412138957991,0.11994344935147123,0.5223495332842006,0.7784196581640604,0.8,True,geometry_alpha_0p400,0.5,0.7794995070121312,b571d07f428c309b8b8e8c9451c7223e5e1977ee48f0ee5588671946878df335,9ac2231e8afae5ea547a0ab216f0616e712b1681e96a335286dbabab388bf0b5
777,additive,2.0,SC,22,geometry_alpha_0p800,0.7,1776,1936,1550,1172,378,604,0.7561290322580645,0.6599099099099099,16,0.9917355371900827,0.7924898290376748,0.7799871333180511,337,0.7179887094596571,0.6999017240345531,0.6709952827444983,0.6472126033859193,0.6013713201767782,0.5614793519608735,0.5023726635747365,0.4160116915752979,0.27412650395941,0.11977875691258903,0.5211238607784312,0.7799411988264648,0.8,True,geometry_alpha_0p800,0.7,0.7799871333180511,b571d07f428c309b8b8e8c9451c7223e5e1977ee48f0ee5588671946878df335,9ac2231e8afae5ea547a0ab216f0616e712b1681e96a335286dbabab388bf0b5
777,additive,2.0,SCG,30,geometry_alpha_0p400,0.5,1776,1936,1539,1168,371,608,0.7589343729694606,0.6576576576576577,20,0.9896694214876033,0.7902057603868883,0.7794995070121312,326,0.7186139961401868,0.7004664464264627,0.6718455777798207,0.6479073446676511,0.6024479502021652,0.5632952503562855,0.5038905300243537,0.4162122279888415,0.27433789320244373,0.1199442926070919,0.5218961509395303,0.7782871258430244,0.8,True,geometry_alpha_0p400,0.5,0.7794995070121312,b571d07f428c309b8b8e8c9451c7223e5e1977ee48f0ee5588671946878df335,9ac2231e8afae5ea547a0ab216f0616e712b1681e96a335286dbabab388bf0b5
777,class_interactions,0.1,SC,62,geometry_alpha_0p600,0.6,1776,1936,1541,1166,375,610,0.7566515249837767,0.6565315315315315,18,0.9907024793388429,0.7897207218405352,0.7783810950715492,330,0.7179887094596571,0.6999017240345531,0.6709952827444983,0.6472126033859193,0.6013713201767782,0.5614793519608735,0.5023726635747365,0.4160116915752979,0.27412650395941,0.11977875691258903,0.5211238607784312,0.7781004475983531,0.8,True,geometry_alpha_0p600,0.6,0.7783810950715492,b571d07f428c309b8b8e8c9451c7223e5e1977ee48f0ee5588671946878df335,9ac2231e8afae5ea547a0ab216f0616e712b1681e96a335286dbabab388bf0b5
777,class_interactions,0.1,SCG,230,geometry_alpha_0p400,0.5,1776,1936,1541,1167,374,609,0.7573004542504866,0.6570945945945946,20,0.9896694214876033,0.7897991709124202,0.7786607146588314,328,0.718149655914458,0.7000254779227559,0.6712477769508008,0.6475686823127706,0.6019291248242961,0.5613513577055282,0.5027481880318785,0.4166829349859681,0.27229808160814784,0.12299379847686272,0.5214995078733466,0.7746871539005237,0.8,True,geometry_alpha_0p400,0.5,0.7786607146588314,b571d07f428c309b8b8e8c9451c7223e5e1977ee48f0ee5588671946878df335,9ac2231e8afae5ea547a0ab216f0616e712b1681e96a335286dbabab388bf0b5
777,class_interactions,0.5,SC,62,geometry_alpha_0p400,0.5,1776,1936,1537,1165,372,611,0.7579700715679896,0.6559684684684685,20,0.9896694214876033,0.788985157264005,0.7783685692725499,325,0.7179887094596571,0.6999017240345531,0.6709952827444983,0.6472126033859193,0.6013713201767782,0.5614793519608735,0.5023726635747365,0.4160116915752979,0.27412650395941,0.11977875691258903,0.5211238607784312,0.7777155058732832,0.8,True,geometry_alpha_0p400,0.5,0.7783685692725499,b571d07f428c309b8b8e8c9451c7223e5e1977ee48f0ee5588671946878df335,9ac2231e8afae5ea547a0ab216f0616e712b1681e96a335286dbabab388bf0b5
777,class_interactions,0.5,SCG,230,geometry_alpha_0p200,0.4,1776,1936,1533,1162,371,614,0.7579908675799086,0.6542792792792793,20,0.9896694214876033,0.7877620457543351,0.7775818319573404,324,0.7169225907284085,0.6989194923116416,0.6702866335851074,0.6466334703128396,0.6007651042248427,0.5602058096269573,0.5016334729616788,0.4158839515125039,0.271975259432829,0.11761846318680673,0.5200844247883615,0.7695411540803,0.8,False,raw_light_geom_gate_0p100,0.3,0.7759122625960783,b571d07f428c309b8b8e8c9451c7223e5e1977ee48f0ee5588671946878df335,9ac2231e8afae5ea547a0ab216f0616e712b1681e96a335286dbabab388bf0b5
777,class_interactions,1.0,SC,62,geometry_alpha_0p400,0.5,1776,1936,1536,1165,371,611,0.7584635416666666,0.6559684684684685,20,0.9896694214876033,0.788985157264005,0.7785419577102443,325,0.7179887094596571,0.6999017240345531,0.6709952827444983,0.6472126033859193,0.6013713201767782,0.5614793519608735,0.5023726635747365,0.4160116915752979,0.27412650395941,0.11977875691258903,0.5211238607784312,0.7776890976672064,0.8,True,geometry_alpha_0p400,0.5,0.7785419577102443,b571d07f428c309b8b8e8c9451c7223e5e1977ee48f0ee5588671946878df335,9ac2231e8afae5ea547a0ab216f0616e712b1681e96a335286dbabab388bf0b5
777,class_interactions,1.0,SCG,230,geometry_alpha_0p200,0.4,1776,1936,1532,1162,370,614,0.758485639686684,0.6542792792792793,20,0.9896694214876033,0.7877620457543351,0.7777553168695912,323,0.7154889052103159,0.6975607507541808,0.6689960471165781,0.6452945832771355,0.6009679540738107,0.560392858608624,0.5018384891377142,0.4160685126107359,0.27131030613448115,0.11754831171436353,0.519546671863794,0.7685115276404907,0.8,False,raw_light_geom_gate_0p100,0.3,0.7759122625960783,b571d07f428c309b8b8e8c9451c7223e5e1977ee48f0ee5588671946878df335,9ac2231e8afae5ea547a0ab216f0616e712b1681e96a335286dbabab388bf0b5
777,class_interactions,2.0,SC,62,geometry_alpha_0p400,0.5,1776,1936,1536,1165,371,611,0.7584635416666666,0.6559684684684685,20,0.9896694214876033,0.788985157264005,0.7785419577102443,325,0.7179887094596571,0.6999017240345531,0.6709952827444983,0.6472126033859193,0.6013713201767782,0.5614793519608735,0.5023726635747365,0.4160116915752979,0.27412650395941,0.11977875691258903,0.5211238607784312,0.7773463914236003,0.8,True,geometry_alpha_0p400,0.5,0.7785419577102443,b571d07f428c309b8b8e8c9451c7223e5e1977ee48f0ee5588671946878df335,9ac2231e8afae5ea547a0ab216f0616e712b1681e96a335286dbabab388bf0b5
777,class_interactions,2.0,SCG,230,geometry_alpha_0p200,0.4,1776,1936,1531,1160,371,616,0.7576747224036577,0.6531531531531531,20,0.9896694214876033,0.7869452407119953,0.7769403116206858,324,0.7148122689952913,0.6967421462931305,0.668422421728416,0.6447896637959931,0.6003734984260978,0.5595424931083934,0.5009383445866193,0.41525019577207056,0.2725773473290104,0.11912453209556455,0.5192572912130586,0.767374761765647,0.8,False,raw_light_geom_gate_0p100,0.3,0.7760856000554645,b571d07f428c309b8b8e8c9451c7223e5e1977ee48f0ee5588671946878df335,9ac2231e8afae5ea547a0ab216f0616e712b1681e96a335286dbabab388bf0b5
777,class_profile,0.1,SC,22,geometry_risk_score,0.8,1776,1936,1547,1169,378,607,0.755656108597285,0.6582207207207207,18,0.9907024793388429,0.7909415064894015,0.7788191737166218,335,0.7179887094596571,0.6999017240345531,0.6709952827444983,0.6472126033859193,0.6013713201767782,0.5614793519608735,0.5023726635747365,0.4160116915752979,0.27412650395941,0.11977875691258903,0.5211238607784312,0.7788191737166218,0.8,True,geometry_risk_score,0.8,0.7788191737166218,b571d07f428c309b8b8e8c9451c7223e5e1977ee48f0ee5588671946878df335,9ac2231e8afae5ea547a0ab216f0616e712b1681e96a335286dbabab388bf0b5
777,class_profile,0.1,SCG,39,geometry_alpha_0p600,0.6,1776,1936,1540,1165,375,611,0.7564935064935064,0.6559684684684685,22,0.9886363636363636,0.7886566653179371,0.7776359804814175,328,0.7179715889755244,0.6997697998460459,0.6705914140979792,0.6468500360940641,0.600360215296157,0.5611198552251783,0.5023435384117245,0.4169206623640668,0.2739038719572723,0.12005175906784153,0.5209882741335854,0.7772141823945075,0.8,False,geometry_alpha_0p400,0.5,0.7773427096351233,b571d07f428c309b8b8e8c9451c7223e5e1977ee48f0ee5588671946878df335,9ac2231e8afae5ea547a0ab216f0616e712b1681e96a335286dbabab388bf0b5
777,class_profile,0.5,SC,22,geometry_risk_score,0.8,1776,1936,1557,1175,382,601,0.7546563904945408,0.6615990990990991,17,0.9912190082644629,0.7935411645794855,0.780141848061321,341,0.7179887094596571,0.6999017240345531,0.6709952827444983,0.6472126033859193,0.6013713201767782,0.5614793519608735,0.5023726635747365,0.4160116915752979,0.27412650395941,0.11977875691258903,0.5211238607784312,0.780141848061321,0.8,True,geometry_risk_score,0.8,0.780141848061321,b571d07f428c309b8b8e8c9451c7223e5e1977ee48f0ee5588671946878df335,9ac2231e8afae5ea547a0ab216f0616e712b1681e96a335286dbabab388bf0b5
777,class_profile,0.5,SCG,39,geometry_alpha_0p400,0.5,1776,1936,1536,1164,372,612,0.7578125,0.6554054054054054,22,0.9886363636363636,0.7882495796749486,0.7778358117242227,325,0.7187087713304304,0.7006165499908137,0.6714353868342495,0.6475335066472814,0.6009424747647835,0.561737298513685,0.5030461299673838,0.41668166853860145,0.2742189178521737,0.11984986259168022,0.5214770567031083,0.7764361793820598,0.8,True,geometry_alpha_0p400,0.5,0.7778358117242227,b571d07f428c309b8b8e8c9451c7223e5e1977ee48f0ee5588671946878df335,9ac2231e8afae5ea547a0ab216f0616e712b1681e96a335286dbabab388bf0b5
777,class_profile,1.0,SC,22,geometry_risk_score,0.8,1776,1936,1559,1175,384,601,0.7536882617062219,0.6615990990990991,17,0.9912190082644629,0.7935411645794855,0.7797966837912473,343,0.7179887094596571,0.6999017240345531,0.6709952827444983,0.6472126033859193,0.6013713201767782,0.5614793519608735,0.5023726635747365,0.4160116915752979,0.27412650395941,0.11977875691258903,0.5211238607784312,0.7797966837912473,0.8,True,geometry_risk_score,0.8,0.7797966837912473,b571d07f428c309b8b8e8c9451c7223e5e1977ee48f0ee5588671946878df335,9ac2231e8afae5ea547a0ab216f0616e712b1681e96a335286dbabab388bf0b5
777,class_profile,1.0,SCG,39,geometry_alpha_0p400,0.5,1776,1936,1536,1164,372,612,0.7578125,0.6554054054054054,22,0.9886363636363636,0.7882495796749486,0.7778358117242227,325,0.7178581269812712,0.6997186840914486,0.6705669974945963,0.6465535873263301,0.6008109781169592,0.5616014852250509,0.5030286461423088,0.4167529185297531,0.2743616498139032,0.12012644752364647,0.5211379521245267,0.7763711404844998,0.8,False,geometry_alpha_0p200,0.4,0.7761273915227508,b571d07f428c309b8b8e8c9451c7223e5e1977ee48f0ee5588671946878df335,9ac2231e8afae5ea547a0ab216f0616e712b1681e96a335286dbabab388bf0b5
777,class_profile,2.0,SC,22,geometry_alpha_0p800,0.7,1776,1936,1550,1172,378,604,0.7561290322580645,0.6599099099099099,16,0.9917355371900827,0.7924898290376748,0.7799871333180511,337,0.7179887094596571,0.6999017240345531,0.6709952827444983,0.6472126033859193,0.6013713201767782,0.5614793519608735,0.5023726635747365,0.4160116915752979,0.27412650395941,0.11977875691258903,0.5211238607784312,0.7799411988264648,0.8,True,geometry_alpha_0p800,0.7,0.7799871333180511,b571d07f428c309b8b8e8c9451c7223e5e1977ee48f0ee5588671946878df335,9ac2231e8afae5ea547a0ab216f0616e712b1681e96a335286dbabab388bf0b5
777,class_profile,2.0,SCG,39,geometry_alpha_0p400,0.5,1776,1936,1537,1164,373,612,0.7573194534808068,0.6554054054054054,22,0.9886363636363636,0.7882495796749486,0.7776625889833436,325,0.7183558776169082,0.7001470669337868,0.670998209584592,0.6469641448625258,0.6009292701183265,0.5617215985529236,0.5031500160560901,0.4168914384709477,0.27435090096350123,0.12008765580408995,0.5213596178963693,0.7758410092986687,0.8,True,geometry_alpha_0p400,0.5,0.7776625889833436,b571d07f428c309b8b8e8c9451c7223e5e1977ee48f0ee5588671946878df335,9ac2231e8afae5ea547a0ab216f0616e712b1681e96a335286dbabab388bf0b5
777,interactions_profile,0.1,SC,62,geometry_alpha_0p600,0.6,1776,1936,1541,1166,375,610,0.7566515249837767,0.6565315315315315,18,0.9907024793388429,0.7897207218405352,0.7783810950715492,330,0.7179887094596571,0.6999017240345531,0.6709952827444983,0.6472126033859193,0.6013713201767782,0.5614793519608735,0.5023726635747365,0.4160116915752979,0.27412650395941,0.11977875691258903,0.5211238607784312,0.7781004475983531,0.8,True,geometry_alpha_0p600,0.6,0.7783810950715492,b571d07f428c309b8b8e8c9451c7223e5e1977ee48f0ee5588671946878df335,9ac2231e8afae5ea547a0ab216f0616e712b1681e96a335286dbabab388bf0b5
777,interactions_profile,0.1,SCG,239,geometry_alpha_0p400,0.5,1776,1936,1533,1164,369,612,0.7592954990215264,0.6554054054054054,21,0.9891528925619835,0.7884137076305356,0.7784626248466427,322,0.7178437838707643,0.6998083410012903,0.6708435300669002,0.6475370270704545,0.6013694061224385,0.5613609537342261,0.5027082676998238,0.41664498090415514,0.2721173477729694,0.11773356300948803,0.520796720125251,0.7722908853277135,0.8,False,geometry_alpha_0p050,0.3,0.7757381285920717,b571d07f428c309b8b8e8c9451c7223e5e1977ee48f0ee5588671946878df335,9ac2231e8afae5ea547a0ab216f0616e712b1681e96a335286dbabab388bf0b5
777,interactions_profile,0.5,SC,62,geometry_alpha_0p400,0.5,1776,1936,1537,1165,372,611,0.7579700715679896,0.6559684684684685,20,0.9896694214876033,0.788985157264005,0.7783685692725499,325,0.7179887094596571,0.6999017240345531,0.6709952827444983,0.6472126033859193,0.6013713201767782,0.5614793519608735,0.5023726635747365,0.4160116915752979,0.27412650395941,0.11977875691258903,0.5211238607784312,0.7777155058732832,0.8,True,geometry_alpha_0p400,0.5,0.7783685692725499,b571d07f428c309b8b8e8c9451c7223e5e1977ee48f0ee5588671946878df335,9ac2231e8afae5ea547a0ab216f0616e712b1681e96a335286dbabab388bf0b5
777,interactions_profile,0.5,SCG,239,geometry_alpha_0p400,0.5,1776,1936,1537,1164,373,612,0.7573194534808068,0.6554054054054054,23,0.9881198347107438,0.7880853485547317,0.7775560152727076,325,0.7164304953711678,0.6983618742324389,0.6693539337277885,0.6460740356894112,0.5999515774280905,0.5592682640126466,0.5003767565831805,0.4154158812348494,0.27038001625182273,0.12198207622999543,0.5197594910761392,0.7690198586097059,0.8,False,geometry_alpha_0p050,0.3,0.7752521874803403,b571d07f428c309b8b8e8c9451c7223e5e1977ee48f0ee5588671946878df335,9ac2231e8afae5ea547a0ab216f0616e712b1681e96a335286dbabab388bf0b5
777,interactions_profile,1.0,SC,62,geometry_alpha_0p400,0.5,1776,1936,1536,1165,371,611,0.7584635416666666,0.6559684684684685,20,0.9896694214876033,0.788985157264005,0.7785419577102443,325,0.7179887094596571,0.6999017240345531,0.6709952827444983,0.6472126033859193,0.6013713201767782,0.5614793519608735,0.5023726635747365,0.4160116915752979,0.27412650395941,0.11977875691258903,0.5211238607784312,0.7776890976672064,0.8,True,geometry_alpha_0p400,0.5,0.7785419577102443,b571d07f428c309b8b8e8c9451c7223e5e1977ee48f0ee5588671946878df335,9ac2231e8afae5ea547a0ab216f0616e712b1681e96a335286dbabab388bf0b5
777,interactions_profile,1.0,SCG,239,geometry_alpha_0p400,0.5,1776,1936,1537,1164,373,612,0.7573194534808068,0.6554054054054054,22,0.9886363636363636,0.7882495796749486,0.7776625889833436,325,0.7144370884004679,0.6963090231565918,0.6672163249706794,0.6440943216356412,0.5994499333600938,0.558437097880839,0.4999422176035349,0.41541329213142275,0.2694542947389732,0.1207429183127445,0.5185496512190989,0.767685241206051,0.8,False,raw_light_geom_gate_0p200,0.35,0.7755337262195727,b571d07f428c309b8b8e8c9451c7223e5e1977ee48f0ee5588671946878df335,9ac2231e8afae5ea547a0ab216f0616e712b1681e96a335286dbabab388bf0b5
777,interactions_profile,2.0,SC,62,geometry_alpha_0p400,0.5,1776,1936,1536,1165,371,611,0.7584635416666666,0.6559684684684685,20,0.9896694214876033,0.788985157264005,0.7785419577102443,325,0.7179887094596571,0.6999017240345531,0.6709952827444983,0.6472126033859193,0.6013713201767782,0.5614793519608735,0.5023726635747365,0.4160116915752979,0.27412650395941,0.11977875691258903,0.5211238607784312,0.7773463914236003,0.8,True,geometry_alpha_0p400,0.5,0.7785419577102443,b571d07f428c309b8b8e8c9451c7223e5e1977ee48f0ee5588671946878df335,9ac2231e8afae5ea547a0ab216f0616e712b1681e96a335286dbabab388bf0b5
777,interactions_profile,2.0,SCG,239,geometry_alpha_0p200,0.4,1776,1936,1532,1160,372,616,0.7571801566579635,0.6531531531531531,20,0.9896694214876033,0.7869452407119953,0.776766891646303,324,0.7155163972428483,0.6974970669808283,0.6689047133582081,0.6452072304366032,0.6003514108946113,0.5595390063441847,0.5011083822472361,0.4154347261144749,0.27266838685744166,0.11906536407851279,0.5195292684554949,0.7657279862154273,0.8,False,raw_light_geom_gate_0p100,0.3,0.7757640059188623,b571d07f428c309b8b8e8c9451c7223e5e1977ee48f0ee5588671946878df335,9ac2231e8afae5ea547a0ab216f0616e712b1681e96a335286dbabab388bf0b5
778,additive,0.1,SC,22,raw_light_geom_gate_0p200,0.35,1694,1918,1416,1114,302,580,0.786723163841808,0.6576151121605667,16,0.9916579770594369,0.7908081154919905,0.7894417596305555,263,0.6922885428849208,0.6753573134263962,0.654018665081045,0.6303900980632714,0.5996725342660503,0.5676620864857058,0.5235509683142164,0.45351866427739634,0.3327071194965002,0.16439397211631507,0.5293559964411817,0.7877593458538191,0.9,True,raw_light_geom_gate_0p200,0.35,0.7894417596305555,5150fd8fba2a8bd4a0d0364ddd39d773c926e25721f501501c9cd3e14d383476,93e856a04040cc6af551eed70f2304ac161f29dc39301dadd4b24ac862fb4220
778,additive,0.1,SCG,30,raw_light_geom_gate_0p200,0.35,1694,1918,1413,1112,301,582,0.7869780608634112,0.6564344746162928,16,0.9916579770594369,0.7899538433152735,0.7889594184769836,262,0.6919859726172155,0.6751055672774326,0.6537179492522888,0.6304478469825551,0.5997439341014706,0.5676922914105431,0.5236669570875898,0.45279760350495923,0.33293516330050776,0.16511379995909709,0.529320708549366,0.7853046559603597,0.8,False,raw_score,0.35,0.7889146630676959,5150fd8fba2a8bd4a0d0364ddd39d773c926e25721f501501c9cd3e14d383476,93e856a04040cc6af551eed70f2304ac161f29dc39301dadd4b24ac862fb4220
778,additive,0.5,SC,22,raw_light_geom_gate_0p200,0.35,1694,1918,1417,1114,303,580,0.7861679604798871,0.6576151121605667,16,0.9916579770594369,0.7908081154919905,0.7892553230324069,264,0.6922885428849208,0.6753573134263962,0.654018665081045,0.6303900980632714,0.5996725342660503,0.5676620864857058,0.5235509683142164,0.45351866427739634,0.3327071194965002,0.16439397211631507,0.5293559964411817,0.7865137716758338,0.9,True,raw_light_geom_gate_0p200,0.35,0.7892553230324069,5150fd8fba2a8bd4a0d0364ddd39d773c926e25721f501501c9cd3e14d383476,93e856a04040cc6af551eed70f2304ac161f29dc39301dadd4b24ac862fb4220
778,additive,0.5,SCG,30,raw_light_geom_gate_0p200,0.35,1694,1918,1411,1111,300,583,0.7873848334514528,0.6558441558441559,15,0.9921793534932221,0.7896914417190518,0.7889210721825518,262,0.6917537694643726,0.6748691340391229,0.6534786590265137,0.6302075333213949,0.5995023561394575,0.5674620861787057,0.5234654570560223,0.45266059490478716,0.3328564917596759,0.16504833820489237,0.5291304420094944,0.7846931112555763,0.8,False,raw_score,0.35,0.7889146630676959,5150fd8fba2a8bd4a0d0364ddd39d773c926e25721f501501c9cd3e14d383476,93e856a04040cc6af551eed70f2304ac161f29dc39301dadd4b24ac862fb4220
778,additive,1.0,SC,22,raw_light_geom_gate_0p200,0.35,1694,1918,1417,1114,303,580,0.7861679604798871,0.6576151121605667,16,0.9916579770594369,0.7908081154919905,0.7892553230324069,264,0.6922885428849208,0.6753573134263962,0.654018665081045,0.6303900980632714,0.5996725342660503,0.5676620864857058,0.5235509683142164,0.45351866427739634,0.3327071194965002,0.16439397211631507,0.5293559964411817,0.7861770001590747,0.9,True,raw_light_geom_gate_0p200,0.35,0.7892553230324069,5150fd8fba2a8bd4a0d0364ddd39d773c926e25721f501501c9cd3e14d383476,93e856a04040cc6af551eed70f2304ac161f29dc39301dadd4b24ac862fb4220
778,additive,1.0,SCG,30,raw_score,0.35,1694,1918,1435,1120,315,574,0.7804878048780488,0.6611570247933884,17,0.9911366006256517,0.7931967005771122,0.7889146630676959,275,0.6922885428849208,0.6753573134263962,0.654018665081045,0.6303900980632714,0.5996725342660503,0.5676620864857058,0.5235509683142164,0.45351866427739634,0.3327071194965002,0.16439397211631507,0.5293559964411817,0.784138328027683,0.8,True,raw_score,0.35,0.7889146630676959,5150fd8fba2a8bd4a0d0364ddd39d773c926e25721f501501c9cd3e14d383476,93e856a04040cc6af551eed70f2304ac161f29dc39301dadd4b24ac862fb4220
778,additive,2.0,SC,22,raw_light_geom_gate_0p200,0.35,1694,1918,1417,1114,303,580,0.7861679604798871,0.6576151121605667,16,0.9916579770594369,0.7908081154919905,0.7892553230324069,264,0.6922885428849208,0.6753573134263962,0.654018665081045,0.6303900980632714,0.5996725342660503,0.5676620864857058,0.5235509683142164,0.45351866427739634,0.3327071194965002,0.16439397211631507,0.5293559964411817,0.7865264048351364,0.9,True,raw_light_geom_gate_0p200,0.35,0.7892553230324069,5150fd8fba2a8bd4a0d0364ddd39d773c926e25721f501501c9cd3e14d383476,93e856a04040cc6af551eed70f2304ac161f29dc39301dadd4b24ac862fb4220
778,additive,2.0,SCG,30,raw_score,0.35,1694,1918,1435,1120,315,574,0.7804878048780488,0.6611570247933884,17,0.9911366006256517,0.7931967005771122,0.7889146630676959,275,0.6922885428849208,0.6753573134263962,0.654018665081045,0.6303900980632714,0.5996725342660503,0.5676620864857058,0.5235509683142164,0.45351866427739634,0.3327071194965002,0.16439397211631507,0.5293559964411817,0.784423192714278,0.8,True,raw_score,0.35,0.7889146630676959,5150fd8fba2a8bd4a0d0364ddd39d773c926e25721f501501c9cd3e14d383476,93e856a04040cc6af551eed70f2304ac161f29dc39301dadd4b24ac862fb4220
778,class_interactions,0.1,SC,62,raw_light_geom_gate_0p200,0.35,1694,1918,1415,1114,301,580,0.7872791519434629,0.6576151121605667,16,0.9916579770594369,0.7908081154919905,0.7896282843290099,262,0.6922885428849208,0.6753573134263962,0.654018665081045,0.6303900980632714,0.5996725342660503,0.5676620864857058,0.5235509683142164,0.45351866427739634,0.3327071194965002,0.16439397211631507,0.5293559964411817,0.7857641036066944,0.8,True,raw_light_geom_gate_0p200,0.35,0.7896282843290099,5150fd8fba2a8bd4a0d0364ddd39d773c926e25721f501501c9cd3e14d383476,93e856a04040cc6af551eed70f2304ac161f29dc39301dadd4b24ac862fb4220
778,class_interactions,0.1,SCG,230,geometry_alpha_0p600,0.6,1694,1918,1548,1163,385,531,0.7512919896640827,0.6865407319952774,15,0.9921793534932221,0.8115367719802079,0.7904095874364298,342,0.6907014331374948,0.6736857350250055,0.6513529818010666,0.6282011595355981,0.5975473955984596,0.5662794995686408,0.5218248276325479,0.4502364011747065,0.33104666863959364,0.1634978128456748,0.5274373914958789,0.7823129375002266,0.9,False,raw_score,0.35,0.7889146630676959,5150fd8fba2a8bd4a0d0364ddd39d773c926e25721f501501c9cd3e14d383476,93e856a04040cc6af551eed70f2304ac161f29dc39301dadd4b24ac862fb4220
778,class_interactions,0.5,SC,62,raw_light_geom_gate_0p200,0.35,1694,1918,1415,1114,301,580,0.7872791519434629,0.6576151121605667,16,0.9916579770594369,0.7908081154919905,0.7896282843290099,262,0.6922885428849208,0.6753573134263962,0.654018665081045,0.6303900980632714,0.5996725342660503,0.5676620864857058,0.5235509683142164,0.45351866427739634,0.3327071194965002,0.16439397211631507,0.5293559964411817,0.7831506583214531,0.8,True,raw_light_geom_gate_0p200,0.35,0.7896282843290099,5150fd8fba2a8bd4a0d0364ddd39d773c926e25721f501501c9cd3e14d383476,93e856a04040cc6af551eed70f2304ac161f29dc39301dadd4b24ac862fb4220
778,class_interactions,0.5,SCG,230,raw_light_geom_gate_0p200,0.35,1694,1918,1413,1113,300,581,0.7876857749469215,0.6570247933884298,14,0.9927007299270073,0.7907121309077612,0.789700764999574,263,0.6917381638370353,0.6748190165197114,0.6534453223003055,0.6301979568132701,0.5993585832176418,0.5675024862648868,0.5232416814263012,0.4524476777504464,0.3326380527081035,0.16409161140597645,0.5289480552243678,0.7786038899200124,0.8,False,raw_score,0.35,0.7889146630676959,5150fd8fba2a8bd4a0d0364ddd39d773c926e25721f501501c9cd3e14d383476,93e856a04040cc6af551eed70f2304ac161f29dc39301dadd4b24ac862fb4220
778,class_interactions,1.0,SC,62,raw_light_geom_gate_0p200,0.35,1694,1918,1415,1114,301,580,0.7872791519434629,0.6576151121605667,16,0.9916579770594369,0.7908081154919905,0.7896282843290099,262,0.6922885428849208,0.6753573134263962,0.654018665081045,0.6303900980632714,0.5996725342660503,0.5676620864857058,0.5235509683142164,0.45351866427739634,0.3327071194965002,0.16439397211631507,0.5293559964411817,0.7832949200724505,0.8,True,raw_light_geom_gate_0p200,0.35,0.7896282843290099,5150fd8fba2a8bd4a0d0364ddd39d773c926e25721f501501c9cd3e14d383476,93e856a04040cc6af551eed70f2304ac161f29dc39301dadd4b24ac862fb4220
778,class_interactions,1.0,SCG,230,raw_light_geom_gate_0p200,0.35,1694,1918,1413,1113,300,581,0.7876857749469215,0.6570247933884298,14,0.9927007299270073,0.7907121309077612,0.789700764999574,263,0.6918898424806039,0.6750554230346371,0.6536816905890601,0.6304625707510197,0.5996125616568613,0.56750050248851,0.5231167516413001,0.4521605204592339,0.3328947094812317,0.16487298349922974,0.5291247556081687,0.7788458035338472,0.9,False,raw_score,0.35,0.7889146630676959,5150fd8fba2a8bd4a0d0364ddd39d773c926e25721f501501c9cd3e14d383476,93e856a04040cc6af551eed70f2304ac161f29dc39301dadd4b24ac862fb4220
778,class_interactions,2.0,SC,62,raw_light_geom_gate_0p200,0.35,1694,1918,1416,1114,302,580,0.786723163841808,0.6576151121605667,16,0.9916579770594369,0.7908081154919905,0.7894417596305555,263,0.6922885428849208,0.6753573134263962,0.654018665081045,0.6303900980632714,0.5996725342660503,0.5676620864857058,0.5235509683142164,0.45351866427739634,0.3327071194965002,0.16439397211631507,0.5293559964411817,0.7834389878212379,0.8,True,raw_light_geom_gate_0p200,0.35,0.7894417596305555,5150fd8fba2a8bd4a0d0364ddd39d773c926e25721f501501c9cd3e14d383476,93e856a04040cc6af551eed70f2304ac161f29dc39301dadd4b24ac862fb4220
778,class_interactions,2.0,SCG,230,raw_light_geom_gate_0p200,0.35,1694,1918,1410,1112,298,582,0.7886524822695036,0.6564344746162928,13,0.9932221063607924,0.7904496476231023,0.7898496831195276,262,0.6920416281018313,0.6752037660607552,0.6533268253287546,0.6301079305494632,0.5992290316308094,0.5671025270430818,0.5227021950403812,0.45166111937798037,0.3325836234275713,0.1644881414435956,0.5288446788004224,0.7763207484856609,0.9,False,raw_score,0.35,0.7889146630676959,5150fd8fba2a8bd4a0d0364ddd39d773c926e25721f501501c9cd3e14d383476,93e856a04040cc6af551eed70f2304ac161f29dc39301dadd4b24ac862fb4220
778,class_profile,0.1,SC,22,raw_light_geom_gate_0p200,0.35,1694,1918,1416,1114,302,580,0.786723163841808,0.6576151121605667,16,0.9916579770594369,0.7908081154919905,0.7894417596305555,263,0.6922885428849208,0.6753573134263962,0.654018665081045,0.6303900980632714,0.5996725342660503,0.5676620864857058,0.5235509683142164,0.45351866427739634,0.3327071194965002,0.16439397211631507,0.5293559964411817,0.7877593458538191,0.9,True,raw_light_geom_gate_0p200,0.35,0.7894417596305555,5150fd8fba2a8bd4a0d0364ddd39d773c926e25721f501501c9cd3e14d383476,93e856a04040cc6af551eed70f2304ac161f29dc39301dadd4b24ac862fb4220
778,class_profile,0.1,SCG,39,raw_light_geom_gate_0p200,0.35,1694,1918,1413,1112,301,582,0.7869780608634112,0.6564344746162928,16,0.9916579770594369,0.7899538433152735,0.7889594184769836,262,0.6920301684983731,0.6751257381656177,0.6531592649056017,0.629873881402127,0.5991149727529673,0.5668681351940611,0.5227109163691582,0.4519080035028809,0.3322673569480028,0.16422276861892376,0.5287281206357713,0.7797060755387732,0.9,False,raw_score,0.35,0.7889146630676959,5150fd8fba2a8bd4a0d0364ddd39d773c926e25721f501501c9cd3e14d383476,93e856a04040cc6af551eed70f2304ac161f29dc39301dadd4b24ac862fb4220
778,class_profile,0.5,SC,22,raw_light_geom_gate_0p200,0.35,1694,1918,1417,1114,303,580,0.7861679604798871,0.6576151121605667,16,0.9916579770594369,0.7908081154919905,0.7892553230324069,264,0.6922885428849208,0.6753573134263962,0.654018665081045,0.6303900980632714,0.5996725342660503,0.5676620864857058,0.5235509683142164,0.45351866427739634,0.3327071194965002,0.16439397211631507,0.5293559964411817,0.7865137716758338,0.9,True,raw_light_geom_gate_0p200,0.35,0.7892553230324069,5150fd8fba2a8bd4a0d0364ddd39d773c926e25721f501501c9cd3e14d383476,93e856a04040cc6af551eed70f2304ac161f29dc39301dadd4b24ac862fb4220
778,class_profile,0.5,SCG,39,raw_light_geom_gate_0p200,0.35,1694,1918,1412,1112,300,582,0.7875354107648725,0.6564344746162928,15,0.9921793534932221,0.7901192159504213,0.7892560658039116,262,0.6921312806045646,0.6752279922602299,0.6532667229892917,0.62997916684987,0.5992187393055022,0.5669664253758996,0.5228572107562484,0.4520053100987743,0.33225871275220703,0.1642613046892874,0.5288172865681875,0.7801082067941719,0.9,False,raw_score,0.35,0.7889146630676959,5150fd8fba2a8bd4a0d0364ddd39d773c926e25721f501501c9cd3e14d383476,93e856a04040cc6af551eed70f2304ac161f29dc39301dadd4b24ac862fb4220
778,class_profile,1.0,SC,22,raw_light_geom_gate_0p200,0.35,1694,1918,1417,1114,303,580,0.7861679604798871,0.6576151121605667,16,0.9916579770594369,0.7908081154919905,0.7892553230324069,264,0.6922885428849208,0.6753573134263962,0.654018665081045,0.6303900980632714,0.5996725342660503,0.5676620864857058,0.5235509683142164,0.45351866427739634,0.3327071194965002,0.16439397211631507,0.5293559964411817,0.7861770001590747,0.9,True,raw_light_geom_gate_0p200,0.35,0.7892553230324069,5150fd8fba2a8bd4a0d0364ddd39d773c926e25721f501501c9cd3e14d383476,93e856a04040cc6af551eed70f2304ac161f29dc39301dadd4b24ac862fb4220
778,class_profile,1.0,SCG,39,raw_light_geom_gate_0p200,0.35,1694,1918,1412,1112,300,582,0.7875354107648725,0.6564344746162928,15,0.9921793534932221,0.7901192159504213,0.7892560658039116,262,0.6921743743614865,0.675270764659396,0.6533102972055997,0.6300210520349812,0.5992408265327513,0.5669888172697941,0.5228942616409712,0.45201559825415727,0.33226172286158995,0.1642452316534124,0.5288422946474138,0.7800779350758101,0.9,False,raw_score,0.35,0.7889146630676959,5150fd8fba2a8bd4a0d0364ddd39d773c926e25721f501501c9cd3e14d383476,93e856a04040cc6af551eed70f2304ac161f29dc39301dadd4b24ac862fb4220
778,class_profile,2.0,SC,22,raw_light_geom_gate_0p200,0.35,1694,1918,1417,1114,303,580,0.7861679604798871,0.6576151121605667,16,0.9916579770594369,0.7908081154919905,0.7892553230324069,264,0.6922885428849208,0.6753573134263962,0.654018665081045,0.6303900980632714,0.5996725342660503,0.5676620864857058,0.5235509683142164,0.45351866427739634,0.3327071194965002,0.16439397211631507,0.5293559964411817,0.7865264048351364,0.9,True,raw_light_geom_gate_0p200,0.35,0.7892553230324069,5150fd8fba2a8bd4a0d0364ddd39d773c926e25721f501501c9cd3e14d383476,93e856a04040cc6af551eed70f2304ac161f29dc39301dadd4b24ac862fb4220
778,class_profile,2.0,SCG,39,raw_light_geom_gate_0p200,0.35,1694,1918,1412,1112,300,582,0.7875354107648725,0.6564344746162928,15,0.9921793534932221,0.7901192159504213,0.7892560658039116,262,0.6921549082717879,0.6752693129390599,0.6533115670213179,0.6300215386506816,0.5992385643708384,0.5669866172437106,0.5228941274827836,0.4520159165020665,0.33226172286158995,0.1642452316534124,0.5288399506997249,0.7788174007582724,0.9,False,raw_score,0.35,0.7889146630676959,5150fd8fba2a8bd4a0d0364ddd39d773c926e25721f501501c9cd3e14d383476,93e856a04040cc6af551eed70f2304ac161f29dc39301dadd4b24ac862fb4220
778,interactions_profile,0.1,SC,62,raw_light_geom_gate_0p200,0.35,1694,1918,1415,1114,301,580,0.7872791519434629,0.6576151121605667,16,0.9916579770594369,0.7908081154919905,0.7896282843290099,262,0.6922885428849208,0.6753573134263962,0.654018665081045,0.6303900980632714,0.5996725342660503,0.5676620864857058,0.5235509683142164,0.45351866427739634,0.3327071194965002,0.16439397211631507,0.5293559964411817,0.7857641036066944,0.8,True,raw_light_geom_gate_0p200,0.35,0.7896282843290099,5150fd8fba2a8bd4a0d0364ddd39d773c926e25721f501501c9cd3e14d383476,93e856a04040cc6af551eed70f2304ac161f29dc39301dadd4b24ac862fb4220
778,interactions_profile,0.1,SCG,239,geometry_alpha_0p200,0.4,1694,1918,1533,1156,377,538,0.7540769732550554,0.6824085005903188,18,0.9906152241918665,0.8081227298683102,0.7892667767701727,334,0.6918361648215366,0.6747660299431992,0.6530723014199926,0.6297230257103368,0.5988651590002524,0.5671544946147075,0.5226644709396464,0.4515477723931425,0.3323620472687152,0.16455500429354877,0.5286546470405078,0.7786054591877024,0.8,False,raw_score,0.35,0.7889146630676959,5150fd8fba2a8bd4a0d0364ddd39d773c926e25721f501501c9cd3e14d383476,93e856a04040cc6af551eed70f2304ac161f29dc39301dadd4b24ac862fb4220
778,interactions_profile,0.5,SC,62,raw_light_geom_gate_0p200,0.35,1694,1918,1415,1114,301,580,0.7872791519434629,0.6576151121605667,16,0.9916579770594369,0.7908081154919905,0.7896282843290099,262,0.6922885428849208,0.6753573134263962,0.654018665081045,0.6303900980632714,0.5996725342660503,0.5676620864857058,0.5235509683142164,0.45351866427739634,0.3327071194965002,0.16439397211631507,0.5293559964411817,0.7831506583214531,0.8,True,raw_light_geom_gate_0p200,0.35,0.7896282843290099,5150fd8fba2a8bd4a0d0364ddd39d773c926e25721f501501c9cd3e14d383476,93e856a04040cc6af551eed70f2304ac161f29dc39301dadd4b24ac862fb4220
778,interactions_profile,0.5,SCG,239,raw_score,0.35,1694,1918,1435,1120,315,574,0.7804878048780488,0.6611570247933884,17,0.9911366006256517,0.7931967005771122,0.7889146630676959,275,0.6922885428849208,0.6753573134263962,0.654018665081045,0.6303900980632714,0.5996725342660503,0.5676620864857058,0.5235509683142164,0.45351866427739634,0.3327071194965002,0.16439397211631507,0.5293559964411817,0.7716612737426318,0.9,True,raw_score,0.35,0.7889146630676959,5150fd8fba2a8bd4a0d0364ddd39d773c926e25721f501501c9cd3e14d383476,93e856a04040cc6af551eed70f2304ac161f29dc39301dadd4b24ac862fb4220
778,interactions_profile,1.0,SC,62,raw_light_geom_gate_0p200,0.35,1694,1918,1415,1114,301,580,0.7872791519434629,0.6576151121605667,16,0.9916579770594369,0.7908081154919905,0.7896282843290099,262,0.6922885428849208,0.6753573134263962,0.654018665081045,0.6303900980632714,0.5996725342660503,0.5676620864857058,0.5235509683142164,0.45351866427739634,0.3327071194965002,0.16439397211631507,0.5293559964411817,0.7832949200724505,0.8,True,raw_light_geom_gate_0p200,0.35,0.7896282843290099,5150fd8fba2a8bd4a0d0364ddd39d773c926e25721f501501c9cd3e14d383476,93e856a04040cc6af551eed70f2304ac161f29dc39301dadd4b24ac862fb4220
778,interactions_profile,1.0,SCG,239,geometry_alpha_0p200,0.4,1694,1918,1526,1153,373,541,0.755570117955439,0.6806375442739079,15,0.9921793534932221,0.8073980117516837,0.7893496839112645,332,0.6919108930952564,0.6748292208436826,0.6524904130699729,0.62939280618736,0.5982511906688226,0.5666237366670297,0.5221213052059328,0.4509874051497011,0.33206207472517096,0.1640222889320226,0.5282691334544951,0.7705072766598184,0.9140429032980968,False,raw_score,0.35,0.7889146630676959,5150fd8fba2a8bd4a0d0364ddd39d773c926e25721f501501c9cd3e14d383476,93e856a04040cc6af551eed70f2304ac161f29dc39301dadd4b24ac862fb4220
778,interactions_profile,2.0,SC,62,raw_light_geom_gate_0p200,0.35,1694,1918,1416,1114,302,580,0.786723163841808,0.6576151121605667,16,0.9916579770594369,0.7908081154919905,0.7894417596305555,263,0.6922885428849208,0.6753573134263962,0.654018665081045,0.6303900980632714,0.5996725342660503,0.5676620864857058,0.5235509683142164,0.45351866427739634,0.3327071194965002,0.16439397211631507,0.5293559964411817,0.7834389878212379,0.8,True,raw_light_geom_gate_0p200,0.35,0.7894417596305555,5150fd8fba2a8bd4a0d0364ddd39d773c926e25721f501501c9cd3e14d383476,93e856a04040cc6af551eed70f2304ac161f29dc39301dadd4b24ac862fb4220
778,interactions_profile,2.0,SCG,239,geometry_alpha_0p100,0.35,1694,1918,1527,1154,373,540,0.7557301899148657,0.6812278630460449,21,0.9890510948905109,0.8067744140750964,0.7890103920066404,329,0.6914482566846974,0.6745216777430534,0.6524155059557055,0.6295298606385129,0.5981743507387258,0.566268777339649,0.5218116594291222,0.45090771592841,0.3320330320099784,0.16469810736158794,0.5281808943829442,0.7699399333680258,0.9136428203649767,False,raw_score,0.35,0.7889146630676959,5150fd8fba2a8bd4a0d0364ddd39d773c926e25721f501501c9cd3e14d383476,93e856a04040cc6af551eed70f2304ac161f29dc39301dadd4b24ac862fb4220
779,additive,0.1,SC,22,raw_light_geom_gate_0p200,0.35,1770,1925,1415,1114,301,656,0.7872791519434629,0.6293785310734463,20,0.9896103896103896,0.7694179069303699,0.7752809194002588,250,0.7031008719507358,0.6829741822594975,0.6544036723283961,0.6337174274927019,0.6071728880434557,0.5682894346237968,0.5063913041887205,0.4145815020843068,0.2706132954607673,0.1574221450880735,0.5198666723520451,0.7742995839453592,0.8,True,raw_light_geom_gate_0p200,0.35,0.7752809194002588,42267e7253c4ee6a61336bda0a2ca5c66848f13fc52811ea39430bff39c7a1a7,a16924caafd3e1f690e43f74ecc5c394cc65f91e8ae3f896006090b50f11a66d
779,additive,0.1,SCG,30,class_reliability_gamma_0p500,0.3,1770,1925,1440,1121,319,649,0.7784722222222222,0.6333333333333333,19,0.9901298701298701,0.7725241320462909,0.7744967034932158,265,0.7031008719507358,0.6829741822594975,0.6544036723283961,0.6337174274927019,0.6071728880434557,0.5682894346237968,0.5063913041887205,0.4145815020843068,0.2706132954607673,0.1574221450880735,0.5198666723520451,0.7741580957052353,0.8,True,class_reliability_gamma_0p500,0.3,0.7744967034932158,42267e7253c4ee6a61336bda0a2ca5c66848f13fc52811ea39430bff39c7a1a7,a16924caafd3e1f690e43f74ecc5c394cc65f91e8ae3f896006090b50f11a66d
779,additive,0.5,SC,22,raw_light_geom_gate_0p200,0.35,1770,1925,1415,1114,301,656,0.7872791519434629,0.6293785310734463,20,0.9896103896103896,0.7694179069303699,0.7752809194002588,250,0.7031008719507358,0.6829741822594975,0.6544036723283961,0.6337174274927019,0.6071728880434557,0.5682894346237968,0.5063913041887205,0.4145815020843068,0.2706132954607673,0.1574221450880735,0.5198666723520451,0.7731532413808399,0.8,True,raw_light_geom_gate_0p200,0.35,0.7752809194002588,42267e7253c4ee6a61336bda0a2ca5c66848f13fc52811ea39430bff39c7a1a7,a16924caafd3e1f690e43f74ecc5c394cc65f91e8ae3f896006090b50f11a66d
779,additive,0.5,SCG,30,geometry_alpha_0p800,0.7,1770,1925,1540,1157,383,613,0.7512987012987012,0.6536723163841808,24,0.9875324675324675,0.7866448378440968,0.7744989603305813,319,0.6965065395223133,0.6769029358225905,0.648992124507061,0.6284746775362045,0.6010822022285799,0.5618717169854073,0.4998081242842513,0.408328909138916,0.26913487224440813,0.1562479952012113,0.5147350097470944,0.7740636270407543,0.8,False,class_reliability_gamma_0p500,0.3,0.7744967034932158,42267e7253c4ee6a61336bda0a2ca5c66848f13fc52811ea39430bff39c7a1a7,a16924caafd3e1f690e43f74ecc5c394cc65f91e8ae3f896006090b50f11a66d
779,additive,1.0,SC,22,raw_light_geom_gate_0p200,0.35,1770,1925,1415,1114,301,656,0.7872791519434629,0.6293785310734463,20,0.9896103896103896,0.7694179069303699,0.7752809194002588,250,0.7031008719507358,0.6829741822594975,0.6544036723283961,0.6337174274927019,0.6071728880434557,0.5682894346237968,0.5063913041887205,0.4145815020843068,0.2706132954607673,0.1574221450880735,0.5198666723520451,0.7731756599273436,0.8,True,raw_light_geom_gate_0p200,0.35,0.7752809194002588,42267e7253c4ee6a61336bda0a2ca5c66848f13fc52811ea39430bff39c7a1a7,a16924caafd3e1f690e43f74ecc5c394cc65f91e8ae3f896006090b50f11a66d
779,additive,1.0,SCG,30,class_reliability_gamma_0p500,0.3,1770,1925,1440,1121,319,649,0.7784722222222222,0.6333333333333333,19,0.9901298701298701,0.7725241320462909,0.7744967034932158,265,0.7031008719507358,0.6829741822594975,0.6544036723283961,0.6337174274927019,0.6071728880434557,0.5682894346237968,0.5063913041887205,0.4145815020843068,0.2706132954607673,0.1574221450880735,0.5198666723520451,0.7740166456097941,0.8,True,class_reliability_gamma_0p500,0.3,0.7744967034932158,42267e7253c4ee6a61336bda0a2ca5c66848f13fc52811ea39430bff39c7a1a7,a16924caafd3e1f690e43f74ecc5c394cc65f91e8ae3f896006090b50f11a66d
779,additive,2.0,SC,22,raw_light_geom_gate_0p200,0.35,1770,1925,1415,1114,301,656,0.7872791519434629,0.6293785310734463,20,0.9896103896103896,0.7694179069303699,0.7752809194002588,250,0.7031008719507358,0.6829741822594975,0.6544036723283961,0.6337174274927019,0.6071728880434557,0.5682894346237968,0.5063913041887205,0.4145815020843068,0.2706132954607673,0.1574221450880735,0.5198666723520451,0.7731756599273436,0.8,True,raw_light_geom_gate_0p200,0.35,0.7752809194002588,42267e7253c4ee6a61336bda0a2ca5c66848f13fc52811ea39430bff39c7a1a7,a16924caafd3e1f690e43f74ecc5c394cc65f91e8ae3f896006090b50f11a66d
779,additive,2.0,SCG,30,class_reliability_gamma_0p500,0.3,1770,1925,1440,1121,319,649,0.7784722222222222,0.6333333333333333,19,0.9901298701298701,0.7725241320462909,0.7744967034932158,265,0.7031008719507358,0.6829741822594975,0.6544036723283961,0.6337174274927019,0.6071728880434557,0.5682894346237968,0.5063913041887205,0.4145815020843068,0.2706132954607673,0.1574221450880735,0.5198666723520451,0.7731568234101013,0.8,True,class_reliability_gamma_0p500,0.3,0.7744967034932158,42267e7253c4ee6a61336bda0a2ca5c66848f13fc52811ea39430bff39c7a1a7,a16924caafd3e1f690e43f74ecc5c394cc65f91e8ae3f896006090b50f11a66d
779,class_interactions,0.1,SC,62,raw_light_geom_gate_0p200,0.35,1770,1925,1415,1113,302,657,0.7865724381625442,0.6288135593220339,20,0.9896103896103896,0.768995579734784,0.7747665941936307,251,0.7031008719507358,0.6829741822594975,0.6544036723283961,0.6337174274927019,0.6071728880434557,0.5682894346237968,0.5063913041887205,0.4145815020843068,0.2706132954607673,0.1574221450880735,0.5198666723520451,0.773453482947201,0.8,True,raw_light_geom_gate_0p200,0.35,0.7747665941936307,42267e7253c4ee6a61336bda0a2ca5c66848f13fc52811ea39430bff39c7a1a7,a16924caafd3e1f690e43f74ecc5c394cc65f91e8ae3f896006090b50f11a66d
779,class_interactions,0.1,SCG,230,raw_light_geom_gate_0p200,0.35,1770,1925,1412,1113,299,657,0.7882436260623229,0.6288135593220339,19,0.9901298701298701,0.7691523699975255,0.7754125323472658,250,0.7030475068628036,0.6828658174375869,0.6542007858621267,0.6334507247215649,0.6070034591288221,0.5681581584734997,0.5062429720386323,0.4145621520164419,0.27056347927707314,0.15731049327051805,0.5197405549089069,0.7707755752257865,0.8,False,class_reliability_gamma_0p500,0.3,0.7744967034932158,42267e7253c4ee6a61336bda0a2ca5c66848f13fc52811ea39430bff39c7a1a7,a16924caafd3e1f690e43f74ecc5c394cc65f91e8ae3f896006090b50f11a66d
779,class_interactions,0.5,SC,62,class_reliability_gamma_0p500,0.3,1770,1925,1440,1121,319,649,0.7784722222222222,0.6333333333333333,19,0.9901298701298701,0.7725241320462909,0.7744967034932158,265,0.7031008719507358,0.6829741822594975,0.6544036723283961,0.6337174274927019,0.6071728880434557,0.5682894346237968,0.5063913041887205,0.4145815020843068,0.2706132954607673,0.1574221450880735,0.5198666723520451,0.7742837199566368,0.8,True,class_reliability_gamma_0p500,0.3,0.7744967034932158,42267e7253c4ee6a61336bda0a2ca5c66848f13fc52811ea39430bff39c7a1a7,a16924caafd3e1f690e43f74ecc5c394cc65f91e8ae3f896006090b50f11a66d
779,class_interactions,0.5,SCG,230,raw_light_geom_gate_0p200,0.35,1770,1925,1412,1112,300,658,0.7875354107648725,0.6282485875706215,20,0.9896103896103896,0.7685729575778464,0.7747914916651528,251,0.7032763354448517,0.6830582067368194,0.6542394548923414,0.6335163731201339,0.6070811330338021,0.5681752664270182,0.5062405991530186,0.4146560785707957,0.27065757657899103,0.1573071367858668,0.5198208160743638,0.7680264295544424,0.8,False,class_reliability_gamma_0p500,0.3,0.7744967034932158,42267e7253c4ee6a61336bda0a2ca5c66848f13fc52811ea39430bff39c7a1a7,a16924caafd3e1f690e43f74ecc5c394cc65f91e8ae3f896006090b50f11a66d
779,class_interactions,1.0,SC,62,geometry_risk_score,0.8,1770,1925,1568,1166,402,604,0.7436224489795918,0.6587570621468927,20,0.9896103896103896,0.7909799871804003,0.7745378592748947,339,0.7031008719507358,0.6829741822594975,0.6544036723283961,0.6337174274927019,0.6071728880434557,0.5682894346237968,0.5063913041887205,0.4145815020843068,0.2706132954607673,0.1574221450880735,0.5198666723520451,0.7745378592748947,0.8,True,geometry_risk_score,0.8,0.7745378592748947,42267e7253c4ee6a61336bda0a2ca5c66848f13fc52811ea39430bff39c7a1a7,a16924caafd3e1f690e43f74ecc5c394cc65f91e8ae3f896006090b50f11a66d
779,class_interactions,1.0,SCG,230,class_reliability_gamma_0p500,0.3,1770,1925,1440,1121,319,649,0.7784722222222222,0.6333333333333333,19,0.9901298701298701,0.7725241320462909,0.7744967034932158,265,0.7031008719507358,0.6829741822594975,0.6544036723283961,0.6337174274927019,0.6071728880434557,0.5682894346237968,0.5063913041887205,0.4145815020843068,0.2706132954607673,0.1574221450880735,0.5198666723520451,0.7658554284903918,0.8,True,class_reliability_gamma_0p500,0.3,0.7744967034932158,42267e7253c4ee6a61336bda0a2ca5c66848f13fc52811ea39430bff39c7a1a7,a16924caafd3e1f690e43f74ecc5c394cc65f91e8ae3f896006090b50f11a66d
779,class_interactions,2.0,SC,62,class_reliability_gamma_0p500,0.3,1770,1925,1440,1121,319,649,0.7784722222222222,0.6333333333333333,19,0.9901298701298701,0.7725241320462909,0.7744967034932158,265,0.7031008719507358,0.6829741822594975,0.6544036723283961,0.6337174274927019,0.6071728880434557,0.5682894346237968,0.5063913041887205,0.4145815020843068,0.2706132954607673,0.1574221450880735,0.5198666723520451,0.7738524641565615,0.8,True,class_reliability_gamma_0p500,0.3,0.7744967034932158,42267e7253c4ee6a61336bda0a2ca5c66848f13fc52811ea39430bff39c7a1a7,a16924caafd3e1f690e43f74ecc5c394cc65f91e8ae3f896006090b50f11a66d
779,class_interactions,2.0,SCG,230,class_reliability_gamma_0p500,0.3,1770,1925,1440,1121,319,649,0.7784722222222222,0.6333333333333333,19,0.9901298701298701,0.7725241320462909,0.7744967034932158,265,0.7031008719507358,0.6829741822594975,0.6544036723283961,0.6337174274927019,0.6071728880434557,0.5682894346237968,0.5063913041887205,0.4145815020843068,0.2706132954607673,0.1574221450880735,0.5198666723520451,0.7637032495401593,0.8,True,class_reliability_gamma_0p500,0.3,0.7744967034932158,42267e7253c4ee6a61336bda0a2ca5c66848f13fc52811ea39430bff39c7a1a7,a16924caafd3e1f690e43f74ecc5c394cc65f91e8ae3f896006090b50f11a66d
779,class_profile,0.1,SC,22,raw_light_geom_gate_0p200,0.35,1770,1925,1415,1114,301,656,0.7872791519434629,0.6293785310734463,20,0.9896103896103896,0.7694179069303699,0.7752809194002588,250,0.7031008719507358,0.6829741822594975,0.6544036723283961,0.6337174274927019,0.6071728880434557,0.5682894346237968,0.5063913041887205,0.4145815020843068,0.2706132954607673,0.1574221450880735,0.5198666723520451,0.7742995839453592,0.8,True,raw_light_geom_gate_0p200,0.35,0.7752809194002588,42267e7253c4ee6a61336bda0a2ca5c66848f13fc52811ea39430bff39c7a1a7,a16924caafd3e1f690e43f74ecc5c394cc65f91e8ae3f896006090b50f11a66d
779,class_profile,0.1,SCG,39,class_reliability_gamma_0p500,0.3,1770,1925,1440,1121,319,649,0.7784722222222222,0.6333333333333333,19,0.9901298701298701,0.7725241320462909,0.7744967034932158,265,0.7031008719507358,0.6829741822594975,0.6544036723283961,0.6337174274927019,0.6071728880434557,0.5682894346237968,0.5063913041887205,0.4145815020843068,0.2706132954607673,0.1574221450880735,0.5198666723520451,0.7710401369653986,0.8,True,class_reliability_gamma_0p500,0.3,0.7744967034932158,42267e7253c4ee6a61336bda0a2ca5c66848f13fc52811ea39430bff39c7a1a7,a16924caafd3e1f690e43f74ecc5c394cc65f91e8ae3f896006090b50f11a66d
779,class_profile,0.5,SC,22,raw_light_geom_gate_0p200,0.35,1770,1925,1415,1114,301,656,0.7872791519434629,0.6293785310734463,20,0.9896103896103896,0.7694179069303699,0.7752809194002588,250,0.7031008719507358,0.6829741822594975,0.6544036723283961,0.6337174274927019,0.6071728880434557,0.5682894346237968,0.5063913041887205,0.4145815020843068,0.2706132954607673,0.1574221450880735,0.5198666723520451,0.7731532413808399,0.8,True,raw_light_geom_gate_0p200,0.35,0.7752809194002588,42267e7253c4ee6a61336bda0a2ca5c66848f13fc52811ea39430bff39c7a1a7,a16924caafd3e1f690e43f74ecc5c394cc65f91e8ae3f896006090b50f11a66d
779,class_profile,0.5,SCG,39,class_reliability_gamma_0p500,0.3,1770,1925,1440,1121,319,649,0.7784722222222222,0.6333333333333333,19,0.9901298701298701,0.7725241320462909,0.7744967034932158,265,0.7031008719507358,0.6829741822594975,0.6544036723283961,0.6337174274927019,0.6071728880434557,0.5682894346237968,0.5063913041887205,0.4145815020843068,0.2706132954607673,0.1574221450880735,0.5198666723520451,0.7693616461122035,0.8,True,class_reliability_gamma_0p500,0.3,0.7744967034932158,42267e7253c4ee6a61336bda0a2ca5c66848f13fc52811ea39430bff39c7a1a7,a16924caafd3e1f690e43f74ecc5c394cc65f91e8ae3f896006090b50f11a66d
779,class_profile,1.0,SC,22,raw_light_geom_gate_0p200,0.35,1770,1925,1415,1114,301,656,0.7872791519434629,0.6293785310734463,20,0.9896103896103896,0.7694179069303699,0.7752809194002588,250,0.7031008719507358,0.6829741822594975,0.6544036723283961,0.6337174274927019,0.6071728880434557,0.5682894346237968,0.5063913041887205,0.4145815020843068,0.2706132954607673,0.1574221450880735,0.5198666723520451,0.7731756599273436,0.8,True,raw_light_geom_gate_0p200,0.35,0.7752809194002588,42267e7253c4ee6a61336bda0a2ca5c66848f13fc52811ea39430bff39c7a1a7,a16924caafd3e1f690e43f74ecc5c394cc65f91e8ae3f896006090b50f11a66d
779,class_profile,1.0,SCG,39,class_reliability_gamma_0p500,0.3,1770,1925,1440,1121,319,649,0.7784722222222222,0.6333333333333333,19,0.9901298701298701,0.7725241320462909,0.7744967034932158,265,0.7031008719507358,0.6829741822594975,0.6544036723283961,0.6337174274927019,0.6071728880434557,0.5682894346237968,0.5063913041887205,0.4145815020843068,0.2706132954607673,0.1574221450880735,0.5198666723520451,0.7693616461122035,0.8,True,class_reliability_gamma_0p500,0.3,0.7744967034932158,42267e7253c4ee6a61336bda0a2ca5c66848f13fc52811ea39430bff39c7a1a7,a16924caafd3e1f690e43f74ecc5c394cc65f91e8ae3f896006090b50f11a66d
779,class_profile,2.0,SC,22,raw_light_geom_gate_0p200,0.35,1770,1925,1415,1114,301,656,0.7872791519434629,0.6293785310734463,20,0.9896103896103896,0.7694179069303699,0.7752809194002588,250,0.7031008719507358,0.6829741822594975,0.6544036723283961,0.6337174274927019,0.6071728880434557,0.5682894346237968,0.5063913041887205,0.4145815020843068,0.2706132954607673,0.1574221450880735,0.5198666723520451,0.7731756599273436,0.8,True,raw_light_geom_gate_0p200,0.35,0.7752809194002588,42267e7253c4ee6a61336bda0a2ca5c66848f13fc52811ea39430bff39c7a1a7,a16924caafd3e1f690e43f74ecc5c394cc65f91e8ae3f896006090b50f11a66d
779,class_profile,2.0,SCG,39,class_reliability_gamma_0p500,0.3,1770,1925,1440,1121,319,649,0.7784722222222222,0.6333333333333333,19,0.9901298701298701,0.7725241320462909,0.7744967034932158,265,0.7031008719507358,0.6829741822594975,0.6544036723283961,0.6337174274927019,0.6071728880434557,0.5682894346237968,0.5063913041887205,0.4145815020843068,0.2706132954607673,0.1574221450880735,0.5198666723520451,0.7694471572581592,0.8,True,class_reliability_gamma_0p500,0.3,0.7744967034932158,42267e7253c4ee6a61336bda0a2ca5c66848f13fc52811ea39430bff39c7a1a7,a16924caafd3e1f690e43f74ecc5c394cc65f91e8ae3f896006090b50f11a66d
779,interactions_profile,0.1,SC,62,raw_light_geom_gate_0p200,0.35,1770,1925,1415,1113,302,657,0.7865724381625442,0.6288135593220339,20,0.9896103896103896,0.768995579734784,0.7747665941936307,251,0.7031008719507358,0.6829741822594975,0.6544036723283961,0.6337174274927019,0.6071728880434557,0.5682894346237968,0.5063913041887205,0.4145815020843068,0.2706132954607673,0.1574221450880735,0.5198666723520451,0.773453482947201,0.8,True,raw_light_geom_gate_0p200,0.35,0.7747665941936307,42267e7253c4ee6a61336bda0a2ca5c66848f13fc52811ea39430bff39c7a1a7,a16924caafd3e1f690e43f74ecc5c394cc65f91e8ae3f896006090b50f11a66d
779,interactions_profile,0.1,SCG,239,raw_light_geom_gate_0p200,0.35,1770,1925,1412,1112,300,658,0.7875354107648725,0.6282485875706215,19,0.9901298701298701,0.7687295755338017,0.7748975929779713,251,0.7029342293077425,0.6827042350607311,0.6537537362339989,0.6331376226291632,0.6067096033125305,0.5678800568924748,0.5060349800228133,0.4144527658122311,0.27048401585789,0.1572629902652946,0.5195354235394871,0.7704936818712065,0.8,False,class_reliability_gamma_0p500,0.3,0.7744967034932158,42267e7253c4ee6a61336bda0a2ca5c66848f13fc52811ea39430bff39c7a1a7,a16924caafd3e1f690e43f74ecc5c394cc65f91e8ae3f896006090b50f11a66d
779,interactions_profile,0.5,SC,62,class_reliability_gamma_0p500,0.3,1770,1925,1440,1121,319,649,0.7784722222222222,0.6333333333333333,19,0.9901298701298701,0.7725241320462909,0.7744967034932158,265,0.7031008719507358,0.6829741822594975,0.6544036723283961,0.6337174274927019,0.6071728880434557,0.5682894346237968,0.5063913041887205,0.4145815020843068,0.2706132954607673,0.1574221450880735,0.5198666723520451,0.7742837199566368,0.8,True,class_reliability_gamma_0p500,0.3,0.7744967034932158,42267e7253c4ee6a61336bda0a2ca5c66848f13fc52811ea39430bff39c7a1a7,a16924caafd3e1f690e43f74ecc5c394cc65f91e8ae3f896006090b50f11a66d
779,interactions_profile,0.5,SCG,239,raw_light_geom_gate_0p200,0.35,1770,1925,1412,1112,300,658,0.7875354107648725,0.6282485875706215,19,0.9901298701298701,0.7687295755338017,0.7748975929779713,252,0.7026308009006279,0.6824264633253394,0.653565946204591,0.632949770648142,0.6065466583477959,0.5677093277853349,0.5059025495217752,0.4143974687147794,0.27046283221863493,0.15726190494512762,0.5193853722612148,0.7658639529432122,0.8,False,class_reliability_gamma_0p500,0.3,0.7744967034932158,42267e7253c4ee6a61336bda0a2ca5c66848f13fc52811ea39430bff39c7a1a7,a16924caafd3e1f690e43f74ecc5c394cc65f91e8ae3f896006090b50f11a66d
779,interactions_profile,1.0,SC,62,geometry_risk_score,0.8,1770,1925,1568,1166,402,604,0.7436224489795918,0.6587570621468927,20,0.9896103896103896,0.7909799871804003,0.7745378592748947,339,0.7031008719507358,0.6829741822594975,0.6544036723283961,0.6337174274927019,0.6071728880434557,0.5682894346237968,0.5063913041887205,0.4145815020843068,0.2706132954607673,0.1574221450880735,0.5198666723520451,0.7745378592748947,0.8,True,geometry_risk_score,0.8,0.7745378592748947,42267e7253c4ee6a61336bda0a2ca5c66848f13fc52811ea39430bff39c7a1a7,a16924caafd3e1f690e43f74ecc5c394cc65f91e8ae3f896006090b50f11a66d
779,interactions_profile,1.0,SCG,239,class_reliability_gamma_0p500,0.3,1770,1925,1440,1121,319,649,0.7784722222222222,0.6333333333333333,19,0.9901298701298701,0.7725241320462909,0.7744967034932158,265,0.7031008719507358,0.6829741822594975,0.6544036723283961,0.6337174274927019,0.6071728880434557,0.5682894346237968,0.5063913041887205,0.4145815020843068,0.2706132954607673,0.1574221450880735,0.5198666723520451,0.7646940683420657,0.8,True,class_reliability_gamma_0p500,0.3,0.7744967034932158,42267e7253c4ee6a61336bda0a2ca5c66848f13fc52811ea39430bff39c7a1a7,a16924caafd3e1f690e43f74ecc5c394cc65f91e8ae3f896006090b50f11a66d
779,interactions_profile,2.0,SC,62,class_reliability_gamma_0p500,0.3,1770,1925,1440,1121,319,649,0.7784722222222222,0.6333333333333333,19,0.9901298701298701,0.7725241320462909,0.7744967034932158,265,0.7031008719507358,0.6829741822594975,0.6544036723283961,0.6337174274927019,0.6071728880434557,0.5682894346237968,0.5063913041887205,0.4145815020843068,0.2706132954607673,0.1574221450880735,0.5198666723520451,0.7738524641565615,0.8,True,class_reliability_gamma_0p500,0.3,0.7744967034932158,42267e7253c4ee6a61336bda0a2ca5c66848f13fc52811ea39430bff39c7a1a7,a16924caafd3e1f690e43f74ecc5c394cc65f91e8ae3f896006090b50f11a66d
779,interactions_profile,2.0,SCG,239,class_reliability_gamma_0p500,0.3,1770,1925,1440,1121,319,649,0.7784722222222222,0.6333333333333333,19,0.9901298701298701,0.7725241320462909,0.7744967034932158,265,0.7031008719507358,0.6829741822594975,0.6544036723283961,0.6337174274927019,0.6071728880434557,0.5682894346237968,0.5063913041887205,0.4145815020843068,0.2706132954607673,0.1574221450880735,0.5198666723520451,0.7615514977620612,0.8,True,class_reliability_gamma_0p500,0.3,0.7744967034932158,42267e7253c4ee6a61336bda0a2ca5c66848f13fc52811ea39430bff39c7a1a7,a16924caafd3e1f690e43f74ecc5c394cc65f91e8ae3f896006090b50f11a66d
