score_col,threshold,score_family,alpha,gamma,B,P,R,URR,UFA,BG_FP,accepted,known_TP,Coverage,AP50,AP75,AP,source_script
raw_score,0.0021775956265627,raw,,,0.3453517875168305,0.1623277998347944,0.8246362098138748,0.7611715595702457,3490,56073,75058,12184,5.650681321990514,,,,scripts/jksucis_final_round_precision.py; carried forward by scripts/jksucis_final_11_issue_closure.py
raw_score,0.0064867450855672,raw,,,0.4609213544711453,0.2453246673615794,0.8123857868020304,0.8322726339560665,2451,32355,48927,12003,3.683429948053904,,,,scripts/jksucis_final_round_precision.py; carried forward by scripts/jksucis_final_11_issue_closure.py
raw_score,0.0266128741204738,raw,,,0.6109707842943076,0.3933614153327717,0.7900507614213198,0.9072059125436256,1356,15455,29675,11673,2.234058571105925,,,,scripts/jksucis_final_round_precision.py; carried forward by scripts/jksucis_final_11_issue_closure.py
raw_score,0.05,raw,,,0.6675424367798267,0.4695034295806465,0.7736717428087987,0.9331417231232464,977,10990,24347,11431,1.8329443649777912,,,,scripts/jksucis_final_round_precision.py; carried forward by scripts/jksucis_final_11_issue_closure.py
raw_score,0.0806800574064254,raw,,,0.7053887738693118,0.5327040427154843,0.7562774957698816,0.9492232943269692,742,8282,20976,11174,1.5791613340359858,,,,scripts/jksucis_final_round_precision.py; carried forward by scripts/jksucis_final_11_issue_closure.py
raw_score,0.1,raw,,,0.7208470176132714,0.5632054752540988,0.7463282571912013,0.9557243550263465,647,7202,19579,11027,1.4739893096439058,,,,scripts/jksucis_final_round_precision.py; carried forward by scripts/jksucis_final_11_issue_closure.py
raw_score,0.15,raw,,,0.7456564461292667,0.6226931361704605,0.7239255499153976,0.9652364333128036,508,5399,17177,10696,1.2931566664157192,,,,scripts/jksucis_final_round_precision.py; carried forward by scripts/jksucis_final_11_issue_closure.py
raw_score,0.2,raw,,,0.7598090703381797,0.6667948225041651,0.7042978003384095,0.9720112228837336,409,4289,15606,10406,1.1748851915982834,,,,scripts/jksucis_final_round_precision.py; carried forward by scripts/jksucis_final_11_issue_closure.py
raw_score,0.25,raw,,,0.7678238511616741,0.7047233091112354,0.6826395939086295,0.9772805036611236,332,3476,14312,10086,1.0774674395844313,,,,scripts/jksucis_final_round_precision.py; carried forward by scripts/jksucis_final_11_issue_closure.py
raw_score,0.3,raw,,,0.7713407225076522,0.736053602348867,0.6617258883248731,0.9808389789913092,280,2875,13283,9777,1.0,,,,scripts/jksucis_final_round_precision.py; carried forward by scripts/jksucis_final_11_issue_closure.py
raw_score,0.35,raw,,,0.7686143540967932,0.7607833616573602,0.6362774957698816,0.9832341066173956,245,2402,12357,9401,0.9302868327937964,,,,scripts/jksucis_final_round_precision.py; carried forward by scripts/jksucis_final_11_issue_closure.py
raw_score,0.4,raw,,,0.764063328949916,0.7849555981194498,0.6102199661590525,0.9865188530760282,197,2003,11486,9016,0.8647142964691711,,,,scripts/jksucis_final_round_precision.py; carried forward by scripts/jksucis_final_11_issue_closure.py
raw_score,0.4293421804904938,raw,,,0.7616755901245652,0.7986243098922979,0.5972250423011845,0.9880243618695682,175,1799,11049,8824,0.8318151020100881,,,,scripts/jksucis_final_round_precision.py; carried forward by scripts/jksucis_final_11_issue_closure.py
raw_score,0.5,raw,,,0.7492305505340764,0.8317021491272324,0.557901861252115,0.9907616505850956,135,1327,9911,8243,0.7461416848603478,,,,scripts/jksucis_final_round_precision.py; carried forward by scripts/jksucis_final_11_issue_closure.py
raw_score,0.6,raw,,,0.7171886153478446,0.8706824429305605,0.493062605752961,0.9937042359542873,92,852,8367,7285,0.6299028833847775,,,,scripts/jksucis_final_round_precision.py; carried forward by scripts/jksucis_final_11_issue_closure.py
raw_score,0.7,raw,,,0.6683978365972203,0.911595697657286,0.4187478849407783,0.9967152535413673,48,465,6787,6187,0.5109538507867198,,,,scripts/jksucis_final_round_precision.py; carried forward by scripts/jksucis_final_11_issue_closure.py
raw_score,0.7869471609592438,raw,,,0.5947269851775208,0.9448473282442748,0.3350930626057529,0.9982891945527954,25,219,5240,4951,0.3944891967176089,,,,scripts/jksucis_final_round_precision.py; carried forward by scripts/jksucis_final_11_issue_closure.py
raw_score,0.8,raw,,,0.5788391572267947,0.9502918092171464,0.3195939086294416,0.99849449120646,22,188,4969,4722,0.3740871791011066,,,,scripts/jksucis_final_round_precision.py; carried forward by scripts/jksucis_final_11_issue_closure.py
raw_score,0.9,raw,,,0.3671379447337336,0.982808022922636,0.1625042301184433,0.9998631355642236,2,34,2443,2401,0.1839192953399081,,,,scripts/jksucis_final_round_precision.py; carried forward by scripts/jksucis_final_11_issue_closure.py
raw_score,0.9802049994468688,raw,,,0.0004059814601799,1.0,0.0001353637901861,1.0,0,0,2,2,0.0001505683956937,,,,scripts/jksucis_final_round_precision.py; carried forward by scripts/jksucis_final_11_issue_closure.py
geometry_risk_score,0.0287969509480488,geometry_probability,,,0.3455162555225644,0.1616283382789317,0.8257868020304568,0.7784164784780675,3238,57288,75488,12201,5.683053527064669,,,,scripts/jksucis_final_round_precision.py; carried forward by scripts/jksucis_final_11_issue_closure.py
geometry_risk_score,0.05,geometry_probability,,,0.414680771891938,0.2080461942978913,0.8193570219966159,0.8282351331006638,2510,41482,58189,12106,4.380712188511631,,,,scripts/jksucis_final_round_precision.py; carried forward by scripts/jksucis_final_11_issue_closure.py
geometry_risk_score,0.0682407512655606,geometry_probability,,,0.4594768817181897,0.2419069449471186,0.8142808798646363,0.8567029357421474,2094,33825,49734,12031,3.744184295716329,,,,scripts/jksucis_final_round_precision.py; carried forward by scripts/jksucis_final_11_issue_closure.py
geometry_risk_score,0.1,geometry_probability,,,0.5164353347796455,0.2904223705363667,0.8069712351945855,0.8876342982276055,1642,26028,41054,11923,3.090717458405481,,,,scripts/jksucis_final_round_precision.py; carried forward by scripts/jksucis_final_11_issue_closure.py
geometry_risk_score,0.15,geometry_probability,,,0.5777509013185868,0.3509736881224914,0.798984771573604,0.9159652364333128,1228,19425,33635,11805,2.5321839945795377,,,,scripts/jksucis_final_round_precision.py; carried forward by scripts/jksucis_final_11_issue_closure.py
geometry_risk_score,0.1952525573434751,geometry_probability,,,0.6153441389120778,0.3940262279607592,0.7910659898477157,0.9317046465475948,998,15946,29663,11688,2.2331551607317626,,,,scripts/jksucis_final_round_precision.py; carried forward by scripts/jksucis_final_11_issue_closure.py
geometry_risk_score,0.2,geometry_probability,,,0.6190026964650663,0.3983764794160783,0.7905245346869713,0.9334154519947993,973,15648,29319,11680,2.2072573966724383,,,,scripts/jksucis_final_round_precision.py; carried forward by scripts/jksucis_final_11_issue_closure.py
geometry_risk_score,0.25,geometry_probability,,,0.6493455777651956,0.4376063206441613,0.7834856175972927,0.9447067679463492,808,13181,26453,11576,1.991492885643304,,,,scripts/jksucis_final_round_precision.py; carried forward by scripts/jksucis_final_11_issue_closure.py
geometry_risk_score,0.3,geometry_probability,,,0.6728926622082977,0.471250205355676,0.7765820642978003,0.9536029562718128,678,11386,24348,11474,1.833019649175638,,,,scripts/jksucis_final_round_precision.py; carried forward by scripts/jksucis_final_11_issue_closure.py
geometry_risk_score,0.35,geometry_probability,,,0.6926628312387861,0.5026296018031555,0.769746192893401,0.9592828303565318,595,9921,22627,11373,1.7034555446811714,,,,scripts/jksucis_final_round_precision.py; carried forward by scripts/jksucis_final_11_issue_closure.py
geometry_risk_score,0.4,geometry_probability,,,0.7087508042271291,0.5309346411393002,0.7620304568527919,0.9642783822623692,522,8750,21206,11259,1.5964766995407664,,,,scripts/jksucis_final_round_precision.py; carried forward by scripts/jksucis_final_11_issue_closure.py
geometry_risk_score,0.419879722041568,geometry_probability,,,0.7143888147967251,0.5416545858703006,0.7586463620981387,0.96612605214535,495,8335,20694,11209,1.557931190243168,,,,scripts/jksucis_final_round_precision.py; carried forward by scripts/jksucis_final_11_issue_closure.py
geometry_risk_score,0.5,geometry_probability,,,0.7351754384779746,0.5839157136806438,0.7464636209813875,0.9723533839731746,404,6883,18888,11029,1.4219679289317173,,,,scripts/jksucis_final_round_precision.py; carried forward by scripts/jksucis_final_11_issue_closure.py
geometry_risk_score,0.6,geometry_probability,,,0.7563441507198216,0.6365089703357215,0.727580372250423,0.9794703346335456,300,5352,16889,10750,1.27147481743582,,,,scripts/jksucis_final_round_precision.py; carried forward by scripts/jksucis_final_11_issue_closure.py
geometry_risk_score,0.7,geometry_probability,,,0.7708384159346899,0.6888327908058194,0.7017935702199661,0.9850133442824882,219,4055,15053,10369,1.1332530301889634,,,,scripts/jksucis_final_round_precision.py; carried forward by scripts/jksucis_final_11_issue_closure.py
geometry_risk_score,0.8,geometry_probability,,,0.7772272412278768,0.7450220398236814,0.6634856175972927,0.9896667350988846,151,2886,13158,9803,0.990589475269141,,,,scripts/jksucis_final_round_precision.py; carried forward by scripts/jksucis_final_11_issue_closure.py
geometry_risk_score,0.8952367075281613,geometry_probability,,,0.7657921759134896,0.8103606919396393,0.5960744500846024,0.9941832614795044,85,1781,10868,8807,0.8181886621998042,,,,scripts/jksucis_final_round_precision.py; carried forward by scripts/jksucis_final_11_issue_closure.py
geometry_risk_score,0.9,geometry_probability,,,0.7636992797618422,0.8141749929965449,0.5901184433164128,0.9945938547868336,79,1722,10709,8719,0.8062184747421516,,,,scripts/jksucis_final_round_precision.py; carried forward by scripts/jksucis_final_11_issue_closure.py
geometry_risk_score,0.9822843878437452,geometry_probability,,,0.6015289746077289,0.9404540379605508,0.3420642978003384,0.9994525422568944,8,280,5374,5054,0.4045772792290898,,,,scripts/jksucis_final_round_precision.py; carried forward by scripts/jksucis_final_11_issue_closure.py
geometry_risk_score,0.9988752067780098,geometry_probability,,,0.0004059814601799,1.0,0.0001353637901861,1.0,0,0,2,2,0.0001505683956937,,,,scripts/jksucis_final_round_precision.py; carried forward by scripts/jksucis_final_11_issue_closure.py
geometry_alpha_0p050,0.003669598435204,raw_geometry_alpha_blend,0.05,,0.346304920530853,0.1627041306436119,0.8253807106598985,0.766167111476083,3417,56191,74952,12195,5.642701197018746,,,,scripts/jksucis_final_round_precision.py; carried forward by scripts/jksucis_final_11_issue_closure.py
geometry_alpha_0p050,0.0097263194716421,raw_geometry_alpha_blend,0.05,,0.4600830825785703,0.2441359404853856,0.812927241962775,0.8372681858619038,2378,32772,49198,12011,3.703831965670406,,,,scripts/jksucis_final_round_precision.py; carried forward by scripts/jksucis_final_11_issue_closure.py
geometry_alpha_0p050,0.0352865358388441,raw_geometry_alpha_blend,0.05,,0.6128588139176061,0.3945484023508748,0.7905922165820642,0.91268048997468,1276,15495,29606,11681,2.2288639614544907,,,,scripts/jksucis_final_round_precision.py; carried forward by scripts/jksucis_final_11_issue_closure.py
geometry_alpha_0p050,0.05,raw_geometry_alpha_blend,0.05,,0.647529122997755,0.4393714568352166,0.781590524534687,0.9280093067816328,1052,12666,26283,11548,1.9786945720093352,,,,scripts/jksucis_final_round_precision.py; carried forward by scripts/jksucis_final_11_issue_closure.py
geometry_alpha_0p050,0.0969964732870545,raw_geometry_alpha_blend,0.05,,0.7064245609379132,0.5332951999618666,0.7572250423011845,0.9514815575172793,709,8324,20979,11188,1.5793871866295264,,,,scripts/jksucis_final_round_precision.py; carried forward by scripts/jksucis_final_11_issue_closure.py
geometry_alpha_0p050,0.1,raw_geometry_alpha_blend,0.05,,0.7091255952785281,0.5384986491702045,0.7554653130287649,0.952508040785602,694,8126,20728,11162,1.5604908529699617,,,,scripts/jksucis_final_round_precision.py; carried forward by scripts/jksucis_final_11_issue_closure.py
geometry_alpha_0p050,0.15,raw_geometry_alpha_blend,0.05,,0.7390521653681145,0.6029027414780627,0.7338071065989847,0.9635256278655993,533,6005,17983,10842,1.353835729880298,,,,scripts/jksucis_final_round_precision.py; carried forward by scripts/jksucis_final_11_issue_closure.py
geometry_alpha_0p050,0.2,raw_geometry_alpha_blend,0.05,,0.7550860770589652,0.648894908576002,0.7133671742808798,0.9707110107438582,428,4752,16243,10540,1.222841225626741,,,,scripts/jksucis_final_round_precision.py; carried forward by scripts/jksucis_final_11_issue_closure.py
geometry_alpha_0p050,0.25,raw_geometry_alpha_blend,0.05,,0.7667181049830357,0.690655715632153,0.6943485617597293,0.97591185930336,352,3796,14854,10259,1.1182714748174358,,,,scripts/jksucis_final_round_precision.py; carried forward by scripts/jksucis_final_11_issue_closure.py
geometry_alpha_0p050,0.3,raw_geometry_alpha_blend,0.05,,0.7716733655774691,0.7240474976324033,0.6726903553299493,0.98042838568398,286,3122,13727,9939,1.033426183844011,,,,scripts/jksucis_final_round_precision.py; carried forward by scripts/jksucis_final_11_issue_closure.py
geometry_alpha_0p050,0.35,raw_geometry_alpha_blend,0.05,,0.7706960969689698,0.7500391297542651,0.648663282571912,0.9826182166564018,254,2609,12778,9584,0.9619814800873296,,,,scripts/jksucis_final_round_precision.py; carried forward by scripts/jksucis_final_11_issue_closure.py
geometry_alpha_0p050,0.4,raw_geometry_alpha_blend,0.05,,0.7673793452674418,0.7753159224936815,0.6228764805414552,0.9860398275508108,204,2177,11870,9203,0.89362342844237,,,,scripts/jksucis_final_round_precision.py; carried forward by scripts/jksucis_final_11_issue_closure.py
geometry_alpha_0p050,0.4522948079682033,raw_geometry_alpha_blend,0.05,,0.7622006154758681,0.7998912452419793,0.5973604060913705,0.9883665229590092,170,1789,11034,8826,0.830685839042385,,,,scripts/jksucis_final_round_precision.py; carried forward by scripts/jksucis_final_11_issue_closure.py
geometry_alpha_0p050,0.5,raw_geometry_alpha_blend,0.05,,0.7538807958421883,0.8231039874902267,0.5700169204737733,0.9899404639704372,147,1447,10232,8422,0.7703079123691937,,,,scripts/jksucis_final_round_precision.py; carried forward by scripts/jksucis_final_11_issue_closure.py
geometry_alpha_0p050,0.6,raw_geometry_alpha_blend,0.05,,0.7241376859850629,0.8636521336879843,0.5054483925549915,0.9934989393006228,95,931,8647,7468,0.6509824587819016,,,,scripts/jksucis_final_round_precision.py; carried forward by scripts/jksucis_final_11_issue_closure.py
geometry_alpha_0p050,0.7,raw_geometry_alpha_blend,0.05,,0.6769974005536336,0.9073121965152814,0.4299830795262267,0.9965099568877028,51,506,7002,6353,0.5271399533237974,,,,scripts/jksucis_final_round_precision.py; carried forward by scripts/jksucis_final_11_issue_closure.py
geometry_alpha_0p050,0.7968951203478783,raw_geometry_alpha_blend,0.05,,0.5942671319674964,0.9451347734658764,0.3346192893401015,0.9982891945527954,25,218,5231,4944,0.3938116389369871,,,,scripts/jksucis_final_round_precision.py; carried forward by scripts/jksucis_final_11_issue_closure.py
geometry_alpha_0p050,0.8,raw_geometry_alpha_blend,0.05,,0.5905292403233882,0.9465634075508228,0.3308967851099831,0.9983576267706836,24,210,5165,4889,0.3888428818790936,,,,scripts/jksucis_final_round_precision.py; carried forward by scripts/jksucis_final_11_issue_closure.py
geometry_alpha_0p050,0.9,raw_geometry_alpha_blend,0.05,,0.3833182580001056,0.981860285604014,0.1721827411167512,0.9998631355642236,2,37,2591,2544,0.1950613566212452,,,,scripts/jksucis_final_round_precision.py; carried forward by scripts/jksucis_final_11_issue_closure.py
geometry_alpha_0p050,0.98113802739193,raw_geometry_alpha_blend,0.05,,0.0004059814601799,1.0,0.0001353637901861,1.0,0,0,2,2,0.0001505683956937,,,,scripts/jksucis_final_round_precision.py; carried forward by scripts/jksucis_final_11_issue_closure.py
geometry_alpha_0p100,0.00510251294759,raw_geometry_alpha_blend,0.1,,0.3458567064467417,0.1623334265212934,0.8253130287648054,0.7678779169232874,3392,56483,75117,12194,5.65512308966348,,,,scripts/jksucis_final_round_precision.py; carried forward by scripts/jksucis_final_11_issue_closure.py
geometry_alpha_0p100,0.0129180135507796,raw_geometry_alpha_blend,0.1,,0.4601876332441333,0.2437734319586584,0.8141455160744501,0.8413056867173065,2319,33005,49345,12029,3.714898742753896,,,,scripts/jksucis_final_round_precision.py; carried forward by scripts/jksucis_final_11_issue_closure.py
geometry_alpha_0p100,0.0438371176239475,raw_geometry_alpha_blend,0.1,,0.6129892146531504,0.3942093541202672,0.7906598984771573,0.915280914254431,1238,15592,29634,11682,2.230971918994203,,,,scripts/jksucis_final_round_precision.py; carried forward by scripts/jksucis_final_11_issue_closure.py
geometry_alpha_0p100,0.05,raw_geometry_alpha_blend,0.1,,0.6278513154370898,0.412565111087488,0.7880203045685279,0.9213713816464792,1149,14352,28221,11643,2.124595347436573,,,,scripts/jksucis_final_round_precision.py; carried forward by scripts/jksucis_final_11_issue_closure.py
geometry_alpha_0p100,0.1,raw_geometry_alpha_blend,0.1,,0.6975653578847858,0.5154987445788632,0.7642639593908629,0.9502497775952918,727,9091,21905,11292,1.6491003538357298,,,,scripts/jksucis_final_round_precision.py; carried forward by scripts/jksucis_final_11_issue_closure.py
geometry_alpha_0p100,0.113192008337494,raw_geometry_alpha_blend,0.1,,0.7081912969418122,0.5347483901740997,0.7587817258883248,0.954013549579142,672,8335,20965,11211,1.5783332078596704,,,,scripts/jksucis_final_round_precision.py; carried forward by scripts/jksucis_final_11_issue_closure.py
geometry_alpha_0p100,0.15,raw_geometry_alpha_blend,0.1,,0.731189860370091,0.5824753210911793,0.7428087986463621,0.9616779579826182,560,6671,18842,10975,1.4185048558307611,,,,scripts/jksucis_final_round_precision.py; carried forward by scripts/jksucis_final_11_issue_closure.py
geometry_alpha_0p100,0.2,raw_geometry_alpha_blend,0.1,,0.7506362203838816,0.632570819011497,0.7224365482233502,0.9694107986039828,447,5202,16874,10674,1.270345554468117,,,,scripts/jksucis_final_round_precision.py; carried forward by scripts/jksucis_final_11_issue_closure.py
geometry_alpha_0p100,0.25,raw_geometry_alpha_blend,0.1,,0.7626686791910676,0.672661405097684,0.7037563451776649,0.9746800793813728,370,4208,15458,10398,1.1637431303169463,,,,scripts/jksucis_final_round_precision.py; carried forward by scripts/jksucis_final_11_issue_closure.py
geometry_alpha_0p100,0.3,raw_geometry_alpha_blend,0.1,,0.770190021302762,0.7089976820959472,0.6831810490693739,0.9794703346335456,300,3435,14237,10094,1.0718211247459155,,,,scripts/jksucis_final_round_precision.py; carried forward by scripts/jksucis_final_11_issue_closure.py
geometry_alpha_0p100,0.35,raw_geometry_alpha_blend,0.1,,0.7726803049665787,0.7388183741311575,0.6618612521150592,0.9821391911311844,261,2853,13236,9779,0.996461642701197,,,,scripts/jksucis_final_round_precision.py; carried forward by scripts/jksucis_final_11_issue_closure.py
geometry_alpha_0p100,0.4,raw_geometry_alpha_blend,0.1,,0.7701151994702004,0.7643327640888021,0.6361421319796954,0.9850133442824882,219,2374,12297,9399,0.9257697809229842,,,,scripts/jksucis_final_round_precision.py; carried forward by scripts/jksucis_final_11_issue_closure.py
geometry_alpha_0p100,0.4747556799223563,raw_geometry_alpha_blend,0.1,,0.7625941222616499,0.8006165563514371,0.5976311336717428,0.9885033873947856,168,1787,11029,8830,0.8303094180531506,,,,scripts/jksucis_final_round_precision.py; carried forward by scripts/jksucis_final_11_issue_closure.py
geometry_alpha_0p100,0.5,raw_geometry_alpha_blend,0.1,,0.7587625199910656,0.8135913166588014,0.5834179357021997,0.98946143844522,154,1598,10595,8620,0.7976360761876082,,,,scripts/jksucis_final_round_precision.py; carried forward by scripts/jksucis_final_11_issue_closure.py
geometry_alpha_0p100,0.6,raw_geometry_alpha_blend,0.1,,0.7308353060718469,0.8556585856328902,0.5183756345177665,0.9929514815575172,103,1026,8951,7659,0.6738688549273507,,,,scripts/jksucis_final_round_precision.py; carried forward by scripts/jksucis_final_11_issue_closure.py
geometry_alpha_0p100,0.7,raw_geometry_alpha_blend,0.1,,0.6856733196290022,0.901103448275862,0.442165820642978,0.9960993635803737,57,565,7250,6533,0.5458104343898216,,,,scripts/jksucis_final_round_precision.py; carried forward by scripts/jksucis_final_11_issue_closure.py
geometry_alpha_0p100,0.8,raw_geometry_alpha_blend,0.1,,0.6035474861342234,0.9430109522925562,0.343824027072758,0.9982891945527954,25,233,5387,5080,0.4055559738010991,,,,scripts/jksucis_final_round_precision.py; carried forward by scripts/jksucis_final_11_issue_closure.py
geometry_alpha_0p100,0.8066439713863784,raw_geometry_alpha_blend,0.1,,0.5940325778992462,0.9454545454545454,0.3343485617597292,0.9983576267706836,24,218,5225,4940,0.3933599337499059,,,,scripts/jksucis_final_round_precision.py; carried forward by scripts/jksucis_final_11_issue_closure.py
geometry_alpha_0p100,0.9,raw_geometry_alpha_blend,0.1,,0.3998011450305525,0.9792877906976744,0.1824027072758037,0.9997947033463356,3,45,2752,2695,0.2071821124745916,,,,scripts/jksucis_final_round_precision.py; carried forward by scripts/jksucis_final_11_issue_closure.py
geometry_alpha_0p100,0.9820710553369916,raw_geometry_alpha_blend,0.1,,0.0004059814601799,1.0,0.0001353637901861,1.0,0,0,2,2,0.0001505683956937,,,,scripts/jksucis_final_round_precision.py; carried forward by scripts/jksucis_final_11_issue_closure.py
geometry_alpha_0p200,0.007852339558641,raw_geometry_alpha_blend,0.2,,0.3452873211921355,0.1618283136526469,0.8255160744500846,0.7706152056388147,3352,56868,75370,12197,5.674169991718738,,,,scripts/jksucis_final_round_precision.py; carried forward by scripts/jksucis_final_11_issue_closure.py
geometry_alpha_0p200,0.0191490158327479,raw_geometry_alpha_blend,0.2,,0.4592776894734155,0.2426458736299162,0.815093062605753,0.8446588653938274,2270,33391,49632,12043,3.736505307535948,,,,scripts/jksucis_final_round_precision.py; carried forward by scripts/jksucis_final_11_issue_closure.py
geometry_alpha_0p200,0.05,raw_geometry_alpha_blend,0.2,,0.5892035535829133,0.3654902691125803,0.7969543147208121,0.9084376924656128,1338,17897,32217,11775,2.4254310020326733,,,,scripts/jksucis_final_round_precision.py; carried forward by scripts/jksucis_final_11_issue_closure.py
geometry_alpha_0p200,0.0609114564157732,raw_geometry_alpha_blend,0.2,,0.6138397699413479,0.3941313209581242,0.7918104906937394,0.9198658728529392,1171,15704,29683,11699,2.2346608446887,,,,scripts/jksucis_final_round_precision.py; carried forward by scripts/jksucis_final_11_issue_closure.py
geometry_alpha_0p200,0.1,raw_geometry_alpha_blend,0.2,,0.6708925015920549,0.4712435765673176,0.7758375634517767,0.94279066584548,836,11137,24325,11463,1.83128811262516,,,,scripts/jksucis_final_round_precision.py; carried forward by scripts/jksucis_final_11_issue_closure.py
geometry_alpha_0p200,0.1472036048202672,raw_geometry_alpha_blend,0.2,,0.7102999894314344,0.5368758370001914,0.7597292724196277,0.9572298638198864,625,8337,20908,11225,1.5740420085823985,,,,scripts/jksucis_final_round_precision.py; carried forward by scripts/jksucis_final_11_issue_closure.py
geometry_alpha_0p200,0.15,raw_geometry_alpha_blend,0.2,,0.7116298838298806,0.539713886614325,0.7583756345177665,0.9576404571272156,619,8223,20761,11205,1.5629752314989085,,,,scripts/jksucis_final_round_precision.py; carried forward by scripts/jksucis_final_11_issue_closure.py
geometry_alpha_0p200,0.2,raw_geometry_alpha_blend,0.2,,0.7377597788524898,0.5952225486995321,0.7403722504230118,0.9655785944022446,503,6338,18378,10939,1.3835729880298124,,,,scripts/jksucis_final_round_precision.py; carried forward by scripts/jksucis_final_11_issue_closure.py
geometry_alpha_0p200,0.25,raw_geometry_alpha_blend,0.2,,0.7536982791184026,0.6387274579114492,0.7215566835871404,0.9719427906658454,410,5086,16691,10661,1.2565685462621397,,,,scripts/jksucis_final_round_precision.py; carried forward by scripts/jksucis_final_11_issue_closure.py
geometry_alpha_0p200,0.3,raw_geometry_alpha_blend,0.2,,0.7644635440872973,0.6760078023407022,0.703688663282572,0.9765961814822418,342,4169,15380,10397,1.1578709628848904,,,,scripts/jksucis_final_round_precision.py; carried forward by scripts/jksucis_final_11_issue_closure.py
geometry_alpha_0p200,0.35,raw_geometry_alpha_blend,0.2,,0.771863214434583,0.7115506440487084,0.6841962774957698,0.9806336823376446,283,3418,14207,10109,1.0695625988105095,,,,scripts/jksucis_final_round_precision.py; carried forward by scripts/jksucis_final_11_issue_closure.py
geometry_alpha_0p200,0.4,raw_geometry_alpha_blend,0.2,,0.7738713523910796,0.7410606060606061,0.6620642978003384,0.9835078354889482,241,2839,13200,9782,0.9937514115787096,,,,scripts/jksucis_final_round_precision.py; carried forward by scripts/jksucis_final_11_issue_closure.py
geometry_alpha_0p200,0.5,raw_geometry_alpha_blend,0.2,,0.7656378236819988,0.7925011027790031,0.6079864636209814,0.9884349551768972,169,1931,11335,8983,0.8533463825942934,,,,scripts/jksucis_final_round_precision.py; carried forward by scripts/jksucis_final_11_issue_closure.py
geometry_alpha_0p200,0.5192230880904117,raw_geometry_alpha_blend,0.2,,0.7633015687938363,0.8009418583589929,0.5985786802030457,0.9889824129200028,161,1798,11042,8844,0.83128811262516,,,,scripts/jksucis_final_round_precision.py; carried forward by scripts/jksucis_final_11_issue_closure.py
geometry_alpha_0p200,0.6,raw_geometry_alpha_blend,0.2,,0.7446282206037199,0.8400291423813488,0.5462605752961083,0.9922671593786354,113,1237,9608,8071,0.7233305729127456,,,,scripts/jksucis_final_round_precision.py; carried forward by scripts/jksucis_final_11_issue_closure.py
geometry_alpha_0p200,0.7,raw_geometry_alpha_blend,0.2,,0.7030519353958516,0.8880328710837185,0.468087986463621,0.9953466091836036,68,695,7788,6916,0.5863133328314387,,,,scripts/jksucis_final_round_precision.py; carried forward by scripts/jksucis_final_11_issue_closure.py
geometry_alpha_0p200,0.8,raw_geometry_alpha_blend,0.2,,0.6266787566398747,0.933630595095181,0.3684602368866328,0.9979470334633546,30,300,5831,5444,0.4389821576451103,,,,scripts/jksucis_final_round_precision.py; carried forward by scripts/jksucis_final_11_issue_closure.py
geometry_alpha_0p200,0.8262428547873265,raw_geometry_alpha_blend,0.2,,0.5937001348287948,0.946116970278044,0.3339424703891709,0.9984260589885718,23,217,5215,4934,0.3926070917714371,,,,scripts/jksucis_final_round_precision.py; carried forward by scripts/jksucis_final_11_issue_closure.py
geometry_alpha_0p200,0.9,raw_geometry_alpha_blend,0.2,,0.4386407836690185,0.9758346581875994,0.2077157360406091,0.9997262711284473,4,58,3145,3069,0.2367688022284122,,,,scripts/jksucis_final_round_precision.py; carried forward by scripts/jksucis_final_11_issue_closure.py
geometry_alpha_0p200,0.9839371112271142,raw_geometry_alpha_blend,0.2,,0.0004059814601799,1.0,0.0001353637901861,1.0,0,0,2,2,0.0001505683956937,,,,scripts/jksucis_final_round_precision.py; carried forward by scripts/jksucis_final_11_issue_closure.py
geometry_alpha_0p400,0.0131929702461503,raw_geometry_alpha_blend,0.4,,0.3453548420034669,0.1617025225010273,0.8256514382402708,0.7743789776226647,3297,57091,75441,12199,5.679515169765867,,,,scripts/jksucis_final_round_precision.py; carried forward by scripts/jksucis_final_11_issue_closure.py
geometry_alpha_0p400,0.0316102336539643,raw_geometry_alpha_blend,0.4,,0.4594593337032069,0.2423541247484909,0.8152284263959391,0.8499281461712174,2193,33616,49700,12045,3.7416246329895353,,,,scripts/jksucis_final_round_precision.py; carried forward by scripts/jksucis_final_11_issue_closure.py
geometry_alpha_0p400,0.05,raw_geometry_alpha_blend,0.4,,0.5253258964881901,0.2994943014567137,0.8056852791878173,0.8844864162047492,1688,24687,39747,11904,2.992321011819619,,,,scripts/jksucis_final_round_precision.py; carried forward by scripts/jksucis_final_11_issue_closure.py
geometry_alpha_0p400,0.0952119951445314,raw_geometry_alpha_blend,0.4,,0.6149347601242078,0.3946170191237478,0.7918781725888325,0.9245192636693356,1103,15770,29649,11700,2.232101181961906,,,,scripts/jksucis_final_round_precision.py; carried forward by scripts/jksucis_final_11_issue_closure.py
geometry_alpha_0p400,0.1,raw_geometry_alpha_blend,0.4,,0.6215740097205528,0.4026609678753619,0.7906598984771573,0.9274618490385274,1060,15214,29012,11682,2.1841451479334486,,,,scripts/jksucis_final_round_precision.py; carried forward by scripts/jksucis_final_11_issue_closure.py
geometry_alpha_0p400,0.15,raw_geometry_alpha_blend,0.4,,0.6718534573149785,0.4713252814066223,0.7765143824027073,0.9471703277903236,772,11245,24342,11473,1.8325679439885567,,,,scripts/jksucis_final_round_precision.py; carried forward by scripts/jksucis_final_11_issue_closure.py
geometry_alpha_0p400,0.2,raw_geometry_alpha_blend,0.4,,0.7045358012619953,0.5248104915593172,0.7637901861252115,0.9583932115239856,608,8877,21503,11285,1.6188361063012873,,,,scripts/jksucis_final_round_precision.py; carried forward by scripts/jksucis_final_11_issue_closure.py
geometry_alpha_0p400,0.2154582620510423,raw_geometry_alpha_blend,0.4,,0.712254192007091,0.5394009327371508,0.7593231810490694,0.9605146102785193,577,8313,20799,11219,1.5658360310170896,,,,scripts/jksucis_final_round_precision.py; carried forward by scripts/jksucis_final_11_issue_closure.py
geometry_alpha_0p400,0.25,raw_geometry_alpha_blend,0.4,,0.7278102601464185,0.5706264166494952,0.7497123519458545,0.9655785944022446,503,7199,19412,11077,1.4614168486034782,,,,scripts/jksucis_final_round_precision.py; carried forward by scripts/jksucis_final_11_issue_closure.py
geometry_alpha_0p400,0.3,raw_geometry_alpha_blend,0.4,,0.7452850990297178,0.6107804604154969,0.736243654822335,0.9710531718332992,423,5956,17810,10878,1.3408115636527893,,,,scripts/jksucis_final_round_precision.py; carried forward by scripts/jksucis_final_11_issue_closure.py
geometry_alpha_0p400,0.35,raw_geometry_alpha_blend,0.4,,0.7577445387479353,0.6472556894243642,0.719932318104907,0.9755012659960308,358,4937,16434,10637,1.2372205074154934,,,,scripts/jksucis_final_round_precision.py; carried forward by scripts/jksucis_final_11_issue_closure.py
geometry_alpha_0p400,0.4,raw_geometry_alpha_blend,0.4,,0.7669020035483215,0.6808943089430894,0.7028764805414551,0.9799493601587628,293,4122,15252,10385,1.148234585560491,,,,scripts/jksucis_final_round_precision.py; carried forward by scripts/jksucis_final_11_issue_closure.py
geometry_alpha_0p400,0.5,raw_geometry_alpha_blend,0.4,,0.7754081004677227,0.7436559793344476,0.6624703891708967,0.9854923698077056,212,2827,13162,9788,0.9908906120605284,,,,scripts/jksucis_final_round_precision.py; carried forward by scripts/jksucis_final_11_issue_closure.py
geometry_alpha_0p400,0.6,raw_geometry_alpha_blend,0.4,,0.7660804116103418,0.797273213330957,0.6055499153976311,0.9897351673167728,150,1883,11222,8947,0.8448392682375969,,,,scripts/jksucis_final_round_precision.py; carried forward by scripts/jksucis_final_11_issue_closure.py
geometry_alpha_0p400,0.6127464894698464,raw_geometry_alpha_blend,0.4,,0.7641511465588987,0.8037842263258437,0.5980372250423012,0.9904194894956544,140,1783,10993,8836,0.8275991869306633,,,,scripts/jksucis_final_round_precision.py; carried forward by scripts/jksucis_final_11_issue_closure.py
geometry_alpha_0p400,0.7,raw_geometry_alpha_blend,0.4,,0.7377821411983115,0.8508952794357026,0.5306937394247039,0.9933620748648464,97,1107,9215,7841,0.693743883158925,,,,scripts/jksucis_final_round_precision.py; carried forward by scripts/jksucis_final_11_issue_closure.py
geometry_alpha_0p400,0.8,raw_geometry_alpha_blend,0.4,,0.6751857098594632,0.9090123812266052,0.4273434856175973,0.9969205501950318,45,502,6946,6314,0.5229240382443725,,,,scripts/jksucis_final_round_precision.py; carried forward by scripts/jksucis_final_11_issue_closure.py
geometry_alpha_0p400,0.8645846299575877,raw_geometry_alpha_blend,0.4,,0.5951272700453603,0.9461420932009168,0.3352961082910321,0.9984260589885718,23,217,5236,4954,0.3941880599262214,,,,scripts/jksucis_final_round_precision.py; carried forward by scripts/jksucis_final_11_issue_closure.py
geometry_alpha_0p400,0.9,raw_geometry_alpha_blend,0.4,,0.5145506759123487,0.9648253653703244,0.2636209813874788,0.9994525422568944,8,112,4037,3895,0.303922306707822,,,,scripts/jksucis_final_round_precision.py; carried forward by scripts/jksucis_final_11_issue_closure.py
geometry_alpha_0p400,0.9876692230073596,raw_geometry_alpha_blend,0.4,,0.0004059814601799,1.0,0.0001353637901861,1.0,0,0,2,2,0.0001505683956937,,,,scripts/jksucis_final_round_precision.py; carried forward by scripts/jksucis_final_11_issue_closure.py
geometry_alpha_0p600,0.018493741096942,raw_geometry_alpha_blend,0.6,,0.3455606713163191,0.1617608061522142,0.8257191201353637,0.7760897830698693,3272,57130,75420,12200,5.677934201611082,,,,scripts/jksucis_final_round_precision.py; carried forward by scripts/jksucis_final_11_issue_closure.py
geometry_alpha_0p600,0.0439180669744056,raw_geometry_alpha_blend,0.6,,0.4597097603633656,0.2423992268352595,0.8148223350253807,0.852391706015192,2157,33652,49666,12039,3.7390649702627416,,,,scripts/jksucis_final_round_precision.py; carried forward by scripts/jksucis_final_11_issue_closure.py
geometry_alpha_0p600,0.05,raw_geometry_alpha_blend,0.6,,0.4785251204095748,0.2576697653448979,0.8123181049069373,0.864093615274071,1986,30903,46579,12002,3.506662651509448,,,,scripts/jksucis_final_round_precision.py; carried forward by scripts/jksucis_final_11_issue_closure.py
geometry_alpha_0p600,0.1,raw_geometry_alpha_blend,0.6,,0.5801293282509021,0.3540829183416332,0.798849407783418,0.913022651064121,1271,19063,33334,11803,2.509523451027629,,,,scripts/jksucis_final_round_precision.py; carried forward by scripts/jksucis_final_11_issue_closure.py
geometry_alpha_0p600,0.1288448941841884,raw_geometry_alpha_blend,0.6,,0.6155860678983265,0.3948141395725716,0.7914720812182741,0.928419900088962,1046,15822,29619,11694,2.2298426560265,,,,scripts/jksucis_final_round_precision.py; carried forward by scripts/jksucis_final_11_issue_closure.py
geometry_alpha_0p600,0.15,raw_geometry_alpha_blend,0.6,,0.6362174443995133,0.4207268515166872,0.7866666666666666,0.9369054951070964,922,14109,27626,11623,2.079801249717684,,,,scripts/jksucis_final_round_precision.py; carried forward by scripts/jksucis_final_11_issue_closure.py
geometry_alpha_0p600,0.2,raw_geometry_alpha_blend,0.6,,0.6723044022542324,0.4711652916307515,0.7769204737732657,0.949907616505851,732,11322,24363,11479,1.8341489121433407,,,,scripts/jksucis_final_round_precision.py; carried forward by scripts/jksucis_final_11_issue_closure.py
geometry_alpha_0p600,0.25,raw_geometry_alpha_blend,0.6,,0.6991134866318978,0.5143207298806227,0.7669035532994923,0.9588722370492028,601,9363,22031,11331,1.6585861627644358,,,,scripts/jksucis_final_round_precision.py; carried forward by scripts/jksucis_final_11_issue_closure.py
geometry_alpha_0p600,0.2834914226113494,raw_geometry_alpha_blend,0.6,,0.7138408120591202,0.5412105136243067,0.7595262267343486,0.96311503455827,539,8302,20735,11222,1.5610178423548895,,,,scripts/jksucis_final_round_precision.py; carried forward by scripts/jksucis_final_11_issue_closure.py
geometry_alpha_0p600,0.3,raw_geometry_alpha_blend,0.6,,0.7197224553935001,0.5528765224279631,0.7558037225042301,0.9648258400054746,514,7867,20198,11167,1.5205902281111194,,,,scripts/jksucis_final_round_precision.py; carried forward by scripts/jksucis_final_11_issue_closure.py
geometry_alpha_0p600,0.35,raw_geometry_alpha_blend,0.6,,0.7361403861212542,0.5877764718452826,0.7446362098138748,0.9698898241292,440,6694,18718,11002,1.409169615297749,,,,scripts/jksucis_final_round_precision.py; carried forward by scripts/jksucis_final_11_issue_closure.py
geometry_alpha_0p600,0.4,raw_geometry_alpha_blend,0.6,,0.7497898548728114,0.6214121699196326,0.7326565143824028,0.9737220283309382,384,5689,17420,10825,1.3114507264925093,,,,scripts/jksucis_final_round_precision.py; carried forward by scripts/jksucis_final_11_issue_closure.py
geometry_alpha_0p600,0.5,raw_geometry_alpha_blend,0.6,,0.7688822667819581,0.6845296948124712,0.7028764805414551,0.9821391911311844,261,4087,15171,10385,1.1421365655348945,,,,scripts/jksucis_final_round_precision.py; carried forward by scripts/jksucis_final_11_issue_closure.py
geometry_alpha_0p600,0.6,raw_geometry_alpha_blend,0.6,,0.7759785180173053,0.7443346007604563,0.6624703891708967,0.9870663108191337,189,2845,13150,9788,0.989987201686366,,,,scripts/jksucis_final_round_precision.py; carried forward by scripts/jksucis_final_11_issue_closure.py
geometry_alpha_0p600,0.7,raw_geometry_alpha_blend,0.6,,0.7655386158145904,0.8012254460263111,0.6018274111675127,0.99096694723876,132,1844,11098,8892,0.8355040277045848,,,,scripts/jksucis_final_round_precision.py; carried forward by scripts/jksucis_final_11_issue_closure.py
geometry_alpha_0p600,0.7063329842134737,raw_geometry_alpha_blend,0.6,,0.7645283511420708,0.8050314465408805,0.5977664974619289,0.9911722438924244,129,1783,10971,8832,0.825942934578032,,,,scripts/jksucis_final_round_precision.py; carried forward by scripts/jksucis_final_11_issue_closure.py
geometry_alpha_0p600,0.8,raw_geometry_alpha_blend,0.6,,0.727001705587982,0.868899965225455,0.5073434856175973,0.9954150414014918,67,936,8627,7496,0.6494767748249642,,,,scripts/jksucis_final_round_precision.py; carried forward by scripts/jksucis_final_11_issue_closure.py
geometry_alpha_0p600,0.9,raw_geometry_alpha_blend,0.6,,0.604485245050195,0.9458906656749722,0.3442978003384094,0.9987682200780128,18,232,5378,5087,0.4048784160204773,,,,scripts/jksucis_final_round_precision.py; carried forward by scripts/jksucis_final_11_issue_closure.py
geometry_alpha_0p600,0.9034776779035464,raw_geometry_alpha_blend,0.6,,0.596604746729482,0.9477597712106768,0.3364467005076142,0.9989050845137892,16,218,5245,4971,0.3948656177068433,,,,scripts/jksucis_final_round_precision.py; carried forward by scripts/jksucis_final_11_issue_closure.py
geometry_alpha_0p600,0.9914013347876052,raw_geometry_alpha_blend,0.6,,0.0004059814601799,1.0,0.0001353637901861,1.0,0,0,2,2,0.0001505683956937,,,,scripts/jksucis_final_round_precision.py; carried forward by scripts/jksucis_final_11_issue_closure.py
geometry_alpha_0p800,0.0236943191251628,raw_geometry_alpha_blend,0.8,,0.3456131413913468,0.1617337133010802,0.8258544839255499,0.7773899952097447,3253,57208,75445,12202,5.679816306557254,,,,scripts/jksucis_final_round_precision.py; carried forward by scripts/jksucis_final_11_issue_closure.py
geometry_alpha_0p800,0.05,raw_geometry_alpha_blend,0.8,,0.4425625612988839,0.2289115452526058,0.8160406091370558,0.8440429754328338,2279,36436,52671,12057,3.965293984792592,,,,scripts/jksucis_final_round_precision.py; carried forward by scripts/jksucis_final_11_issue_closure.py
geometry_alpha_0p800,0.0560825744374918,raw_geometry_alpha_blend,0.8,,0.4594746867828214,0.2419860837388891,0.8144162436548223,0.8555395880380483,2111,33793,49726,12033,3.743582022133554,,,,scripts/jksucis_final_round_precision.py; carried forward by scripts/jksucis_final_11_issue_closure.py
geometry_alpha_0p800,0.1,raw_geometry_alpha_blend,0.8,,0.5457589801670494,0.3183415131278998,0.8033840947546531,0.9001573941011428,1459,22635,37287,11870,2.807121885116314,,,,scripts/jksucis_final_round_precision.py; carried forward by scripts/jksucis_final_11_issue_closure.py
geometry_alpha_0p800,0.15,raw_geometry_alpha_blend,0.8,,0.6048925823475517,0.3815703877179287,0.7939763113367174,0.9265037979880928,1074,16867,30744,11731,2.314537378604231,,,,scripts/jksucis_final_round_precision.py; carried forward by scripts/jksucis_final_11_issue_closure.py
geometry_alpha_0p800,0.1622112768054764,raw_geometry_alpha_blend,0.8,,0.6156667918070461,0.3946062713065784,0.7912690355329949,0.9304044344077192,1017,15881,29627,11691,2.230444929609275,,,,scripts/jksucis_final_round_precision.py; carried forward by scripts/jksucis_final_11_issue_closure.py
geometry_alpha_0p800,0.2,raw_geometry_alpha_blend,0.8,,0.6440323508183081,0.4307852391393214,0.7845685279187817,0.9414220214877164,856,13533,26909,11592,2.025822479861477,,,,scripts/jksucis_final_round_precision.py; carried forward by scripts/jksucis_final_11_issue_closure.py
geometry_alpha_0p800,0.25,raw_geometry_alpha_blend,0.8,,0.6727840605883463,0.4713757700205339,0.7768527918781726,0.9520290152603846,701,11352,24350,11478,1.833170217571332,,,,scripts/jksucis_final_round_precision.py; carried forward by scripts/jksucis_final_11_issue_closure.py
geometry_alpha_0p800,0.3,raw_geometry_alpha_blend,0.8,,0.6955430030551797,0.5077129443326627,0.7685279187817259,0.95935126257442,594,9682,22365,11355,1.6837310848452909,,,,scripts/jksucis_final_round_precision.py; carried forward by scripts/jksucis_final_11_issue_closure.py
geometry_alpha_0p800,0.35,raw_geometry_alpha_blend,0.8,,0.7135032639358831,0.5403140352567191,0.7592554991539763,0.9645521111339218,518,8364,20762,11218,1.5630505156967551,,,,scripts/jksucis_final_round_precision.py; carried forward by scripts/jksucis_final_11_issue_closure.py
geometry_alpha_0p800,0.3516148669590795,raw_geometry_alpha_blend,0.8,,0.7139017572539823,0.5410816808993101,0.7590524534686971,0.96462054335181,517,8334,20727,11215,1.5604155687721146,,,,scripts/jksucis_final_round_precision.py; carried forward by scripts/jksucis_final_11_issue_closure.py
geometry_alpha_0p800,0.4,raw_geometry_alpha_blend,0.8,,0.7292942492898441,0.571281470421665,0.7509983079526227,0.9694107986039828,447,7277,19423,11096,1.4622449747797936,,,,scripts/jksucis_final_round_precision.py; carried forward by scripts/jksucis_final_11_issue_closure.py
geometry_alpha_0p800,0.5,raw_geometry_alpha_blend,0.8,,0.7540680132002741,0.6306711880261927,0.7300846023688663,0.9774173680969,330,5484,17104,10787,1.2876609199728977,,,,scripts/jksucis_final_round_precision.py; carried forward by scripts/jksucis_final_11_issue_closure.py
geometry_alpha_0p800,0.6,raw_geometry_alpha_blend,0.8,,0.7699181707120935,0.6865533434750976,0.7025380710659899,0.9837131321426128,238,4075,15119,10380,1.138221787246857,,,,scripts/jksucis_final_round_precision.py; carried forward by scripts/jksucis_final_11_issue_closure.py
geometry_alpha_0p800,0.7,raw_geometry_alpha_blend,0.8,,0.7769156216775779,0.7452263217953594,0.6630118443316413,0.9888455484842265,163,2862,13145,9796,0.9896107806971316,,,,scripts/jksucis_final_round_precision.py; carried forward by scripts/jksucis_final_11_issue_closure.py
geometry_alpha_0p800,0.8,raw_geometry_alpha_blend,0.8,,0.7653028845576796,0.8078190807544405,0.5971573604060914,0.9925408882501882,109,1777,10922,8823,0.8222540088835354,,,,scripts/jksucis_final_round_precision.py; carried forward by scripts/jksucis_final_11_issue_closure.py
geometry_alpha_0p800,0.8010822667885741,raw_geometry_alpha_blend,0.8,,0.7650603367379751,0.8084969719214534,0.5963451776649746,0.9925408882501882,109,1767,10898,8811,0.8204471881352104,,,,scripts/jksucis_final_round_precision.py; carried forward by scripts/jksucis_final_11_issue_closure.py
geometry_alpha_0p800,0.9,raw_geometry_alpha_blend,0.8,,0.6979120501027882,0.9000399307866365,0.4576649746192893,0.9975364401560256,36,633,7513,6762,0.5656101784235489,,,,scripts/jksucis_final_round_precision.py; carried forward by scripts/jksucis_final_11_issue_closure.py
geometry_alpha_0p800,0.9418458585162062,raw_geometry_alpha_blend,0.8,,0.5991434848635678,0.9465230536659108,0.3390186125211506,0.9990419489495654,14,229,5292,5009,0.3984039750056463,,,,scripts/jksucis_final_round_precision.py; carried forward by scripts/jksucis_final_11_issue_closure.py
geometry_alpha_0p800,0.9951334465678504,raw_geometry_alpha_blend,0.8,,0.0004059814601799,1.0,0.0001353637901861,1.0,0,0,2,2,0.0001505683956937,,,,scripts/jksucis_final_round_precision.py; carried forward by scripts/jksucis_final_11_issue_closure.py
geometry_alpha_1p000,0.0287969509480488,raw_geometry_alpha_blend,1.0,,0.3455162555225644,0.1616283382789317,0.8257868020304568,0.7784164784780675,3238,57288,75488,12201,5.683053527064669,,,,scripts/jksucis_final_round_precision.py; carried forward by scripts/jksucis_final_11_issue_closure.py
geometry_alpha_1p000,0.05,raw_geometry_alpha_blend,1.0,,0.414680771891938,0.2080461942978913,0.8193570219966159,0.8282351331006638,2510,41482,58189,12106,4.380712188511631,,,,scripts/jksucis_final_round_precision.py; carried forward by scripts/jksucis_final_11_issue_closure.py
geometry_alpha_1p000,0.0682407512655606,raw_geometry_alpha_blend,1.0,,0.4594768817181897,0.2419069449471186,0.8142808798646363,0.8567029357421474,2094,33825,49734,12031,3.744184295716329,,,,scripts/jksucis_final_round_precision.py; carried forward by scripts/jksucis_final_11_issue_closure.py
geometry_alpha_1p000,0.1,raw_geometry_alpha_blend,1.0,,0.5164353347796455,0.2904223705363667,0.8069712351945855,0.8876342982276055,1642,26028,41054,11923,3.090717458405481,,,,scripts/jksucis_final_round_precision.py; carried forward by scripts/jksucis_final_11_issue_closure.py
geometry_alpha_1p000,0.15,raw_geometry_alpha_blend,1.0,,0.5777509013185868,0.3509736881224914,0.798984771573604,0.9159652364333128,1228,19425,33635,11805,2.5321839945795377,,,,scripts/jksucis_final_round_precision.py; carried forward by scripts/jksucis_final_11_issue_closure.py
geometry_alpha_1p000,0.1952525573434751,raw_geometry_alpha_blend,1.0,,0.6153441389120778,0.3940262279607592,0.7910659898477157,0.9317046465475948,998,15946,29663,11688,2.2331551607317626,,,,scripts/jksucis_final_round_precision.py; carried forward by scripts/jksucis_final_11_issue_closure.py
geometry_alpha_1p000,0.2,raw_geometry_alpha_blend,1.0,,0.6190026964650663,0.3983764794160783,0.7905245346869713,0.9334154519947993,973,15648,29319,11680,2.2072573966724383,,,,scripts/jksucis_final_round_precision.py; carried forward by scripts/jksucis_final_11_issue_closure.py
geometry_alpha_1p000,0.25,raw_geometry_alpha_blend,1.0,,0.6493455777651956,0.4376063206441613,0.7834856175972927,0.9447067679463492,808,13181,26453,11576,1.991492885643304,,,,scripts/jksucis_final_round_precision.py; carried forward by scripts/jksucis_final_11_issue_closure.py
geometry_alpha_1p000,0.3,raw_geometry_alpha_blend,1.0,,0.6728926622082977,0.471250205355676,0.7765820642978003,0.9536029562718128,678,11386,24348,11474,1.833019649175638,,,,scripts/jksucis_final_round_precision.py; carried forward by scripts/jksucis_final_11_issue_closure.py
geometry_alpha_1p000,0.35,raw_geometry_alpha_blend,1.0,,0.6926628312387861,0.5026296018031555,0.769746192893401,0.9592828303565318,595,9921,22627,11373,1.7034555446811714,,,,scripts/jksucis_final_round_precision.py; carried forward by scripts/jksucis_final_11_issue_closure.py
geometry_alpha_1p000,0.4,raw_geometry_alpha_blend,1.0,,0.7087508042271291,0.5309346411393002,0.7620304568527919,0.9642783822623692,522,8750,21206,11259,1.5964766995407664,,,,scripts/jksucis_final_round_precision.py; carried forward by scripts/jksucis_final_11_issue_closure.py
geometry_alpha_1p000,0.419879722041568,raw_geometry_alpha_blend,1.0,,0.7143888147967251,0.5416545858703006,0.7586463620981387,0.96612605214535,495,8335,20694,11209,1.557931190243168,,,,scripts/jksucis_final_round_precision.py; carried forward by scripts/jksucis_final_11_issue_closure.py
geometry_alpha_1p000,0.5,raw_geometry_alpha_blend,1.0,,0.7351754384779746,0.5839157136806438,0.7464636209813875,0.9723533839731746,404,6883,18888,11029,1.4219679289317173,,,,scripts/jksucis_final_round_precision.py; carried forward by scripts/jksucis_final_11_issue_closure.py
geometry_alpha_1p000,0.6,raw_geometry_alpha_blend,1.0,,0.7563441507198216,0.6365089703357215,0.727580372250423,0.9794703346335456,300,5352,16889,10750,1.27147481743582,,,,scripts/jksucis_final_round_precision.py; carried forward by scripts/jksucis_final_11_issue_closure.py
geometry_alpha_1p000,0.7,raw_geometry_alpha_blend,1.0,,0.7708384159346899,0.6888327908058194,0.7017935702199661,0.9850133442824882,219,4055,15053,10369,1.1332530301889634,,,,scripts/jksucis_final_round_precision.py; carried forward by scripts/jksucis_final_11_issue_closure.py
geometry_alpha_1p000,0.8,raw_geometry_alpha_blend,1.0,,0.7772272412278768,0.7450220398236814,0.6634856175972927,0.9896667350988846,151,2886,13158,9803,0.990589475269141,,,,scripts/jksucis_final_round_precision.py; carried forward by scripts/jksucis_final_11_issue_closure.py
geometry_alpha_1p000,0.8952367075281613,raw_geometry_alpha_blend,1.0,,0.7657921759134896,0.8103606919396393,0.5960744500846024,0.9941832614795044,85,1781,10868,8807,0.8181886621998042,,,,scripts/jksucis_final_round_precision.py; carried forward by scripts/jksucis_final_11_issue_closure.py
geometry_alpha_1p000,0.9,raw_geometry_alpha_blend,1.0,,0.7636992797618422,0.8141749929965449,0.5901184433164128,0.9945938547868336,79,1722,10709,8719,0.8062184747421516,,,,scripts/jksucis_final_round_precision.py; carried forward by scripts/jksucis_final_11_issue_closure.py
geometry_alpha_1p000,0.9822843878437452,raw_geometry_alpha_blend,1.0,,0.6015289746077289,0.9404540379605508,0.3420642978003384,0.9994525422568944,8,280,5374,5054,0.4045772792290898,,,,scripts/jksucis_final_round_precision.py; carried forward by scripts/jksucis_final_11_issue_closure.py
geometry_alpha_1p000,0.9988752067780098,raw_geometry_alpha_blend,1.0,,0.0004059814601799,1.0,0.0001353637901861,1.0,0,0,2,2,0.0001505683956937,,,,scripts/jksucis_final_round_precision.py; carried forward by scripts/jksucis_final_11_issue_closure.py
class_reliability_gamma_0p250,0.0019590603357435,class_reliability_scaled_raw,,0.25,0.3462262564143443,0.1628478670389718,0.8249746192893401,0.7621980428385684,3475,55898,74849,12189,5.634946924640518,,,,scripts/jksucis_final_round_precision.py; carried forward by scripts/jksucis_final_11_issue_closure.py
class_reliability_gamma_0p250,0.0058372666104512,class_reliability_scaled_raw,,0.25,0.4610144529859462,0.2454285129883411,0.8121150592216582,0.8322726339560665,2451,32323,48890,11999,3.680644432733569,,,,scripts/jksucis_final_round_precision.py; carried forward by scripts/jksucis_final_11_issue_closure.py
class_reliability_gamma_0p250,0.02426934245195,class_reliability_scaled_raw,,0.25,0.6120110124377156,0.3945456388766855,0.7901861252115059,0.9076165058509548,1350,15382,29591,11675,2.2277346984867874,,,,scripts/jksucis_final_round_precision.py; carried forward by scripts/jksucis_final_11_issue_closure.py
class_reliability_gamma_0p250,0.05,class_reliability_scaled_raw,,0.25,0.6763450704473412,0.4822478947145698,0.7713028764805414,0.9385478683364128,898,10424,23631,11396,1.7790408793194308,,,,scripts/jksucis_final_round_precision.py; carried forward by scripts/jksucis_final_11_issue_closure.py
class_reliability_gamma_0p250,0.0735234622541795,class_reliability_scaled_raw,,0.25,0.7056981381184219,0.5323908800990051,0.7570219966159052,0.9507288031205092,720,8327,21009,11185,1.5816457125649326,,,,scripts/jksucis_final_round_precision.py; carried forward by scripts/jksucis_final_11_issue_closure.py
class_reliability_gamma_0p250,0.1,class_reliability_scaled_raw,,0.25,0.7276777213842369,0.5765311482298561,0.7428764805414552,0.9596249914459728,590,6806,19038,10976,1.433260558608748,,,,scripts/jksucis_final_round_precision.py; carried forward by scripts/jksucis_final_11_issue_closure.py
class_reliability_gamma_0p250,0.15,class_reliability_scaled_raw,,0.25,0.7511983542857069,0.6363745210727969,0.7194585448392555,0.9687264764251008,457,5065,16704,10630,1.2575472408341488,,,,scripts/jksucis_final_round_precision.py; carried forward by scripts/jksucis_final_11_issue_closure.py
class_reliability_gamma_0p250,0.2,class_reliability_scaled_raw,,0.25,0.7638786488537725,0.681163251817581,0.6975296108291033,0.9750222404708137,365,3994,15130,10306,1.1390499134231724,,,,scripts/jksucis_final_round_precision.py; carried forward by scripts/jksucis_final_11_issue_closure.py
class_reliability_gamma_0p250,0.25,class_reliability_scaled_raw,,0.25,0.7702941417085463,0.7183626405304122,0.6746531302876481,0.9800862245945392,291,3231,13876,9968,1.044643529323195,,,,scripts/jksucis_final_round_precision.py; carried forward by scripts/jksucis_final_11_issue_closure.py
class_reliability_gamma_0p250,0.3,class_reliability_scaled_raw,,0.25,0.7720501214185459,0.7500780031201248,0.6508291032148901,0.98419215766783,231,2646,12820,9616,0.9651434163968984,,,,scripts/jksucis_final_round_precision.py; carried forward by scripts/jksucis_final_11_issue_closure.py
class_reliability_gamma_0p250,0.35,class_reliability_scaled_raw,,0.25,0.7685431566467608,0.775899764547595,0.6245008460236887,0.9867925819475808,193,2189,11892,9227,0.8952796807950011,,,,scripts/jksucis_final_round_precision.py; carried forward by scripts/jksucis_final_11_issue_closure.py
class_reliability_gamma_0p250,0.3970439830164616,class_reliability_scaled_raw,,0.25,0.7625540630669265,0.7989154993221871,0.5983079526226734,0.9890508451378908,160,1818,11065,8840,0.8330196491756381,,,,scripts/jksucis_final_round_precision.py; carried forward by scripts/jksucis_final_11_issue_closure.py
class_reliability_gamma_0p250,0.4,class_reliability_scaled_raw,,0.25,0.7623784222437235,0.800580920395752,0.5969543147208122,0.9893245740094436,156,1795,11017,8820,0.8294060076789882,,,,scripts/jksucis_final_round_precision.py; carried forward by scripts/jksucis_final_11_issue_closure.py
class_reliability_gamma_0p250,0.5,class_reliability_scaled_raw,,0.25,0.7404174718576553,0.8466139713736381,0.5364467005076142,0.9935673715185108,94,1159,9362,7926,0.7048106602424151,,,,scripts/jksucis_final_round_precision.py; carried forward by scripts/jksucis_final_11_issue_closure.py
class_reliability_gamma_0p250,0.6,class_reliability_scaled_raw,,0.25,0.7000022963072446,0.8885717991957452,0.4636209813874788,0.9966468213234791,49,701,7709,6850,0.5803658812015358,,,,scripts/jksucis_final_round_precision.py; carried forward by scripts/jksucis_final_11_issue_closure.py
class_reliability_gamma_0p250,0.7,class_reliability_scaled_raw,,0.25,0.6327404309027648,0.9283921699849422,0.3755668358714044,0.99849449120646,22,340,5977,5549,0.4499736505307536,,,,scripts/jksucis_final_round_precision.py; carried forward by scripts/jksucis_final_11_issue_closure.py
class_reliability_gamma_0p250,0.7367816972495289,class_reliability_scaled_raw,,0.25,0.5945774335616774,0.9432272813869308,0.3350930626057529,0.9988366522959008,17,232,5249,4951,0.3951667544982308,,,,scripts/jksucis_final_round_precision.py; carried forward by scripts/jksucis_final_11_issue_closure.py
class_reliability_gamma_0p250,0.8,class_reliability_scaled_raw,,0.25,0.5034537311204914,0.9668721109399075,0.2548223350253807,0.9997262711284473,4,109,3894,3765,0.2931566664157193,,,,scripts/jksucis_final_round_precision.py; carried forward by scripts/jksucis_final_11_issue_closure.py
class_reliability_gamma_0p250,0.9,class_reliability_scaled_raw,,0.25,0.193377327362715,0.9918404351767904,0.0740439932318104,1.0,0,9,1103,1094,0.0830384702250997,,,,scripts/jksucis_final_round_precision.py; carried forward by scripts/jksucis_final_11_issue_closure.py
class_reliability_gamma_0p250,0.967014729976654,class_reliability_scaled_raw,,0.25,0.0002030182039656,1.0,6.768189509306261e-05,1.0,0,0,1,1,7.528419784687193e-05,,,,scripts/jksucis_final_round_precision.py; carried forward by scripts/jksucis_final_11_issue_closure.py
class_reliability_gamma_0p500,0.0017555366487407,class_reliability_scaled_raw,,0.5,0.3461415228668726,0.1627400990429408,0.8251776649746193,0.763156093889003,3461,55981,74917,12192,5.6400662500941054,,,,scripts/jksucis_final_round_precision.py; carried forward by scripts/jksucis_final_11_issue_closure.py
class_reliability_gamma_0p500,0.0052589702863509,class_reliability_scaled_raw,,0.5,0.4607073516140548,0.2450596113016495,0.8124534686971235,0.8331622527886129,2438,32436,48984,12004,3.687721147331175,,,,scripts/jksucis_final_round_precision.py; carried forward by scripts/jksucis_final_11_issue_closure.py
class_reliability_gamma_0p500,0.0222257525645211,class_reliability_scaled_raw,,0.5,0.6128279583712957,0.3953519886171149,0.7898477157360406,0.9091904468623828,1327,15345,29518,11670,2.222238952043966,,,,scripts/jksucis_final_round_precision.py; carried forward by scripts/jksucis_final_11_issue_closure.py
class_reliability_gamma_0p500,0.05,class_reliability_scaled_raw,,0.5,0.6844673961435962,0.4945361138926379,0.7687986463620982,0.9432696913706972,829,9894,22969,11359,1.7292027403448016,,,,scripts/jksucis_final_round_precision.py; carried forward by scripts/jksucis_final_11_issue_closure.py
class_reliability_gamma_0p500,0.0665928585089015,class_reliability_scaled_raw,,0.5,0.7057915579662374,0.5317026834481121,0.7576988155668358,0.9523711763498256,696,8388,21055,11195,1.5851087856658888,,,,scripts/jksucis_final_round_precision.py; carried forward by scripts/jksucis_final_11_issue_closure.py
class_reliability_gamma_0p500,0.1,class_reliability_scaled_raw,,0.5,0.734210874628671,0.5902897923875432,0.7389509306260575,0.9627728734688292,544,6409,18496,10918,1.392456523375743,,,,scripts/jksucis_final_round_precision.py; carried forward by scripts/jksucis_final_11_issue_closure.py
class_reliability_gamma_0p500,0.15,class_reliability_scaled_raw,,0.5,0.7551437499437557,0.6480924003194692,0.7139763113367175,0.9716690617942928,414,4792,16277,10549,1.2254008883535346,,,,scripts/jksucis_final_round_precision.py; carried forward by scripts/jksucis_final_11_issue_closure.py
class_reliability_gamma_0p500,0.2,class_reliability_scaled_raw,,0.5,0.7667325299485562,0.6944046888843454,0.6896108291032149,0.9779648258400054,322,3730,14673,10189,1.104645035007152,,,,scripts/jksucis_final_round_precision.py; carried forward by scripts/jksucis_final_11_issue_closure.py
class_reliability_gamma_0p500,0.25,class_reliability_scaled_raw,,0.5,0.7713030863445587,0.7312877038802413,0.6645685279187817,0.9829603777458428,249,2998,13427,9819,1.0108409244899497,,,,scripts/jksucis_final_round_precision.py; carried forward by scripts/jksucis_final_11_issue_closure.py
class_reliability_gamma_0p500,0.3,class_reliability_scaled_raw,,0.5,0.771120840398947,0.7633816503360596,0.6380372250423012,0.9869978786012454,190,2427,12349,9427,0.9296845592110216,,,,scripts/jksucis_final_round_precision.py; carried forward by scripts/jksucis_final_11_issue_closure.py
class_reliability_gamma_0p500,0.35,class_reliability_scaled_raw,,0.5,0.7655025969266247,0.7889434028386192,0.6094754653130288,0.9893930062273318,155,1985,11414,9005,0.8592938342241964,,,,scripts/jksucis_final_round_precision.py; carried forward by scripts/jksucis_final_11_issue_closure.py
class_reliability_gamma_0p500,0.3669365127030308,class_reliability_scaled_raw,,0.5,0.7639264977634002,0.7992250157700279,0.6002707275803723,0.990145760624102,144,1837,11097,8869,0.8354287435067379,,,,scripts/jksucis_final_round_precision.py; carried forward by scripts/jksucis_final_11_issue_closure.py
class_reliability_gamma_0p500,0.4,class_reliability_scaled_raw,,0.5,0.7587973767375776,0.8157994682871249,0.5815228426395939,0.9918565660713063,119,1597,10532,8592,0.7928931717232552,,,,scripts/jksucis_final_round_precision.py; carried forward by scripts/jksucis_final_11_issue_closure.py
class_reliability_gamma_0p500,0.5,class_reliability_scaled_raw,,0.5,0.7276679044827935,0.8618601462522852,0.5105245346869712,0.9963046602340382,54,1002,8752,7543,0.6588872995558233,,,,scripts/jksucis_final_round_precision.py; carried forward by scripts/jksucis_final_11_issue_closure.py
class_reliability_gamma_0p500,0.6,class_reliability_scaled_raw,,0.5,0.6739368423852944,0.9023588277340958,0.4272081218274112,0.9975364401560256,36,562,6995,6312,0.5266129639388692,,,,scripts/jksucis_final_round_precision.py; carried forward by scripts/jksucis_final_11_issue_closure.py
class_reliability_gamma_0p500,0.6955965460066877,class_reliability_scaled_raw,,0.5,0.5913465483793974,0.9348404255319148,0.3330626057529611,0.9989735167316772,15,280,5264,4921,0.3962960174659339,,,,scripts/jksucis_final_round_precision.py; carried forward by scripts/jksucis_final_11_issue_closure.py
class_reliability_gamma_0p500,0.7,class_reliability_scaled_raw,,0.5,0.5870014297666423,0.9370899266692396,0.328663282571912,0.9990419489495654,14,266,5182,4856,0.3901227132424904,,,,scripts/jksucis_final_round_precision.py; carried forward by scripts/jksucis_final_11_issue_closure.py
class_reliability_gamma_0p500,0.8,class_reliability_scaled_raw,,0.5,0.4304593491064993,0.972990562967784,0.2023688663282571,0.9999315677821118,1,72,3073,2990,0.2313483399834374,,,,scripts/jksucis_final_round_precision.py; carried forward by scripts/jksucis_final_11_issue_closure.py
class_reliability_gamma_0p500,0.9,class_reliability_scaled_raw,,0.5,0.0316040548598688,1.0,0.0107614213197969,1.0,0,0,159,159,0.0119701874576526,,,,scripts/jksucis_final_round_precision.py; carried forward by scripts/jksucis_final_11_issue_closure.py
class_reliability_gamma_0p500,0.967014729976654,class_reliability_scaled_raw,,0.5,0.0002030182039656,1.0,6.768189509306261e-05,1.0,0,0,1,1,7.528419784687193e-05,,,,scripts/jksucis_final_round_precision.py; carried forward by scripts/jksucis_final_11_issue_closure.py
class_reliability_gamma_0p750,0.0015756208130964,class_reliability_scaled_raw,,0.75,0.3461528499393597,0.1627007416102011,0.8255837563451777,0.7638404160678848,3451,56055,74972,12198,5.644206880975683,,,,scripts/jksucis_final_round_precision.py; carried forward by scripts/jksucis_final_11_issue_closure.py
class_reliability_gamma_0p750,0.0047570641252003,class_reliability_scaled_raw,,0.75,0.4608931555485908,0.2450862332891111,0.8127241962774958,0.8343940327106001,2420,32469,48995,12008,3.688549273507491,,,,scripts/jksucis_final_round_precision.py; carried forward by scripts/jksucis_final_11_issue_closure.py
class_reliability_gamma_0p750,0.0203410854020899,class_reliability_scaled_raw,,0.75,0.6135398013496991,0.3961629881154499,0.7896446700507614,0.9098747690412646,1317,15295,29450,11667,2.2171196265903785,,,,scripts/jksucis_final_round_precision.py; carried forward by scripts/jksucis_final_11_issue_closure.py
class_reliability_gamma_0p750,0.05,class_reliability_scaled_raw,,0.75,0.6918522118459958,0.5061711832573115,0.7660913705583756,0.947649353315541,765,9427,22362,11319,1.6835052322517503,,,,scripts/jksucis_final_round_precision.py; carried forward by scripts/jksucis_final_11_issue_closure.py
class_reliability_gamma_0p750,0.0612660425359471,class_reliability_scaled_raw,,0.75,0.7061801384364047,0.5319806120509409,0.7576988155668358,0.9536029562718128,678,8404,21044,11195,1.584280659489573,,,,scripts/jksucis_final_round_precision.py; carried forward by scripts/jksucis_final_11_issue_closure.py
class_reliability_gamma_0p750,0.1,class_reliability_scaled_raw,,0.75,0.7395863679749334,0.6023414525883594,0.7347546531302876,0.966057619927462,496,6068,18023,10856,1.356847097794173,,,,scripts/jksucis_final_round_precision.py; carried forward by scripts/jksucis_final_11_issue_closure.py
class_reliability_gamma_0p750,0.15,class_reliability_scaled_raw,,0.75,0.7577485963158683,0.6585119798234552,0.7068697123519458,0.9748169438171492,368,4546,15860,10444,1.1940073778513889,,,,scripts/jksucis_final_round_precision.py; carried forward by scripts/jksucis_final_11_issue_closure.py
class_reliability_gamma_0p750,0.2,class_reliability_scaled_raw,,0.75,0.7700007891621672,0.7081753055204383,0.6824365482233502,0.9816601656059672,268,3492,14238,10083,1.0718964089437628,,,,scripts/jksucis_final_round_precision.py; carried forward by scripts/jksucis_final_11_issue_closure.py
class_reliability_gamma_0p750,0.25,class_reliability_scaled_raw,,0.75,0.7717167607129577,0.7442595161041763,0.6537394247038917,0.9860398275508108,204,2778,12978,9659,0.977038319656704,,,,scripts/jksucis_final_round_precision.py; carried forward by scripts/jksucis_final_11_issue_closure.py
class_reliability_gamma_0p750,0.3,class_reliability_scaled_raw,,0.75,0.7689473165865105,0.7755736740354712,0.6245008460236887,0.9893245740094436,156,2228,11897,9227,0.8956561017842355,,,,scripts/jksucis_final_round_precision.py; carried forward by scripts/jksucis_final_11_issue_closure.py
class_reliability_gamma_0p750,0.34185317803889,class_reliability_scaled_raw,,0.75,0.763140941755027,0.7991862567811935,0.5982402707275803,0.9917881338534182,120,1853,11060,8839,0.8326432281864037,,,,scripts/jksucis_final_round_precision.py; carried forward by scripts/jksucis_final_11_issue_closure.py
class_reliability_gamma_0p750,0.35,class_reliability_scaled_raw,,0.75,0.7614051678180573,0.8030441958554924,0.5927580372250423,0.9922671593786354,113,1798,10906,8758,0.8210494617179854,,,,scripts/jksucis_final_round_precision.py; carried forward by scripts/jksucis_final_11_issue_closure.py
class_reliability_gamma_0p750,0.4,class_reliability_scaled_raw,,0.75,0.7476664532421601,0.8282716173948138,0.555600676818951,0.99473071922261,77,1427,9911,8209,0.7461416848603478,,,,scripts/jksucis_final_round_precision.py; carried forward by scripts/jksucis_final_11_issue_closure.py
class_reliability_gamma_0p750,0.5,class_reliability_scaled_raw,,0.75,0.7086785816706704,0.8699167074963253,0.4806768189509306,0.9967152535413673,48,883,8164,7102,0.6146201912218625,,,,scripts/jksucis_final_round_precision.py; carried forward by scripts/jksucis_final_11_issue_closure.py
class_reliability_gamma_0p750,0.6,class_reliability_scaled_raw,,0.75,0.6470725580971488,0.9093603744149766,0.3945177664974619,0.9981523301170192,27,486,6410,5829,0.4825717081984491,,,,scripts/jksucis_final_round_precision.py; carried forward by scripts/jksucis_final_11_issue_closure.py
class_reliability_gamma_0p750,0.6601866330857666,class_reliability_scaled_raw,,0.75,0.5865318298479456,0.9298279158699808,0.3291370558375635,0.9989050845137892,16,306,5230,4863,0.3937363547391402,,,,scripts/jksucis_final_round_precision.py; carried forward by scripts/jksucis_final_11_issue_closure.py
class_reliability_gamma_0p750,0.7,class_reliability_scaled_raw,,0.75,0.5417291960685663,0.9494067606895008,0.2870389170896785,0.9993156778211182,10,190,4467,4241,0.3362945117819769,,,,scripts/jksucis_final_round_precision.py; carried forward by scripts/jksucis_final_11_issue_closure.py
class_reliability_gamma_0p750,0.8,class_reliability_scaled_raw,,0.75,0.358866413389465,0.9818794774546988,0.1576988155668358,1.0,0,38,2373,2330,0.1786494014906271,,,,scripts/jksucis_final_round_precision.py; carried forward by scripts/jksucis_final_11_issue_closure.py
class_reliability_gamma_0p750,0.9,class_reliability_scaled_raw,,0.75,0.0120845921450151,1.0,0.0040609137055837,1.0,0,0,60,60,0.0045170518708123,,,,scripts/jksucis_final_round_precision.py; carried forward by scripts/jksucis_final_11_issue_closure.py
class_reliability_gamma_0p750,0.967014729976654,class_reliability_scaled_raw,,0.75,0.0002030182039656,1.0,6.768189509306261e-05,1.0,0,0,1,1,7.528419784687193e-05,,,,scripts/jksucis_final_round_precision.py; carried forward by scripts/jksucis_final_11_issue_closure.py
class_reliability_gamma_1p000,0.0014194553275724,class_reliability_scaled_raw,,1.0,0.3461049465415519,0.1626518070201165,0.8257868020304568,0.7640457127215493,3448,56116,75013,12201,5.647293533087405,,,,scripts/jksucis_final_round_precision.py; carried forward by scripts/jksucis_final_11_issue_closure.py
class_reliability_gamma_1p000,0.0042871000415308,class_reliability_scaled_raw,,1.0,0.4603515810665803,0.2446141315414376,0.8130626057529611,0.8341887360569356,2423,32592,49110,12013,3.697206956259881,,,,scripts/jksucis_final_round_precision.py; carried forward by scripts/jksucis_final_11_issue_closure.py
class_reliability_gamma_1p000,0.0185365648084372,class_reliability_scaled_raw,,1.0,0.6125689750117228,0.3949409095526734,0.7893739424703892,0.9102853623485936,1311,15381,29531,11663,2.2232176466159754,,,,scripts/jksucis_final_round_precision.py; carried forward by scripts/jksucis_final_11_issue_closure.py
class_reliability_gamma_1p000,0.05,class_reliability_scaled_raw,,1.0,0.6983579407668074,0.5171907275648382,0.7625719120135364,0.9515499897351674,708,9003,21785,11267,1.6400662500941052,,,,scripts/jksucis_final_round_precision.py; carried forward by scripts/jksucis_final_11_issue_closure.py
class_reliability_gamma_1p000,0.0564065378737527,class_reliability_scaled_raw,,1.0,0.7069868630479552,0.533047619047619,0.7576311336717428,0.9546978717580236,662,8388,21000,11194,1.5809681547843109,,,,scripts/jksucis_final_round_precision.py; carried forward by scripts/jksucis_final_11_issue_closure.py
class_reliability_gamma_1p000,0.1,class_reliability_scaled_raw,,1.0,0.7439966464764233,0.613189312109153,0.7300169204737733,0.9693423663860946,448,5781,17590,10786,1.3242490401264777,,,,scripts/jksucis_final_round_precision.py; carried forward by scripts/jksucis_final_11_issue_closure.py
class_reliability_gamma_1p000,0.15,class_reliability_scaled_raw,,1.0,0.7613503014550953,0.6708795126061313,0.7005752961082911,0.978101690275782,320,4287,15429,10351,1.1615598885793872,,,,scripts/jksucis_final_round_precision.py; carried forward by scripts/jksucis_final_11_issue_closure.py
class_reliability_gamma_1p000,0.2,class_reliability_scaled_raw,,1.0,0.7704411700963155,0.7192093258996453,0.6722842639593909,0.9842605898857182,230,3275,13811,9933,1.0397500564631483,,,,scripts/jksucis_final_round_precision.py; carried forward by scripts/jksucis_final_11_issue_closure.py
class_reliability_gamma_1p000,0.25,class_reliability_scaled_raw,,1.0,0.7705725476135808,0.7569166799936031,0.6406768189509306,0.9889139807021146,162,2567,12506,9466,0.9415041782729804,,,,scripts/jksucis_final_round_precision.py; carried forward by scripts/jksucis_final_11_issue_closure.py
class_reliability_gamma_1p000,0.3,class_reliability_scaled_raw,,1.0,0.7627779910577805,0.787320342121506,0.604331641285956,0.9919249982891946,118,2034,11341,8929,0.8537980877813747,,,,scripts/jksucis_final_round_precision.py; carried forward by scripts/jksucis_final_11_issue_closure.py
class_reliability_gamma_1p000,0.3173740789758895,class_reliability_scaled_raw,,1.0,0.7592067791016561,0.7961244541484717,0.5922842639593908,0.9930199137754054,102,1893,10992,8751,0.8275239027328164,,,,scripts/jksucis_final_round_precision.py; carried forward by scripts/jksucis_final_11_issue_closure.py
class_reliability_gamma_1p000,0.35,class_reliability_scaled_raw,,1.0,0.7480956507200078,0.8103096786719736,0.5649407783417936,0.9940463970437282,87,1646,10301,8347,0.7755025220206279,,,,scripts/jksucis_final_round_precision.py; carried forward by scripts/jksucis_final_11_issue_closure.py
class_reliability_gamma_1p000,0.4,class_reliability_scaled_raw,,1.0,0.7346499228176676,0.8353191489361702,0.5314382402707276,0.9952781769657154,69,1307,9400,7852,0.7076714597605962,,,,scripts/jksucis_final_round_precision.py; carried forward by scripts/jksucis_final_11_issue_closure.py
class_reliability_gamma_1p000,0.5,class_reliability_scaled_raw,,1.0,0.6922564665256075,0.877651958870233,0.4563790186125211,0.9969205501950318,45,791,7683,6743,0.5784084920575171,,,,scripts/jksucis_final_round_precision.py; carried forward by scripts/jksucis_final_11_issue_closure.py
class_reliability_gamma_1p000,0.6,class_reliability_scaled_raw,,1.0,0.6126053578132128,0.9174216027874564,0.3564128595600677,0.9986313556422364,20,402,5740,5266,0.4321312956410449,,,,scripts/jksucis_final_round_precision.py; carried forward by scripts/jksucis_final_11_issue_closure.py
class_reliability_gamma_1p000,0.6266729059077246,class_reliability_scaled_raw,,1.0,0.5864956620089404,0.9256795286067288,0.3296108291032149,0.9990419489495654,14,334,5261,4870,0.3960701648723932,,,,scripts/jksucis_final_round_precision.py; carried forward by scripts/jksucis_final_11_issue_closure.py
class_reliability_gamma_1p000,0.7,class_reliability_scaled_raw,,1.0,0.500951846021355,0.9568437180796732,0.2536040609137056,0.999657838910559,5,140,3916,3747,0.2948129187683505,,,,scripts/jksucis_final_round_precision.py; carried forward by scripts/jksucis_final_11_issue_closure.py
class_reliability_gamma_1p000,0.8,class_reliability_scaled_raw,,1.0,0.2552869243282661,0.9882736156351792,0.1026734348561759,1.0,0,16,1535,1517,0.1155612436949484,,,,scripts/jksucis_final_round_precision.py; carried forward by scripts/jksucis_final_11_issue_closure.py
class_reliability_gamma_1p000,0.9,class_reliability_scaled_raw,,1.0,0.0120845921450151,1.0,0.0040609137055837,1.0,0,0,60,60,0.0045170518708123,,,,scripts/jksucis_final_round_precision.py; carried forward by scripts/jksucis_final_11_issue_closure.py
class_reliability_gamma_1p000,0.967014729976654,class_reliability_scaled_raw,,1.0,0.0002030182039656,1.0,6.768189509306261e-05,1.0,0,0,1,1,7.528419784687193e-05,,,,scripts/jksucis_final_round_precision.py; carried forward by scripts/jksucis_final_11_issue_closure.py
raw_light_geom_gate_0p050,0.0020724364825531,raw_light_geometry_gate,,,0.3453554463800929,0.1623364510885495,0.8246362098138748,0.7610346951344693,3492,56068,75054,12184,5.650380185199126,,,,scripts/jksucis_final_round_precision.py; carried forward by scripts/jksucis_final_11_issue_closure.py
raw_light_geom_gate_0p050,0.0061845736051716,raw_light_geometry_gate,,,0.460946765526162,0.2453400915631131,0.8124534686971235,0.8322726339560665,2451,32357,48928,12004,3.683505232251752,,,,scripts/jksucis_final_round_precision.py; carried forward by scripts/jksucis_final_11_issue_closure.py
raw_light_geom_gate_0p050,0.025507802697655,raw_light_geometry_gate,,,0.6108005924151171,0.3931626810373863,0.7900507614213198,0.9071374803257374,1357,15468,29690,11673,2.235187834073628,,,,scripts/jksucis_final_round_precision.py; carried forward by scripts/jksucis_final_11_issue_closure.py
raw_light_geom_gate_0p050,0.05,raw_light_geometry_gate,,,0.6708876195115682,0.4743051805076648,0.7727241962774958,0.93526312187778,946,10772,24071,11417,1.8121659263720544,,,,scripts/jksucis_final_round_precision.py; carried forward by scripts/jksucis_final_11_issue_closure.py
raw_light_geom_gate_0p050,0.0783646913883594,raw_light_geometry_gate,,,0.7057116056139017,0.5331392852030348,0.7562098138747885,0.9497023198521864,735,8276,20957,11173,1.5777309342768953,,,,scripts/jksucis_final_round_precision.py; carried forward by scripts/jksucis_final_11_issue_closure.py
raw_light_geom_gate_0p050,0.1,raw_light_geometry_gate,,,0.723445208215054,0.5680259833994947,0.7457191201353638,0.9566139738588928,634,7054,19397,11018,1.460287585635775,,,,scripts/jksucis_final_round_precision.py; carried forward by scripts/jksucis_final_11_issue_closure.py
raw_light_geom_gate_0p050,0.15,raw_light_geometry_gate,,,0.7468581018863247,0.6259895619539084,0.7225042301184433,0.9659207554916854,498,5312,17053,10675,1.2838214258827072,,,,scripts/jksucis_final_round_precision.py; carried forward by scripts/jksucis_final_11_issue_closure.py
raw_light_geom_gate_0p050,0.2,raw_light_geometry_gate,,,0.7606848113759214,0.6697839406643018,0.7028764805414551,0.9726955450626156,399,4228,15505,10385,1.1672814876157491,,,,scripts/jksucis_final_round_precision.py; carried forward by scripts/jksucis_final_11_issue_closure.py
raw_light_geom_gate_0p050,0.25,raw_light_geometry_gate,,,0.7681840516414203,0.7070891589966978,0.681150592216582,0.9775542325326764,328,3427,14233,10064,1.0715199879545283,,,,scripts/jksucis_final_round_precision.py; carried forward by scripts/jksucis_final_11_issue_closure.py
raw_light_geom_gate_0p050,0.3,raw_light_geometry_gate,,,0.7716752878414196,0.7380520266182699,0.660575296108291,0.9814548689523028,271,2844,13224,9760,0.9955582323270346,,,,scripts/jksucis_final_round_precision.py; carried forward by scripts/jksucis_final_11_issue_closure.py
raw_light_geom_gate_0p050,0.35,raw_light_geometry_gate,,,0.7687642022738427,0.7627022193317616,0.6349915397631134,0.9838499965783892,236,2375,12301,9382,0.9260709177143718,,,,scripts/jksucis_final_round_precision.py; carried forward by scripts/jksucis_final_11_issue_closure.py
raw_light_geom_gate_0p050,0.4,raw_light_geometry_gate,,,0.7640913249218121,0.7867132867132867,0.6091370558375635,0.9867241497296928,194,1979,11440,9000,0.861251223368215,,,,scripts/jksucis_final_round_precision.py; carried forward by scripts/jksucis_final_11_issue_closure.py
raw_light_geom_gate_0p050,0.4270410394656495,raw_light_geometry_gate,,,0.7617936192267697,0.799166591176737,0.5970896785109983,0.9881612263053444,173,1795,11039,8822,0.8310622600316193,,,,scripts/jksucis_final_round_precision.py; carried forward by scripts/jksucis_final_11_issue_closure.py
raw_light_geom_gate_0p050,0.5,raw_light_geometry_gate,,,0.748907584954466,0.8323220064724919,0.5570219966159052,0.99096694723876,132,1320,9888,8230,0.7444101483098697,,,,scripts/jksucis_final_round_precision.py; carried forward by scripts/jksucis_final_11_issue_closure.py
raw_light_geom_gate_0p050,0.6,raw_light_geometry_gate,,,0.7165909469927151,0.8719548781951278,0.4917766497461929,0.9938411003900636,90,844,8333,7266,0.6273432206579839,,,,scripts/jksucis_final_round_precision.py; carried forward by scripts/jksucis_final_11_issue_closure.py
raw_light_geom_gate_0p050,0.7,raw_light_geometry_gate,,,0.6677035106914819,0.9115736640094478,0.4179357021996616,0.9967152535413673,48,464,6774,6175,0.5099751562147106,,,,scripts/jksucis_final_round_precision.py; carried forward by scripts/jksucis_final_11_issue_closure.py
raw_light_geom_gate_0p050,0.7864207117636137,raw_light_geometry_gate,,,0.5942920458860299,0.9447841039358044,0.3346869712351946,0.9982891945527954,25,219,5234,4945,0.3940374915305277,,,,scripts/jksucis_final_round_precision.py; carried forward by scripts/jksucis_final_11_issue_closure.py
raw_light_geom_gate_0p050,0.8,raw_light_geometry_gate,,,0.5774858302552639,0.95067717808773,0.3183079526226734,0.9985629234243482,21,186,4947,4703,0.3724309267484755,,,,scripts/jksucis_final_round_precision.py; carried forward by scripts/jksucis_final_11_issue_closure.py
raw_light_geom_gate_0p050,0.9,raw_light_geometry_gate,,,0.3659819490088429,0.9827373612823674,0.1618274111675127,0.9998631355642236,2,34,2433,2391,0.1831664533614394,,,,scripts/jksucis_final_round_precision.py; carried forward by scripts/jksucis_final_11_issue_closure.py
raw_light_geom_gate_0p050,0.98014940017793,raw_light_geometry_gate,,,0.0004059814601799,1.0,0.0001353637901861,1.0,0,0,2,2,0.0001505683956937,,,,scripts/jksucis_final_round_precision.py; carried forward by scripts/jksucis_final_11_issue_closure.py
raw_light_geom_gate_0p100,0.0019678804886065,raw_light_geometry_gate,,,0.3454490827448122,0.1623865559657235,0.8247038917089679,0.7612399917881338,3489,56053,75037,12185,5.64910035383573,,,,scripts/jksucis_final_round_precision.py; carried forward by scripts/jksucis_final_11_issue_closure.py
raw_light_geom_gate_0p100,0.0058830262596077,raw_light_geometry_gate,,,0.4609677521988116,0.2453400915631131,0.8124534686971235,0.8324779306097311,2448,32361,48928,12004,3.683505232251752,,,,scripts/jksucis_final_round_precision.py; carried forward by scripts/jksucis_final_11_issue_closure.py
raw_light_geom_gate_0p100,0.024464994216745,raw_light_geometry_gate,,,0.6111566863908436,0.3934818509655893,0.7901861252115059,0.9076165058509548,1350,15456,29671,11675,2.233757434314537,,,,scripts/jksucis_final_round_precision.py; carried forward by scripts/jksucis_final_11_issue_closure.py
raw_light_geom_gate_0p100,0.05,raw_light_geometry_gate,,,0.6743379201380852,0.4793812266173441,0.771844331641286,0.9370423595428728,920,10543,23789,11404,1.7909357825792367,,,,scripts/jksucis_final_round_precision.py; carried forward by scripts/jksucis_final_11_issue_closure.py
raw_light_geom_gate_0p100,0.0759034224578489,raw_light_geometry_gate,,,0.7059274556346546,0.5332569901708178,0.7564128595600677,0.9501813453774036,728,8285,20958,11176,1.577806218474742,,,,scripts/jksucis_final_round_precision.py; carried forward by scripts/jksucis_final_11_issue_closure.py
raw_light_geom_gate_0p100,0.1,raw_light_geometry_gate,,,0.7257282548563041,0.5726184279021344,0.7445008460236887,0.9576404571272156,619,6915,19210,11000,1.44620944063841,,,,scripts/jksucis_final_round_precision.py; carried forward by scripts/jksucis_final_11_issue_closure.py
raw_light_geom_gate_0p100,0.15,raw_light_geometry_gate,,,0.7484527402362113,0.6297171204157562,0.7216920473773266,0.9665366454526793,489,5222,16933,10663,1.2747873221410826,,,,scripts/jksucis_final_round_precision.py; carried forward by scripts/jksucis_final_11_issue_closure.py
raw_light_geom_gate_0p100,0.2,raw_light_geometry_gate,,,0.7622691937818254,0.6739893409593136,0.7018612521150592,0.9735851638951618,386,4147,15386,10370,1.1583226680719716,,,,scripts/jksucis_final_round_precision.py; carried forward by scripts/jksucis_final_11_issue_closure.py
raw_light_geom_gate_0p100,0.25,raw_light_geometry_gate,,,0.7692235810549732,0.7105970571590265,0.6798646362098139,0.9785807158009991,313,3373,14136,10045,1.0642174207633817,,,,scripts/jksucis_final_round_precision.py; carried forward by scripts/jksucis_final_11_issue_closure.py
raw_light_geom_gate_0p100,0.3,raw_light_geometry_gate,,,0.7715405174002359,0.7400365074536052,0.6585448392554991,0.9817970300417436,266,2807,13148,9730,0.9898366332906724,,,,scripts/jksucis_final_round_precision.py; carried forward by scripts/jksucis_final_11_issue_closure.py
raw_light_geom_gate_0p100,0.35,raw_light_geometry_gate,,,0.7688417902837476,0.7646626368240483,0.633570219966159,0.9843974543214946,228,2349,12242,9361,0.9216291500414064,,,,scripts/jksucis_final_round_precision.py; carried forward by scripts/jksucis_final_11_issue_closure.py
raw_light_geom_gate_0p100,0.4,raw_light_geometry_gate,,,0.7639620345520133,0.7876424189307625,0.6082571912013537,0.9869294463833572,191,1966,11410,8987,0.8589926974328088,,,,scripts/jksucis_final_round_precision.py; carried forward by scripts/jksucis_final_11_issue_closure.py
raw_light_geom_gate_0p100,0.4245783996557864,raw_light_geometry_gate,,,0.7621448295386718,0.7998731079488807,0.5972927241962775,0.988298090741121,171,1789,11033,8825,0.8306105548445382,,,,scripts/jksucis_final_round_precision.py; carried forward by scripts/jksucis_final_11_issue_closure.py
raw_light_geom_gate_0p100,0.5,raw_light_geometry_gate,,,0.7487689293559251,0.8335362142422398,0.5561421319796954,0.991309108328201,127,1311,9858,8217,0.7421516223744636,,,,scripts/jksucis_final_round_precision.py; carried forward by scripts/jksucis_final_11_issue_closure.py
raw_light_geom_gate_0p100,0.6,raw_light_geometry_gate,,,0.7161861807049826,0.8727141482194418,0.4909644670050761,0.9938411003900636,90,837,8312,7254,0.6257622525031996,,,,scripts/jksucis_final_round_precision.py; carried forward by scripts/jksucis_final_11_issue_closure.py
raw_light_geom_gate_0p100,0.7,raw_light_geometry_gate,,,0.6667558338060613,0.91175599644655,0.4167851099830795,0.9967152535413673,48,461,6754,6158,0.5084694722577731,,,,scripts/jksucis_final_round_precision.py; carried forward by scripts/jksucis_final_11_issue_closure.py
raw_light_geom_gate_0p100,0.7856808291453543,raw_light_geometry_gate,,,0.5942433226851971,0.944954128440367,0.3346192893401015,0.9982891945527954,25,219,5232,4944,0.393886923134834,,,,scripts/jksucis_final_round_precision.py; carried forward by scripts/jksucis_final_11_issue_closure.py
raw_light_geom_gate_0p100,0.8,raw_light_geometry_gate,,,0.5766216299539034,0.9515114627713532,0.3174280879864636,0.9985629234243482,21,181,4929,4690,0.3710758111872318,,,,scripts/jksucis_final_round_precision.py; carried forward by scripts/jksucis_final_11_issue_closure.py
raw_light_geom_gate_0p100,0.9,raw_light_geometry_gate,,,0.3645916358893562,0.9826517967781908,0.1610152284263959,0.9998631355642236,2,34,2421,2379,0.1822630429872769,,,,scripts/jksucis_final_round_precision.py; carried forward by scripts/jksucis_final_11_issue_closure.py
raw_light_geom_gate_0p100,0.980093800908991,raw_light_geometry_gate,,,0.0004059814601799,1.0,0.0001353637901861,1.0,0,0,2,2,0.0001505683956937,,,,scripts/jksucis_final_round_precision.py; carried forward by scripts/jksucis_final_11_issue_closure.py
raw_light_geom_gate_0p200,0.0017574990897787,raw_light_geometry_gate,,,0.3454966239480964,0.1624211887338212,0.8247038917089679,0.7611715595702457,3490,56039,75021,12185,5.64789580667018,,,,scripts/jksucis_final_round_precision.py; carried forward by scripts/jksucis_final_11_issue_closure.py
raw_light_geom_gate_0p200,0.0052871323797961,raw_light_geometry_gate,,,0.461080983812858,0.2454303823349008,0.8124534686971235,0.8325463628276193,2447,32346,48910,12004,3.682150116690506,,,,scripts/jksucis_final_round_precision.py; carried forward by scripts/jksucis_final_11_issue_closure.py
raw_light_geom_gate_0p200,0.0223183349752471,raw_light_geometry_gate,,,0.6112479974416757,0.3934757700343735,0.790253807106599,0.90816396359406,1342,15471,29674,11676,2.233983286908078,,,,scripts/jksucis_final_round_precision.py; carried forward by scripts/jksucis_final_11_issue_closure.py
raw_light_geom_gate_0p200,0.05,raw_light_geometry_gate,,,0.6807833657044878,0.4892043010752688,0.7698138747884941,0.9402586737836174,873,10105,23250,11374,1.7503575999397727,,,,scripts/jksucis_final_round_precision.py; carried forward by scripts/jksucis_final_11_issue_closure.py
raw_light_geom_gate_0p200,0.0710244891160094,raw_light_geometry_gate,,,0.7059702212278284,0.5330854309687262,0.756818950930626,0.95031820981318,726,8300,20976,11182,1.5791613340359858,,,,scripts/jksucis_final_round_precision.py; carried forward by scripts/jksucis_final_11_issue_closure.py
raw_light_geom_gate_0p200,0.1,raw_light_geometry_gate,,,0.7298615655932373,0.5809680152510062,0.7425380710659899,0.95935126257442,594,6662,18884,10971,1.4216667921403296,,,,scripts/jksucis_final_round_precision.py; carried forward by scripts/jksucis_final_11_issue_closure.py
raw_light_geom_gate_0p200,0.15,raw_light_geometry_gate,,,0.7509758663378924,0.6361786184604333,0.7193231810490693,0.9683158831177718,463,5066,16706,10628,1.2576978092298428,,,,scripts/jksucis_final_round_precision.py; carried forward by scripts/jksucis_final_11_issue_closure.py
raw_light_geom_gate_0p200,0.2,raw_light_geometry_gate,,,0.7641955115178861,0.680476880516401,0.6992216582064298,0.9746800793813728,370,4012,15182,10331,1.1429646917112095,,,,scripts/jksucis_final_round_precision.py; carried forward by scripts/jksucis_final_11_issue_closure.py
raw_light_geom_gate_0p200,0.25,raw_light_geometry_gate,,,0.7704160992728726,0.7157360406091371,0.6775634517766498,0.9794703346335456,300,3283,13987,10011,1.053000075284198,,,,scripts/jksucis_final_round_precision.py; carried forward by scripts/jksucis_final_11_issue_closure.py
raw_light_geom_gate_0p200,0.3,raw_light_geometry_gate,,,0.771980907651078,0.7440896530549586,0.6561082910321488,0.982276055566961,259,2738,13028,9694,0.9808025295490476,,,,scripts/jksucis_final_round_precision.py; carried forward by scripts/jksucis_final_11_issue_closure.py
raw_light_geom_gate_0p200,0.35,raw_light_geometry_gate,,,0.7691678495924742,0.7687360870640614,0.6310659898477158,0.9853555053719292,214,2294,12129,9324,0.9131220356847096,,,,scripts/jksucis_final_round_precision.py; carried forward by scripts/jksucis_final_11_issue_closure.py
raw_light_geom_gate_0p200,0.4,raw_light_geometry_gate,,,0.7642716805386113,0.7916740321725296,0.6062267343485618,0.9875453363443508,182,1919,11314,8957,0.8517654144395091,,,,scripts/jksucis_final_round_precision.py; carried forward by scripts/jksucis_final_11_issue_closure.py
raw_light_geom_gate_0p200,0.419301373818874,raw_light_geometry_gate,,,0.7623627608907352,0.8000181225081552,0.5975634517766497,0.9884349551768972,169,1791,11036,8829,0.8308364074380787,,,,scripts/jksucis_final_round_precision.py; carried forward by scripts/jksucis_final_11_issue_closure.py
raw_light_geom_gate_0p200,0.5,raw_light_geometry_gate,,,0.7478059515949116,0.835153618454629,0.5537732656514383,0.9915144049818656,124,1292,9797,8182,0.7375592863058044,,,,scripts/jksucis_final_round_precision.py; carried forward by scripts/jksucis_final_11_issue_closure.py
raw_light_geom_gate_0p200,0.6,raw_light_geometry_gate,,,0.7154404658183501,0.8744405467521471,0.4892724196277496,0.9942516936973927,84,825,8267,7229,0.6223744636000903,,,,scripts/jksucis_final_round_precision.py; carried forward by scripts/jksucis_final_11_issue_closure.py
raw_light_geom_gate_0p200,0.7,raw_light_geometry_gate,,,0.6651667715696745,0.9119309729247248,0.4148900169204738,0.9967152535413673,48,458,6722,6130,0.5060603779266732,,,,scripts/jksucis_final_round_precision.py; carried forward by scripts/jksucis_final_11_issue_closure.py
raw_light_geom_gate_0p200,0.7842825344782238,raw_light_geometry_gate,,,0.5940633132739851,0.946168582375479,0.3342808798646362,0.9984260589885718,23,216,5220,4939,0.3929835127606715,,,,scripts/jksucis_final_round_precision.py; carried forward by scripts/jksucis_final_11_issue_closure.py
raw_light_geom_gate_0p200,0.8,raw_light_geometry_gate,,,0.5745032291880989,0.9523809523809524,0.3153976311336717,0.9986997878601246,19,178,4893,4660,0.3683655800647444,,,,scripts/jksucis_final_round_precision.py; carried forward by scripts/jksucis_final_11_issue_closure.py
raw_light_geom_gate_0p200,0.9,raw_light_geometry_gate,,,0.3624204208935478,0.9833333333333332,0.1597292724196277,0.9998631355642236,2,33,2400,2360,0.1806820748324926,,,,scripts/jksucis_final_round_precision.py; carried forward by scripts/jksucis_final_11_issue_closure.py
raw_light_geom_gate_0p200,0.9799826023711136,raw_light_geometry_gate,,,0.0004059814601799,1.0,0.0001353637901861,1.0,0,0,2,2,0.0001505683956937,,,,scripts/jksucis_final_round_precision.py; carried forward by scripts/jksucis_final_11_issue_closure.py
