seed,method,selection_mode,score_col,ap_score_col,B,UFA,BG_FP,AP50,AP75,AP,status,note,source_script,source_split
101,Raw global threshold,RF global threshold,raw_score,raw_score,0.7752411646453533,264,2686,0.6646307499098505,0.5200290492882613,0.4878525608543794,completed,exact AP recomputed using split-specific score ranking,scripts/jksucis_final_round_precision.py; indexed by scripts/jksucis_final_11_issue_closure.py,held-out test or repeated split as indicated by row
101,GORC-SCG,direct score-class-geometry ranker,stability_score_class_geometry,stability_full_gorc_alpha_1p0,0.781477399605116,162,2619,0.6642992079590061,0.5198266337575909,0.4871292537830755,completed,B/UFA/BG_FP from score-class-geometry repeated-split stability source; exact AP uses the score-equivalent GORC-RF stream.,outputs/gorc_major_revision_round2/05_selection_stability/coco_repeated_split_results.csv; fig07_repeated_split_exact_ap.csv,held-out test or repeated split as indicated by row
101,GORC-RF,RF alpha/threshold,stability_full_gorc_alpha_1p0,stability_full_gorc_alpha_1p0,0.781477399605116,162,2619,0.6642992079590061,0.5198266337575909,0.4871292537830755,completed,exact AP recomputed using split-specific score ranking,scripts/jksucis_final_round_precision.py; indexed by scripts/jksucis_final_11_issue_closure.py,held-out test or repeated split as indicated by row
101,GORC-AP-C,AP-C proxy class-scaling,stability_class_reliability_gamma_0p25,stability_class_reliability_gamma_0p25,0.7766373703931359,152,2173,0.6646307499098505,0.5200290492882613,0.4878525608543794,completed,exact AP recomputed using split-specific score ranking,scripts/jksucis_final_round_precision.py; indexed by scripts/jksucis_final_11_issue_closure.py,held-out test or repeated split as indicated by row
202,Raw global threshold,RF global threshold,raw_score,raw_score,0.7722667877219429,269,2801,0.6613454798547111,0.5179899091265436,0.4838947613972942,completed,exact AP recomputed using split-specific score ranking,scripts/jksucis_final_round_precision.py; indexed by scripts/jksucis_final_11_issue_closure.py,held-out test or repeated split as indicated by row
202,GORC-SCG,direct score-class-geometry ranker,stability_score_class_geometry,stability_full_gorc_alpha_1p0,0.7779703625687998,145,2887,0.6617108713042568,0.5188684023852408,0.4844153534023631,completed,B/UFA/BG_FP from score-class-geometry repeated-split stability source; exact AP uses the score-equivalent GORC-RF stream.,outputs/gorc_major_revision_round2/05_selection_stability/coco_repeated_split_results.csv; fig07_repeated_split_exact_ap.csv,held-out test or repeated split as indicated by row
202,GORC-RF,RF alpha/threshold,stability_full_gorc_alpha_1p0,stability_full_gorc_alpha_1p0,0.7779703625687998,145,2887,0.6617108713042568,0.5188684023852408,0.4844153534023631,completed,exact AP recomputed using split-specific score ranking,scripts/jksucis_final_round_precision.py; indexed by scripts/jksucis_final_11_issue_closure.py,held-out test or repeated split as indicated by row
202,GORC-AP-C,AP-C proxy class-scaling,stability_class_reliability_gamma_0p25,stability_class_reliability_gamma_0p25,0.77375290235116,170,2392,0.6613454798547111,0.5179899091265436,0.4838947613972942,completed,exact AP recomputed using split-specific score ranking,scripts/jksucis_final_round_precision.py; indexed by scripts/jksucis_final_11_issue_closure.py,held-out test or repeated split as indicated by row
303,Raw global threshold,RF global threshold,raw_score,raw_score,0.77347885767214,277,2838,0.6563193010766651,0.5141015101816774,0.4811588767286824,completed,exact AP recomputed using split-specific score ranking,scripts/jksucis_final_round_precision.py; indexed by scripts/jksucis_final_11_issue_closure.py,held-out test or repeated split as indicated by row
303,GORC-SCG,direct score-class-geometry ranker,stability_score_class_geometry,stability_full_gorc_alpha_1p0,0.7791131742383053,157,3004,0.657179989443809,0.5149973288218448,0.4814833843941696,completed,B/UFA/BG_FP from score-class-geometry repeated-split stability source; exact AP uses the score-equivalent GORC-RF stream.,outputs/gorc_major_revision_round2/05_selection_stability/coco_repeated_split_results.csv; fig07_repeated_split_exact_ap.csv,held-out test or repeated split as indicated by row
303,GORC-RF,RF alpha/threshold,stability_full_gorc_alpha_1p0,stability_full_gorc_alpha_1p0,0.7791131742383053,157,3004,0.657179989443809,0.5149973288218448,0.4814833843941696,completed,exact AP recomputed using split-specific score ranking,scripts/jksucis_final_round_precision.py; indexed by scripts/jksucis_final_11_issue_closure.py,held-out test or repeated split as indicated by row
303,GORC-AP-C,AP-C proxy class-scaling,stability_class_reliability_gamma_0p25,stability_class_reliability_gamma_0p25,0.77574072491695,185,2437,0.6563193010766651,0.5141015101816774,0.4811588767286824,completed,exact AP recomputed using split-specific score ranking,scripts/jksucis_final_round_precision.py; indexed by scripts/jksucis_final_11_issue_closure.py,held-out test or repeated split as indicated by row
404,Raw global threshold,RF global threshold,raw_score,raw_score,0.7662454703441481,321,3490,0.658150743916107,0.511363564397201,0.4825343233303178,completed,exact AP recomputed using split-specific score ranking,scripts/jksucis_final_round_precision.py; indexed by scripts/jksucis_final_11_issue_closure.py,held-out test or repeated split as indicated by row
404,GORC-SCG,direct score-class-geometry ranker,stability_score_class_geometry,stability_full_gorc_alpha_1p0,0.7746727756694954,141,3143,0.6573528039263683,0.5113781755656325,0.4808103956465512,completed,B/UFA/BG_FP from score-class-geometry repeated-split stability source; exact AP uses the score-equivalent GORC-RF stream.,outputs/gorc_major_revision_round2/05_selection_stability/coco_repeated_split_results.csv; fig07_repeated_split_exact_ap.csv,held-out test or repeated split as indicated by row
404,GORC-RF,RF alpha/threshold,stability_full_gorc_alpha_1p0,stability_full_gorc_alpha_1p0,0.7746727756694954,141,3143,0.6573528039263683,0.5113781755656325,0.4808103956465512,completed,exact AP recomputed using split-specific score ranking,scripts/jksucis_final_round_precision.py; indexed by scripts/jksucis_final_11_issue_closure.py,held-out test or repeated split as indicated by row
404,GORC-AP-C,AP-C proxy class-scaling,stability_class_reliability_gamma_0p25,stability_class_reliability_gamma_0p25,0.773376740171189,163,2585,0.658150743916107,0.511363564397201,0.4825343233303178,completed,exact AP recomputed using split-specific score ranking,scripts/jksucis_final_round_precision.py; indexed by scripts/jksucis_final_11_issue_closure.py,held-out test or repeated split as indicated by row
505,Raw global threshold,RF global threshold,raw_score,raw_score,0.7741008942954095,265,2608,0.6614524699563102,0.5157271447595309,0.4840987033567942,completed,exact AP recomputed using split-specific score ranking,scripts/jksucis_final_round_precision.py; indexed by scripts/jksucis_final_11_issue_closure.py,held-out test or repeated split as indicated by row
505,GORC-SCG,direct score-class-geometry ranker,stability_score_class_geometry,stability_full_gorc_alpha_1p0,0.7792473198071029,129,2322,0.6598992743576673,0.5152662917061425,0.4828626483969323,completed,B/UFA/BG_FP from score-class-geometry repeated-split stability source; exact AP uses the score-equivalent GORC-RF stream.,outputs/gorc_major_revision_round2/05_selection_stability/coco_repeated_split_results.csv; fig07_repeated_split_exact_ap.csv,held-out test or repeated split as indicated by row
505,GORC-RF,RF alpha/threshold,stability_full_gorc_alpha_1p0,stability_full_gorc_alpha_1p0,0.7792473198071029,129,2322,0.6598992743576673,0.5152662917061425,0.4828626483969323,completed,exact AP recomputed using split-specific score ranking,scripts/jksucis_final_round_precision.py; indexed by scripts/jksucis_final_11_issue_closure.py,held-out test or repeated split as indicated by row
505,GORC-AP-C,AP-C proxy class-scaling,stability_class_reliability_gamma_0p25,stability_class_reliability_gamma_0p25,0.7732179850523,160,2111,0.6614524699563102,0.5157271447595309,0.4840987033567942,completed,exact AP recomputed using split-specific score ranking,scripts/jksucis_final_round_precision.py; indexed by scripts/jksucis_final_11_issue_closure.py,held-out test or repeated split as indicated by row
