score_family,bin_index,bin_left,bin_right,bin_type,n_candidates,n_known_tp,empirical_known_tp_rate,mean_score,split,notes
raw_score,1,0.0010000850306823,0.0013220896944403,equal_frequency,10050,29,0.0028855721393034,0.0011510432913518,held_out_test,Equal-frequency held-out test bins for the indicated score family.
raw_score,2,0.0013221255503594,0.0018160147592425,equal_frequency,10050,29,0.0028855721393034,0.0015519228439073,held_out_test,Equal-frequency held-out test bins for the indicated score family.
raw_score,3,0.001816036296077,0.0025714698713272,equal_frequency,10049,47,0.0046770822967459,0.0021649072172549,held_out_test,Equal-frequency held-out test bins for the indicated score family.
raw_score,4,0.0025715222582221,0.0038192823994904,equal_frequency,10050,57,0.0056716417910447,0.0031394565097329,held_out_test,Equal-frequency held-out test bins for the indicated score family.
raw_score,5,0.0038197415415197,0.0060573755763471,equal_frequency,10050,94,0.0093532338308457,0.0048240217854921,held_out_test,Equal-frequency held-out test bins for the indicated score family.
raw_score,6,0.0060577141121029,0.0110299009829759,equal_frequency,10049,94,0.0093541645934918,0.0082068961568833,held_out_test,Equal-frequency held-out test bins for the indicated score family.
raw_score,7,0.0110299326479434,0.0253710076212883,equal_frequency,10050,219,0.0217910447761194,0.0167278597346362,held_out_test,Equal-frequency held-out test bins for the indicated score family.
raw_score,8,0.0253711473196744,0.0923120826482772,equal_frequency,10049,607,0.0604040203005274,0.0495928277517624,held_out_test,Equal-frequency held-out test bins for the indicated score family.
raw_score,9,0.0923181548714637,0.4908724725246429,equal_frequency,10050,2772,0.275820895522388,0.2444248308204299,held_out_test,Equal-frequency held-out test bins for the indicated score family.
raw_score,10,0.4908795952796936,0.983530819416046,equal_frequency,10050,8316,0.8274626865671642,0.7712534144565241,held_out_test,Equal-frequency held-out test bins for the indicated score family.
GORC_SCG_score,1,0.0011281911694334,0.0133335395910965,equal_frequency,10050,12,0.0011940298507462,0.0080132838308137,held_out_test,Equal-frequency held-out test bins for the indicated score family.
GORC_SCG_score,2,0.0133375951181896,0.0237667102120174,equal_frequency,10050,28,0.0027860696517412,0.0186063779580754,held_out_test,Equal-frequency held-out test bins for the indicated score family.
GORC_SCG_score,3,0.0237669266923427,0.0339716662681168,equal_frequency,10049,50,0.0049756194646233,0.0288870577154477,held_out_test,Equal-frequency held-out test bins for the indicated score family.
GORC_SCG_score,4,0.0339724937079218,0.0465172425452387,equal_frequency,10050,59,0.0058706467661691,0.0397924101776384,held_out_test,Equal-frequency held-out test bins for the indicated score family.
GORC_SCG_score,5,0.0465177332975025,0.0668281882823259,equal_frequency,10050,81,0.0080597014925373,0.0558010364133146,held_out_test,Equal-frequency held-out test bins for the indicated score family.
GORC_SCG_score,6,0.066831349763252,0.1043204305990152,equal_frequency,10049,123,0.0122400238829734,0.0835137007535209,held_out_test,Equal-frequency held-out test bins for the indicated score family.
GORC_SCG_score,7,0.1043213770131402,0.1887051999154461,equal_frequency,10050,205,0.0203980099502487,0.139855851134441,held_out_test,Equal-frequency held-out test bins for the indicated score family.
GORC_SCG_score,8,0.1887240912059414,0.4440354678538785,equal_frequency,10049,548,0.0545327893322718,0.291747563752981,held_out_test,Equal-frequency held-out test bins for the indicated score family.
GORC_SCG_score,9,0.4441735674905834,0.9181374122568944,equal_frequency,10050,2790,0.2776119402985074,0.6942796119211868,held_out_test,Equal-frequency held-out test bins for the indicated score family.
GORC_SCG_score,10,0.9181442411777134,0.9990572386875726,equal_frequency,10050,8368,0.832636815920398,0.9760343997125034,held_out_test,Equal-frequency held-out test bins for the indicated score family.
GORC_RF_selected_score,1,0.0011662273763404,0.011187874885289,equal_frequency,10050,14,0.0013930348258706,0.0068339354230519,held_out_test,Equal-frequency held-out test bins for the indicated score family.
GORC_RF_selected_score,2,0.0111883664348528,0.0195993932065983,equal_frequency,10050,25,0.0024875621890547,0.0154479427138887,held_out_test,Equal-frequency held-out test bins for the indicated score family.
GORC_RF_selected_score,3,0.0196004755986147,0.0278446231759331,equal_frequency,10049,45,0.004478057518161,0.0237259469609767,held_out_test,Equal-frequency held-out test bins for the indicated score family.
GORC_RF_selected_score,4,0.0278451538485153,0.0381124317783518,equal_frequency,10050,67,0.0066666666666666,0.0326147902899551,held_out_test,Equal-frequency held-out test bins for the indicated score family.
GORC_RF_selected_score,5,0.0381160681505726,0.0549025765545674,equal_frequency,10050,75,0.0074626865671641,0.0457990111371438,held_out_test,Equal-frequency held-out test bins for the indicated score family.
GORC_RF_selected_score,6,0.0549028480184649,0.0858905844012916,equal_frequency,10049,124,0.0123395362722658,0.0687061008987389,held_out_test,Equal-frequency held-out test bins for the indicated score family.
GORC_RF_selected_score,7,0.0858952903582422,0.1564669787091817,equal_frequency,10050,204,0.0202985074626865,0.1156151964169045,held_out_test,Equal-frequency held-out test bins for the indicated score family.
GORC_RF_selected_score,8,0.1564868197398617,0.3734496055035294,equal_frequency,10049,551,0.0548313265001492,0.243553334366728,held_out_test,Equal-frequency held-out test bins for the indicated score family.
GORC_RF_selected_score,9,0.3735045157631517,0.8316924324889692,equal_frequency,10050,2774,0.2760199004975124,0.6035327743983846,held_out_test,Equal-frequency held-out test bins for the indicated score family.
GORC_RF_selected_score,10,0.8317506012902401,0.995788107009231,equal_frequency,10050,8385,0.8343283582089552,0.9340035052483604,held_out_test,Equal-frequency held-out test bins for the indicated score family.
GORC_APC_selected_score,1,0.0007421669851524,0.0011876440232897,equal_frequency,10050,26,0.0025870646766169,0.0010201130653832,held_out_test,Equal-frequency held-out test bins for the indicated score family.
GORC_APC_selected_score,2,0.0011876865464534,0.0016216767132361,equal_frequency,10050,31,0.0030845771144278,0.0013892781125583,held_out_test,Equal-frequency held-out test bins for the indicated score family.
GORC_APC_selected_score,3,0.0016217625417951,0.002299018340691,equal_frequency,10049,43,0.004279032739576,0.0019370319552495,held_out_test,Equal-frequency held-out test bins for the indicated score family.
GORC_APC_selected_score,4,0.0022990486608481,0.0034299725078576,equal_frequency,10050,64,0.00636815920398,0.0028150576761759,held_out_test,Equal-frequency held-out test bins for the indicated score family.
GORC_APC_selected_score,5,0.0034300572915708,0.0054563626055682,equal_frequency,10050,87,0.0086567164179104,0.0043238305722302,held_out_test,Equal-frequency held-out test bins for the indicated score family.
GORC_APC_selected_score,6,0.0054566286879456,0.0099299171611064,equal_frequency,10049,94,0.0093541645934918,0.0073804419886674,held_out_test,Equal-frequency held-out test bins for the indicated score family.
GORC_APC_selected_score,7,0.0099314412806797,0.0229173580896021,equal_frequency,10050,226,0.0224875621890547,0.0151113281214218,held_out_test,Equal-frequency held-out test bins for the indicated score family.
GORC_APC_selected_score,8,0.0229272954348349,0.0838078877820845,equal_frequency,10049,599,0.0596079211861876,0.0451204293241243,held_out_test,Equal-frequency held-out test bins for the indicated score family.
GORC_APC_selected_score,9,0.0838099761213697,0.4589261373422851,equal_frequency,10050,2755,0.2741293532338308,0.2261032283933751,held_out_test,Equal-frequency held-out test bins for the indicated score family.
GORC_APC_selected_score,10,0.4589408258985077,0.9671097993850708,equal_frequency,10050,8339,0.8297512437810945,0.7293352671255159,held_out_test,Equal-frequency held-out test bins for the indicated score family.
