score_col,mode_family,ap_rank_preserving_by_design,threshold,cal_balanced,cal_precision,cal_recall,cal_unknown_reject,cal_num_accepted,cal_unknown_false_accept,cal_background_false_accepts,cal_tp_known,cal_AP50,cal_AP75,cal_AP,stream_hash,acceptance_mask_hash,canonical_stream,alpha
raw_score,raw,True,0.0021250611753202498,0.34086325442531135,0.15936726568384807,0.8264508928571429,0.7596614950634697,18586,852,13948,2962,0.6919965117135536,0.5443319661208776,0.5126761881261211,41a18bdde32aaa2fd1ef888e4b0b0ccd406acaa43d693072875174d4dc3ac81c,cde2135237380548be754f3395e2aacc608b0e6b9d2b910c8ae33e560ed9b1e9,raw_score,
raw_score,raw,True,0.006047314731404151,0.4494543476268852,0.2358970220321201,0.8155691964285714,0.8267983074753174,12391,614,8318,2923,0.6919965117135536,0.5443319661208776,0.5126761881261211,41a18bdde32aaa2fd1ef888e4b0b0ccd406acaa43d693072875174d4dc3ac81c,f16ecf873325b0059621019f7545e6b4bc9937a38f74bff2359378727b6a3300,raw_score,
raw_score,raw,True,0.024115323647856665,0.6020044492952293,0.38264963012777403,0.7938058035714286,0.9007052186177715,7435,352,3932,2845,0.6919965117135536,0.5443319661208776,0.5126761881261211,41a18bdde32aaa2fd1ef888e4b0b0ccd406acaa43d693072875174d4dc3ac81c,36e503ba579d3b69ee24f2f775a7c042cbd6ac4713f003899a10ede7612ae8cd,raw_score,
raw_score,raw,True,0.05,0.6721858191518845,0.47544338335607095,0.7779017857142857,0.9308885754583921,5864,245,2612,2788,0.6919965117135536,0.5443319661208776,0.5126761881261211,41a18bdde32aaa2fd1ef888e4b0b0ccd406acaa43d693072875174d4dc3ac81c,433e720f86036d6377ce69bb2200a6ee1707a18761b6f9a6b096c298c77b0191,raw_score,
raw_score,raw,True,0.08491865098476409,0.7102752607497914,0.5438773451684487,0.7522321428571429,0.9472496473906911,4957,187,1895,2696,0.6919965117135536,0.5443319661208776,0.5126761881261211,41a18bdde32aaa2fd1ef888e4b0b0ccd406acaa43d693072875174d4dc3ac81c,d1fcc60578d6928deeed5c3cddbf2a4940f5f030880f480e6855e1f53bf6878b,raw_score,
raw_score,raw,True,0.1,0.7204744930835282,0.5673076923076923,0.7407924107142857,0.9511988716502116,4680,173,1688,2655,0.6919965117135536,0.5443319661208776,0.5126761881261211,41a18bdde32aaa2fd1ef888e4b0b0ccd406acaa43d693072875174d4dc3ac81c,027921ce7099bbb6723f4bebd9e2e92f9ddd960e12d63e53950eb7727e425f32,raw_score,
raw_score,raw,True,0.15,0.7451575665900472,0.6320357054302008,0.7112165178571429,0.9636107193229901,4033,129,1231,2549,0.6919965117135536,0.5443319661208776,0.5126761881261211,41a18bdde32aaa2fd1ef888e4b0b0ccd406acaa43d693072875174d4dc3ac81c,cf88ded2c0bc1ad6c9f857bb619de8aa31b9279ebaefc9665f7d43683455c6ab,raw_score,
raw_score,raw,True,0.2,0.757498970343216,0.6748499727223132,0.6902901785714286,0.9709449929478138,3666,103,982,2474,0.6919965117135536,0.5443319661208776,0.5126761881261211,41a18bdde32aaa2fd1ef888e4b0b0ccd406acaa43d693072875174d4dc3ac81c,8ebb1631f5f0aa79f04ec7750e1384dc0e44f43821dabab0d5f9feb8afd3dbde,raw_score,
raw_score,raw,True,0.25,0.7624860086625966,0.7100715137067938,0.6648995535714286,0.9782792665726375,3356,77,800,2383,0.6919965117135536,0.5443319661208776,0.5126761881261211,41a18bdde32aaa2fd1ef888e4b0b0ccd406acaa43d693072875174d4dc3ac81c,de0b456c007ff1117ea9d16873b8ed195b16aaa3443ee6b26c8ce7dc421d5d4a,raw_score,
raw_score,raw,True,0.3,0.7652876499716522,0.7424242424242424,0.642578125,0.9833568406205924,3102,59,662,2303,0.6919965117135536,0.5443319661208776,0.5126761881261211,41a18bdde32aaa2fd1ef888e4b0b0ccd406acaa43d693072875174d4dc3ac81c,0cd8f0d77302609d128b109c208e15b17bc6b3ff82ab085ebfc20016c3a963e9,raw_score,
raw_score,raw,True,0.35,0.7624285715410077,0.7666781887314207,0.6188616071428571,0.9856135401974612,2893,51,555,2218,0.6919965117135536,0.5443319661208776,0.5126761881261211,41a18bdde32aaa2fd1ef888e4b0b0ccd406acaa43d693072875174d4dc3ac81c,1db6bcb20ef26e5138c0db4ffe3d5b6edd50f28689e18324ef2ab8d4f56b2d9d,raw_score,
raw_score,raw,True,0.4,0.7569652225961747,0.7925233644859813,0.5915178571428571,0.9892806770098731,2675,38,462,2120,0.6919965117135536,0.5443319661208776,0.5126761881261211,41a18bdde32aaa2fd1ef888e4b0b0ccd406acaa43d693072875174d4dc3ac81c,78c416c2c884a6d9a4ab1385700d7fef5ceaff508fb961e7ef8e156aa63c8014,raw_score,
raw_score,raw,True,0.45461274385452344,0.7519398842757664,0.8200887454618798,0.5672433035714286,0.9926657263751764,2479,26,375,2033,0.6919965117135536,0.5443319661208776,0.5126761881261211,41a18bdde32aaa2fd1ef888e4b0b0ccd406acaa43d693072875174d4dc3ac81c,358f8df83ec2f56ca9b1949ec26a316a08161596e55537d5f33cea8137d58103,raw_score,
raw_score,raw,True,0.5,0.7424405746689307,0.8403979238754326,0.5421316964285714,0.9937940761636107,2312,22,306,1943,0.6919965117135536,0.5443319661208776,0.5126761881261211,41a18bdde32aaa2fd1ef888e4b0b0ccd406acaa43d693072875174d4dc3ac81c,9ffee6a922426f5fab143b81a319fdab2bbd29024c9be0fe519456ec37994b88,raw_score,
raw_score,raw,True,0.6,0.7082891087953511,0.8776241679467486,0.47823660714285715,0.9949224259520452,1953,18,193,1714,0.6919965117135536,0.5443319661208776,0.5126761881261211,41a18bdde32aaa2fd1ef888e4b0b0ccd406acaa43d693072875174d4dc3ac81c,c3c76785b791f479836b93f1e352d26bcf30fbfeecc33bc86a6dd7ed33780b17,raw_score,
raw_score,raw,True,0.7,0.6638732544979153,0.9212991880074953,0.4115513392857143,0.9963328631875882,1601,13,94,1475,0.6919965117135536,0.5443319661208776,0.5126761881261211,41a18bdde32aaa2fd1ef888e4b0b0ccd406acaa43d693072875174d4dc3ac81c,1e42d65e4a839764853ee74a9066a4df3dfb0ca066bbdc9868f8974cd5eb103f,raw_score,
raw_score,raw,True,0.7898961871862408,0.5874028740938616,0.9475806451612904,0.32784598214285715,0.9983074753173484,1240,6,45,1175,0.6919965117135536,0.5443319661208776,0.5126761881261211,41a18bdde32aaa2fd1ef888e4b0b0ccd406acaa43d693072875174d4dc3ac81c,ea9417fe3bdf2563c361aa92357727de13ce0282348f9fb0021acfd27e6a331d,raw_score,
raw_score,raw,True,0.8,0.5718015842353009,0.9492814877430262,0.31333705357142855,0.9983074753173484,1183,6,42,1123,0.6919965117135536,0.5443319661208776,0.5126761881261211,41a18bdde32aaa2fd1ef888e4b0b0ccd406acaa43d693072875174d4dc3ac81c,41c772ee784a1173d30e974c0da846bb75883c4f04646961867ff4aa97f561b5,raw_score,
raw_score,raw,True,0.9,0.3713866778382907,0.986644407345576,0.16489955357142858,1.0,599,0,7,591,0.6919965117135536,0.5443319661208776,0.5126761881261211,41a18bdde32aaa2fd1ef888e4b0b0ccd406acaa43d693072875174d4dc3ac81c,2eabaec3c9bc62966ede0dd6d99a8521eec22ca2f3a2585815713b35b01f41d6,raw_score,
raw_score,raw,True,0.9805260300636292,0.0008365867261572784,1.0,0.00027901785714285713,1.0,1,0,0,1,0.6919965117135536,0.5443319661208776,0.5126761881261211,41a18bdde32aaa2fd1ef888e4b0b0ccd406acaa43d693072875174d4dc3ac81c,49eea316875838282f74739438518de1c1ee40e5308db9c3e07d4f4f9a11eb3e,raw_score,
geometry_risk_score,geometry,False,0.02728384790271026,0.3438458760727181,0.16022812869902076,0.8309151785714286,0.7811001410437235,18586,776,14186,2978,0.7047575415409898,0.5470219189068487,0.5131236910658293,68420e89486c6988446d71678fbd4376bfe9c8fe6faa03e3da0d6084a063b745,0be47dd40209faafc8e4232b9b5af27995833b212fc4c040d6252ff92f16f25b,geometry_risk_score,
geometry_risk_score,geometry,False,0.05,0.417626785568785,0.2098721590909091,0.8244977678571429,0.8293370944992948,14080,605,10036,2955,0.7047575415409898,0.5470219189068487,0.5131236910658293,68420e89486c6988446d71678fbd4376bfe9c8fe6faa03e3da0d6084a063b745,4055eadd5309d9c989c68cf3d4872a4ac9a26870c3bbf87abaaffe7e1fc4c50e,geometry_risk_score,
geometry_risk_score,geometry,False,0.06527854422355314,0.453440394152721,0.23694617060769912,0.8191964285714286,0.8510578279266573,12391,528,8495,2936,0.7047575415409898,0.5470219189068487,0.5131236910658293,68420e89486c6988446d71678fbd4376bfe9c8fe6faa03e3da0d6084a063b745,41f5de6669600df2fe2a38310f5d66a940ac0e264cf23af2b7f38f2e0301d810,geometry_risk_score,
geometry_risk_score,geometry,False,0.1,0.5175500944775715,0.2906605467970465,0.8127790178571429,0.8882933709449929,10022,396,6367,2913,0.7047575415409898,0.5470219189068487,0.5131236910658293,68420e89486c6988446d71678fbd4376bfe9c8fe6faa03e3da0d6084a063b745,e3b1f48bb22a5cdf5df9a30ea55b1cb3135cad00500e01715dcb770af3218bfd,geometry_risk_score,
geometry_risk_score,geometry,False,0.15,0.57796503831312,0.3503951367781155,0.8041294642857143,0.9148095909732017,8225,302,4761,2882,0.7047575415409898,0.5470219189068487,0.5131236910658293,68420e89486c6988446d71678fbd4376bfe9c8fe6faa03e3da0d6084a063b745,f4f4cb926e79696af2b52922ec85da5a2319a5bc035e3fbe8ca980f02a369a74,geometry_risk_score,
geometry_risk_score,geometry,False,0.18503220256237785,0.6090565567016513,0.38493611297915264,0.7985491071428571,0.9297602256699576,7435,249,4076,2862,0.7047575415409898,0.5470219189068487,0.5131236910658293,68420e89486c6988446d71678fbd4376bfe9c8fe6faa03e3da0d6084a063b745,aa017d6ecb0b25275da935f66c5dead39dc1f79794538771d2b00287f60a98a6,geometry_risk_score,
geometry_risk_score,geometry,False,0.2,0.6200435708057177,0.3986023759608665,0.7957589285714286,0.9320169252468266,7155,241,3825,2852,0.7047575415409898,0.5470219189068487,0.5131236910658293,68420e89486c6988446d71678fbd4376bfe9c8fe6faa03e3da0d6084a063b745,21a596dbc96c451e7adf66b55b5e03012dbfa937fb620dacb59173c8658d4e4b,geometry_risk_score,
geometry_risk_score,geometry,False,0.25,0.6543051451962987,0.44308752152810393,0.7896205357142857,0.9418899858956277,6387,206,3159,2830,0.7047575415409898,0.5470219189068487,0.5131236910658293,68420e89486c6988446d71678fbd4376bfe9c8fe6faa03e3da0d6084a063b745,77bbe51fe884318925d9f990741ca5a5e25ef83969e78f0d17a049ebc3833279,geometry_risk_score,
geometry_risk_score,geometry,False,0.3,0.6799468146547408,0.47935153583617746,0.7837611607142857,0.952327221438646,5860,169,2703,2809,0.7047575415409898,0.5470219189068487,0.5131236910658293,68420e89486c6988446d71678fbd4376bfe9c8fe6faa03e3da0d6084a063b745,9c8e80b5ae16bf2c51f8638a0a804cee8e7649a602ee7583cb43718bb5babb2b,geometry_risk_score,
geometry_risk_score,geometry,False,0.35,0.7005619756429837,0.511863159830789,0.7765066964285714,0.9607898448519041,5437,139,2354,2783,0.7047575415409898,0.5470219189068487,0.5131236910658293,68420e89486c6988446d71678fbd4376bfe9c8fe6faa03e3da0d6084a063b745,82dba40dad060ac25b05f84bcdf57f2916fbed292530e33653b7dab2c06bff3e,geometry_risk_score,
geometry_risk_score,geometry,False,0.4,0.7186165571682148,0.542067071974897,0.7712053571428571,0.9678420310296192,5099,114,2068,2764,0.7047575415409898,0.5470219189068487,0.5131236910658293,68420e89486c6988446d71678fbd4376bfe9c8fe6faa03e3da0d6084a063b745,25da6462d7f7d5a3779bf0f16862728ab9f24cf40e2ff4edac65b8e9a2f56964,geometry_risk_score,
geometry_risk_score,geometry,False,0.4205139718258785,0.7255693907212916,0.5551745007060722,0.7678571428571429,0.9698166431593794,4957,107,1950,2752,0.7047575415409898,0.5470219189068487,0.5131236910658293,68420e89486c6988446d71678fbd4376bfe9c8fe6faa03e3da0d6084a063b745,df595927ce7802ae20f9498cff32f615b8f7c6859e7b972c02462e1b32cf52fd,geometry_risk_score,
geometry_risk_score,geometry,False,0.5,0.7462600560381519,0.5995998221431748,0.7525111607142857,0.9771509167842031,4498,81,1595,2697,0.7047575415409898,0.5470219189068487,0.5131236910658293,68420e89486c6988446d71678fbd4376bfe9c8fe6faa03e3da0d6084a063b745,ef0f6d974e9b13c8222e2af8ccdd1e5b04c247543b50521c130f995c44f018bb,geometry_risk_score,
geometry_risk_score,geometry,False,0.6,0.7650331361872422,0.6506203473945409,0.7315848214285714,0.9827926657263751,4030,61,1241,2622,0.7047575415409898,0.5470219189068487,0.5131236910658293,68420e89486c6988446d71678fbd4376bfe9c8fe6faa03e3da0d6084a063b745,236e879e05f407edff846ee4839a4b66cea76abed8a029556870e25115931bf6,geometry_risk_score,
geometry_risk_score,geometry,False,0.7,0.7747606452941992,0.6988857938718663,0.7000558035714286,0.9873060648801129,3590,45,950,2509,0.7047575415409898,0.5470219189068487,0.5131236910658293,68420e89486c6988446d71678fbd4376bfe9c8fe6faa03e3da0d6084a063b745,04aebf6ebdad9fbab62ce6003e59759e51d4fbb298a659eb552661a327db2fa1,geometry_risk_score,
geometry_risk_score,geometry,False,0.8,0.7797677795185739,0.7569733889067009,0.6587611607142857,0.9918194640338505,3119,29,662,2361,0.7047575415409898,0.5470219189068487,0.5131236910658293,68420e89486c6988446d71678fbd4376bfe9c8fe6faa03e3da0d6084a063b745,23e83c2ac14e11d79115bb58d50400944b228a95c6f77e08aa924a069d1a908c,geometry_risk_score,
geometry_risk_score,geometry,False,0.9,0.7640899024702567,0.8342696629213483,0.580078125,0.9963328631875882,2492,13,349,2079,0.7047575415409898,0.5470219189068487,0.5131236910658293,68420e89486c6988446d71678fbd4376bfe9c8fe6faa03e3da0d6084a063b745,d647996341e91a2cf0b68b4e5b1d1b78af712d97358d9d86fa8e64de550a1f0f,geometry_risk_score,
geometry_risk_score,geometry,False,0.902639568002063,0.7637747999360706,0.836224283985478,0.5784040178571429,0.9968970380818054,2479,11,345,2073,0.7047575415409898,0.5470219189068487,0.5131236910658293,68420e89486c6988446d71678fbd4376bfe9c8fe6faa03e3da0d6084a063b745,18a0922e18b8686bf15fbf53669154ba1a66af69f7efd658c3405f8cc6ece643,geometry_risk_score,
geometry_risk_score,geometry,False,0.9803873934040224,0.589942831769995,0.9524193548387097,0.3295200892857143,0.9994358251057828,1240,2,46,1181,0.7047575415409898,0.5470219189068487,0.5131236910658293,68420e89486c6988446d71678fbd4376bfe9c8fe6faa03e3da0d6084a063b745,a69659cd84ba235a963775cc4cc79952d20fb5d018368defb6c967578ed4fdf0,geometry_risk_score,
geometry_risk_score,geometry,False,0.9997650132317896,0.0008365867261572784,1.0,0.00027901785714285713,1.0,1,0,0,1,0.7047575415409898,0.5470219189068487,0.5131236910658293,68420e89486c6988446d71678fbd4376bfe9c8fe6faa03e3da0d6084a063b745,786a953f67b2feca3ced1d900fd0d604a122696c7745223894e4d266b561996a,geometry_risk_score,
geometry_alpha_0p050,alpha_blend,False,0.0035708979566220966,0.3418921005713643,0.1597976971914344,0.8286830357142857,0.7633286318758815,18586,839,13998,2970,0.6939080504133687,0.5448938517040303,0.5134358183050901,8c2d13b0001fba99ed7cb43eadda7ad65060186d4d0ce9253a75c2e0ae3d5736,5a89cd6a3041ac3336fd8d6d3afa6a5afc726b9ecf21034a1c42b37a663c3ea3,geometry_alpha_0p050,0.05
geometry_alpha_0p050,alpha_blend,False,0.00926189384130291,0.4504566029340111,0.2362198369784521,0.8166852678571429,0.8318758815232722,12391,596,8357,2927,0.6939080504133687,0.5448938517040303,0.5134358183050901,8c2d13b0001fba99ed7cb43eadda7ad65060186d4d0ce9253a75c2e0ae3d5736,55ccb96fa0d85f3296b637d9f4c330174208687416ca659d904c9a828d2684dc,geometry_alpha_0p050,0.05
geometry_alpha_0p050,alpha_blend,False,0.03232788003343297,0.6035394984061306,0.3833221250840619,0.7952008928571429,0.9055007052186178,7435,335,3956,2850,0.6939080504133687,0.5448938517040303,0.5134358183050901,8c2d13b0001fba99ed7cb43eadda7ad65060186d4d0ce9253a75c2e0ae3d5736,d0428327875571d6e240ae2fef3598a1804a468ad5fdf9e5e2b14bd479e25ffb,geometry_alpha_0p050,0.05
geometry_alpha_0p050,alpha_blend,False,0.05,0.6497986199178517,0.442413738774224,0.7834821428571429,0.9258110014104373,6347,263,3040,2808,0.6939080504133687,0.5448938517040303,0.5134358183050901,8c2d13b0001fba99ed7cb43eadda7ad65060186d4d0ce9253a75c2e0ae3d5736,e2975a947fa722f22ece0456e51db8194e35ac8194d75ad8bf9f27afbd4def9d,geometry_alpha_0p050,0.05
geometry_alpha_0p050,alpha_blend,False,0.1,0.7107098730782407,0.5417832866853258,0.7561383928571429,0.9497884344146685,5002,178,1935,2710,0.6939080504133687,0.5448938517040303,0.5134358183050901,8c2d13b0001fba99ed7cb43eadda7ad65060186d4d0ce9253a75c2e0ae3d5736,4c79c90f4a0920f1b3f847038edd343c40287c097ef6339299d5466adf4ef285,geometry_alpha_0p050,0.05
geometry_alpha_0p050,alpha_blend,False,0.10239609566941528,0.7130833047916093,0.5460964292919104,0.7553013392857143,0.9506346967559943,4957,175,1897,2707,0.6939080504133687,0.5448938517040303,0.5134358183050901,8c2d13b0001fba99ed7cb43eadda7ad65060186d4d0ce9253a75c2e0ae3d5736,2c8b9647b1ec176587a786a3b473ffa181749a6391afdb33d24c3a6b3227b6f8,geometry_alpha_0p050,0.05
geometry_alpha_0p050,alpha_blend,False,0.15,0.7395987583828696,0.6117008728473696,0.7234933035714286,0.9622002820874471,4239,134,1381,2593,0.6939080504133687,0.5448938517040303,0.5134358183050901,8c2d13b0001fba99ed7cb43eadda7ad65060186d4d0ce9253a75c2e0ae3d5736,d346198b7a587cfe3fa2f36d3d8d813892e894522c4f44c857e8e70c2920d7f6,geometry_alpha_0p050,0.05
geometry_alpha_0p050,alpha_blend,False,0.2,0.7562378301894066,0.6606346708628377,0.7028459821428571,0.9703808180535967,3813,105,1076,2519,0.6939080504133687,0.5448938517040303,0.5134358183050901,8c2d13b0001fba99ed7cb43eadda7ad65060186d4d0ce9253a75c2e0ae3d5736,71baa76cfcbcca266a44454d2bc5ab4179d8b9776c2a14562673c3ca9006f0f6,geometry_alpha_0p050,0.05
geometry_alpha_0p050,alpha_blend,False,0.25,0.7634074954269939,0.6978479196556672,0.6785714285714286,0.9774330042313117,3485,80,874,2432,0.6939080504133687,0.5448938517040303,0.5134358183050901,8c2d13b0001fba99ed7cb43eadda7ad65060186d4d0ce9253a75c2e0ae3d5736,e83c7835b074fe4888d32c5c997af0376bdf48cc1def9a08a9d162bd99a8690e,geometry_alpha_0p050,0.05
geometry_alpha_0p050,alpha_blend,False,0.3,0.7664271609943614,0.7311291328758578,0.6540178571428571,0.9827926657263751,3206,61,718,2344,0.6939080504133687,0.5448938517040303,0.5134358183050901,8c2d13b0001fba99ed7cb43eadda7ad65060186d4d0ce9253a75c2e0ae3d5736,db29622c0b35aa488a79604244049494b82b61cf7a774784ffa5bd2a8bab883f,geometry_alpha_0p050,0.05
geometry_alpha_0p050,alpha_blend,False,0.35,0.7666093321063705,0.7582748244734202,0.6328125,0.9858956276445698,2991,50,598,2268,0.6939080504133687,0.5448938517040303,0.5134358183050901,8c2d13b0001fba99ed7cb43eadda7ad65060186d4d0ce9253a75c2e0ae3d5736,d09470f0e6665eeb2411061ec8473127a081f33cfa67a5bb71bfd26bcf50ef66,geometry_alpha_0p050,0.05
geometry_alpha_0p050,alpha_blend,False,0.4,0.7607803797538881,0.7818247385503065,0.6049107142857143,0.9889985895627644,2773,39,504,2168,0.6939080504133687,0.5448938517040303,0.5134358183050901,8c2d13b0001fba99ed7cb43eadda7ad65060186d4d0ce9253a75c2e0ae3d5736,8b36b83bc84728e4e5069a70a10648833d1b03e1eb4e29ce373e949f0d28e469,geometry_alpha_0p050,0.05
geometry_alpha_0p050,alpha_blend,False,0.476220283565048,0.7522163261715813,0.8204921339249698,0.5675223214285714,0.9926657263751764,2479,26,373,2034,0.6939080504133687,0.5448938517040303,0.5134358183050901,8c2d13b0001fba99ed7cb43eadda7ad65060186d4d0ce9253a75c2e0ae3d5736,311024830bf3eec85ab1298a1b5833276b888db20e213a492ce2e86ce211b6ca,geometry_alpha_0p050,0.05
geometry_alpha_0p050,alpha_blend,False,0.5,0.7489654249724103,0.834731543624161,0.5552455357142857,0.9935119887165021,2384,23,328,1990,0.6939080504133687,0.5448938517040303,0.5134358183050901,8c2d13b0001fba99ed7cb43eadda7ad65060186d4d0ce9253a75c2e0ae3d5736,1a90931c9ea0954e5e5d5f91fc0949410176d787bc8025c303bb1249467f2b9d,geometry_alpha_0p050,0.05
geometry_alpha_0p050,alpha_blend,False,0.6,0.715527651876413,0.8695007414730598,0.4907924107142857,0.9949224259520452,2023,18,215,1759,0.6939080504133687,0.5448938517040303,0.5134358183050901,8c2d13b0001fba99ed7cb43eadda7ad65060186d4d0ce9253a75c2e0ae3d5736,85adf6b2d483023210eed7498404a9a1ab8e625980208811d95e105ed5cae415,geometry_alpha_0p050,0.05
geometry_alpha_0p050,alpha_blend,False,0.7,0.6721886343911819,0.916969696969697,0.42215401785714285,0.9963328631875882,1650,13,105,1513,0.6939080504133687,0.5448938517040303,0.5134358183050901,8c2d13b0001fba99ed7cb43eadda7ad65060186d4d0ce9253a75c2e0ae3d5736,cda24565a25a9aa34d36d2544836e9a26b6141597e001c203dac5e4a0b4ed093,geometry_alpha_0p050,0.05
geometry_alpha_0p050,alpha_blend,False,0.7992921197467708,0.5882063400484668,0.9491935483870968,0.32840401785714285,0.9983074753173484,1240,6,44,1177,0.6939080504133687,0.5448938517040303,0.5134358183050901,8c2d13b0001fba99ed7cb43eadda7ad65060186d4d0ce9253a75c2e0ae3d5736,73c16ce96df5afdc0665a87152c5ee7b81c0d7d747a09d203ea7c837df4b2aeb,geometry_alpha_0p050,0.05
geometry_alpha_0p050,alpha_blend,False,0.8,0.5860760736499665,0.948905109489051,0.32645089285714285,0.9983074753173484,1233,6,44,1170,0.6939080504133687,0.5448938517040303,0.5134358183050901,8c2d13b0001fba99ed7cb43eadda7ad65060186d4d0ce9253a75c2e0ae3d5736,e78fa68fc91738ed3e5de989b9ff05a24204f30714b56e972a64029124be9b9a,geometry_alpha_0p050,0.05
geometry_alpha_0p050,alpha_blend,False,0.9,0.3885337182924314,0.9858712715855573,0.17522321428571427,1.0,637,0,7,628,0.6939080504133687,0.5448938517040303,0.5134358183050901,8c2d13b0001fba99ed7cb43eadda7ad65060186d4d0ce9253a75c2e0ae3d5736,6c63220b6c013b7a38f0399d827dc62e0778430a16250923ee8cda3a644594c7,geometry_alpha_0p050,0.05
geometry_alpha_0p050,alpha_blend,False,0.9814477777789423,0.0008365867261572784,1.0,0.00027901785714285713,1.0,1,0,0,1,0.6939080504133687,0.5448938517040303,0.5134358183050901,8c2d13b0001fba99ed7cb43eadda7ad65060186d4d0ce9253a75c2e0ae3d5736,49eea316875838282f74739438518de1c1ee40e5308db9c3e07d4f4f9a11eb3e,geometry_alpha_0p050,0.05
geometry_alpha_0p100,alpha_blend,False,0.004970321522681499,0.3422236098586134,0.1599591090067793,0.8295200892857143,0.7638928067700987,18586,837,14009,2973,0.6951644999260901,0.5454097645560977,0.5140037187459565,7655e99e374b6c2d3cdd1e1b5559365fb11bf4877316cbb6c5310c0ee5c3f62c,f383752be664c7acbc1c129bd36fecac67ea2c71b80e0f7d5d55cb2c4d86b8ba,geometry_alpha_0p100,0.1
geometry_alpha_0p100,alpha_blend,False,0.012389071402049926,0.45108282486914675,0.23646194818820113,0.8175223214285714,0.8344146685472497,12391,587,8385,2930,0.6951644999260901,0.5454097645560977,0.5140037187459565,7655e99e374b6c2d3cdd1e1b5559365fb11bf4877316cbb6c5310c0ee5c3f62c,6257ee2742c989d13e65928b89cedea87292854ec5c67b0e36aad43a6cbadeba,geometry_alpha_0p100,0.1
geometry_alpha_0p100,alpha_blend,False,0.040798119354979345,0.6049454344522724,0.38412911903160724,0.796875,0.9083215796897038,7435,325,3973,2856,0.6951644999260901,0.5454097645560977,0.5140037187459565,7655e99e374b6c2d3cdd1e1b5559365fb11bf4877316cbb6c5310c0ee5c3f62c,0efa0b4fa5873a6a4b1fa0c3d9f839e843d60c08628e354fca8544ce2533cf9e,geometry_alpha_0p100,0.1
geometry_alpha_0p100,alpha_blend,False,0.05,0.6284268436994249,0.4131701631701632,0.7912946428571429,0.9176304654442877,6864,292,3478,2836,0.6951644999260901,0.5454097645560977,0.5140037187459565,7655e99e374b6c2d3cdd1e1b5559365fb11bf4877316cbb6c5310c0ee5c3f62c,7c5db4f189597b1071ace6d8234e98adf4daa9fe07a959156a131dc287b43d68,geometry_alpha_0p100,0.1
geometry_alpha_0p100,alpha_blend,False,0.1,0.7016859086280032,0.5211960635881908,0.7684151785714286,0.9475317348377997,5284,186,2156,2754,0.6951644999260901,0.5454097645560977,0.5140037187459565,7655e99e374b6c2d3cdd1e1b5559365fb11bf4877316cbb6c5310c0ee5c3f62c,3ce5950a493d4f87b32be4adf3af32f816998b8b377c1bea00c3bc063644d64c,geometry_alpha_0p100,0.1
geometry_alpha_0p100,alpha_blend,False,0.11858919344905636,0.7149280049310087,0.547710308654428,0.7575334821428571,0.9520451339915373,4957,170,1903,2715,0.6951644999260901,0.5454097645560977,0.5140037187459565,7655e99e374b6c2d3cdd1e1b5559365fb11bf4877316cbb6c5310c0ee5c3f62c,86ec64fd6c3ae40e3fdd32855e34a746a2ccb6551b7898de355a922690ba87dd,geometry_alpha_0p100,0.1
geometry_alpha_0p100,alpha_blend,False,0.15,0.7344700287645274,0.5920787648243455,0.73828125,0.9605077574047954,4469,140,1542,2646,0.6951644999260901,0.5454097645560977,0.5140037187459565,7655e99e374b6c2d3cdd1e1b5559365fb11bf4877316cbb6c5310c0ee5c3f62c,08fd721b3e7b05582ca6131e839bc9a047d7ee980eaea8a630a0f224bd4b33ba,geometry_alpha_0p100,0.1
geometry_alpha_0p100,alpha_blend,False,0.2,0.7517997619212576,0.6441191317516406,0.7120535714285714,0.9675599435825106,3962,115,1176,2552,0.6951644999260901,0.5454097645560977,0.5140037187459565,7655e99e374b6c2d3cdd1e1b5559365fb11bf4877316cbb6c5310c0ee5c3f62c,73e13dfe0cac729510ebae63c6aabba735be563db461c4a65b00c43ac01e3110,geometry_alpha_0p100,0.1
geometry_alpha_0p100,alpha_blend,False,0.25,0.7624937552389977,0.682443588332416,0.6919642857142857,0.9765867418899858,3634,83,969,2480,0.6951644999260901,0.5454097645560977,0.5140037187459565,7655e99e374b6c2d3cdd1e1b5559365fb11bf4877316cbb6c5310c0ee5c3f62c,210089bf0378e04c9b24c76b9707643a09de8101498ca965430db6898b347416,geometry_alpha_0p100,0.1
geometry_alpha_0p100,alpha_blend,False,0.3,0.7677081239569599,0.7187030921645151,0.66796875,0.9811001410437236,3331,67,780,2394,0.6951644999260901,0.5454097645560977,0.5140037187459565,7655e99e374b6c2d3cdd1e1b5559365fb11bf4877316cbb6c5310c0ee5c3f62c,0191494d7258738a1dd1e3fc8fd001b09b56f0bdded0a5d1d879cc22e4d3143b,geometry_alpha_0p100,0.1
geometry_alpha_0p100,alpha_blend,False,0.35,0.7686474804504246,0.7466924814456276,0.6456473214285714,0.9853314527503526,3099,52,652,2314,0.6951644999260901,0.5454097645560977,0.5140037187459565,7655e99e374b6c2d3cdd1e1b5559365fb11bf4877316cbb6c5310c0ee5c3f62c,ca2431dc67cc681fd101d70333eb6fd4e7da0071ea8be8cf2c82807853b6eded,geometry_alpha_0p100,0.1
geometry_alpha_0p100,alpha_blend,False,0.4,0.7651186177960125,0.7713393476752255,0.6202566964285714,0.9878702397743301,2882,43,549,2223,0.6951644999260901,0.5454097645560977,0.5140037187459565,7655e99e374b6c2d3cdd1e1b5559365fb11bf4877316cbb6c5310c0ee5c3f62c,7f8a2ec88a780e0d4e274371992f052e13a71cc3f50e8aefdc3dac926391f24e,geometry_alpha_0p100,0.1
geometry_alpha_0p100,alpha_blend,False,0.497871636727484,0.7528771039889002,0.8212989108511497,0.5680803571428571,0.9932299012693935,2479,24,374,2036,0.6951644999260901,0.5454097645560977,0.5140037187459565,7655e99e374b6c2d3cdd1e1b5559365fb11bf4877316cbb6c5310c0ee5c3f62c,721a7a056e4a85a01e4d70fae1f18adb7c276540064538bff66895d4fc004b67,geometry_alpha_0p100,0.1
geometry_alpha_0p100,alpha_blend,False,0.5,0.7522367288403919,0.8219344394981789,0.5666852678571429,0.9932299012693935,2471,24,371,2031,0.6951644999260901,0.5454097645560977,0.5140037187459565,7655e99e374b6c2d3cdd1e1b5559365fb11bf4877316cbb6c5310c0ee5c3f62c,86bae6b220188766a57b224339edd66539739994672350864b1a9b6d82bb72ff,geometry_alpha_0p100,0.1
geometry_alpha_0p100,alpha_blend,False,0.6,0.7229295453909356,0.8635710866443275,0.5033482142857143,0.9949224259520452,2089,18,233,1804,0.6951644999260901,0.5454097645560977,0.5140037187459565,7655e99e374b6c2d3cdd1e1b5559365fb11bf4877316cbb6c5310c0ee5c3f62c,91a282d4b1191ebf089aaff2c70b1ce00419a197820eeba12bf96216c395d49a,geometry_alpha_0p100,0.1
geometry_alpha_0p100,alpha_blend,False,0.7,0.6788949473943339,0.9115566037735849,0.43136160714285715,0.9963328631875882,1696,13,117,1546,0.6951644999260901,0.5454097645560977,0.5140037187459565,7655e99e374b6c2d3cdd1e1b5559365fb11bf4877316cbb6c5310c0ee5c3f62c,a5b05c52679e9e3663a0062d964632f27ce38b14ed8bd5fca868c11fd5c62f41,geometry_alpha_0p100,0.1
geometry_alpha_0p100,alpha_blend,False,0.8,0.601075071294994,0.9465530596436871,0.34095982142857145,0.9983074753173484,1291,6,48,1222,0.6951644999260901,0.5454097645560977,0.5140037187459565,7655e99e374b6c2d3cdd1e1b5559365fb11bf4877316cbb6c5310c0ee5c3f62c,5c838ce976bb37476a86275c281b9ba36cdbe0e0385d33decc3e21e2b65dd81b,geometry_alpha_0p100,0.1
geometry_alpha_0p100,alpha_blend,False,0.8085027326696244,0.5878046741178969,0.9483870967741935,0.328125,0.9983074753173484,1240,6,45,1176,0.6951644999260901,0.5454097645560977,0.5140037187459565,7655e99e374b6c2d3cdd1e1b5559365fb11bf4877316cbb6c5310c0ee5c3f62c,088fd89b44dd36684bf256f42f26d7ed45b3fbbe2e39252a6f9dc04de3854d2a,geometry_alpha_0p100,0.1
geometry_alpha_0p100,alpha_blend,False,0.9,0.4026845637583893,0.9806835066864784,0.18415178571428573,1.0,673,0,10,660,0.6951644999260901,0.5454097645560977,0.5140037187459565,7655e99e374b6c2d3cdd1e1b5559365fb11bf4877316cbb6c5310c0ee5c3f62c,e3d84a4d8709fd17fbcfc0df5a3681aec943756fd58e482564e5422591a11889,geometry_alpha_0p100,0.1
geometry_alpha_0p100,alpha_blend,False,0.9823695254942557,0.0008365867261572784,1.0,0.00027901785714285713,1.0,1,0,0,1,0.6951644999260901,0.5454097645560977,0.5140037187459565,7655e99e374b6c2d3cdd1e1b5559365fb11bf4877316cbb6c5310c0ee5c3f62c,49eea316875838282f74739438518de1c1ee40e5308db9c3e07d4f4f9a11eb3e,geometry_alpha_0p100,0.1
geometry_alpha_0p200,alpha_blend,False,0.0076032131912831275,0.3426453033238754,0.16006671688367588,0.830078125,0.767277856135402,18586,825,14067,2975,0.6975866778144875,0.5466886389214559,0.5151653534971503,c8bd96d0a7457110b2fb0f3360d4ccd7acca2269dc0ea53621ef1d76abb2721c,aa1522a8f054d8fd12bb27c1060af5ad812452300528dbf593f0e11c40296eae,geometry_alpha_0p200,0.2
geometry_alpha_0p200,alpha_blend,False,0.01858824646660505,0.45203608532324735,0.2367040593979501,0.818359375,0.8403385049365303,12391,566,8415,2933,0.6975866778144875,0.5466886389214559,0.5151653534971503,c8bd96d0a7457110b2fb0f3360d4ccd7acca2269dc0ea53621ef1d76abb2721c,964bb27e65dcb869fc41d275941d41e2afc1aa2940cf4fa34b006ec890b015d6,geometry_alpha_0p200,0.2
geometry_alpha_0p200,alpha_blend,False,0.05,0.5877722862895846,0.36359026369168357,0.8002232142857143,0.9057827926657264,7888,334,4384,2868,0.6975866778144875,0.5466886389214559,0.5151653534971503,c8bd96d0a7457110b2fb0f3360d4ccd7acca2269dc0ea53621ef1d76abb2721c,03b40299ea06c327ca9fba130b32e239d24fe319c1b60ced4cfa2d65e5dad618,geometry_alpha_0p200,0.2
geometry_alpha_0p200,alpha_blend,False,0.057365806074040786,0.6062298104539426,0.38453261600537997,0.7977120535714286,0.9136812411847672,7435,306,3999,2859,0.6975866778144875,0.5466886389214559,0.5151653534971503,c8bd96d0a7457110b2fb0f3360d4ccd7acca2269dc0ea53621ef1d76abb2721c,44aae8607c1e68217cdfa960a2cda0eea525e9652c5def40d7ced89393767b78,geometry_alpha_0p200,0.2
geometry_alpha_0p200,alpha_blend,False,0.1,0.6756278346870902,0.4763685821149269,0.7818080357142857,0.941607898448519,5882,207,2664,2802,0.6975866778144875,0.5466886389214559,0.5151653534971503,c8bd96d0a7457110b2fb0f3360d4ccd7acca2269dc0ea53621ef1d76abb2721c,282045a7e68e85ad2cc7f5d0243487232603ea6ed22a4b8c81657d518868ea43,geometry_alpha_0p200,0.2
geometry_alpha_0p200,alpha_blend,False,0.15,0.7169059074758667,0.5473663128379732,0.7625558035714286,0.9557122708039493,4993,157,1939,2733,0.6975866778144875,0.5466886389214559,0.5151653534971503,c8bd96d0a7457110b2fb0f3360d4ccd7acca2269dc0ea53621ef1d76abb2721c,b31c2c048196decace33229164b7fb94c37654229467cc9f498bad53b512a0cf,geometry_alpha_0p200,0.2
geometry_alpha_0p200,alpha_blend,False,0.15323036340007642,0.7189347945651278,0.5509380673794634,0.7619977678571429,0.9565585331452751,4957,154,1911,2731,0.6975866778144875,0.5466886389214559,0.5151653534971503,c8bd96d0a7457110b2fb0f3360d4ccd7acca2269dc0ea53621ef1d76abb2721c,a14b49e38708f032b72d9ad425e0f59e1ee1fe5cad822be83b3fe04896a0cc12,geometry_alpha_0p200,0.2
geometry_alpha_0p200,alpha_blend,False,0.2,0.7429719149417329,0.607577497129736,0.73828125,0.9638928067700987,4355,128,1450,2646,0.6975866778144875,0.5466886389214559,0.5151653534971503,c8bd96d0a7457110b2fb0f3360d4ccd7acca2269dc0ea53621ef1d76abb2721c,2f27de242053d5ac133c77c7c71a9051986b462ed032d6590f321f9f6b71069b,geometry_alpha_0p200,0.2
geometry_alpha_0p200,alpha_blend,False,0.25,0.757664863982723,0.6537183746486072,0.7137276785714286,0.9720733427362482,3913,99,1142,2558,0.6975866778144875,0.5466886389214559,0.5151653534971503,c8bd96d0a7457110b2fb0f3360d4ccd7acca2269dc0ea53621ef1d76abb2721c,e01a5f30ae4d9fbd8c4baa67b51eeedfbac56bf1a2a7b2e34fddf90f1f2df832,geometry_alpha_0p200,0.2
geometry_alpha_0p200,alpha_blend,False,0.3,0.7658245149115265,0.6882793017456359,0.6930803571428571,0.9788434414668548,3609,75,951,2484,0.6975866778144875,0.5466886389214559,0.5151653534971503,c8bd96d0a7457110b2fb0f3360d4ccd7acca2269dc0ea53621ef1d76abb2721c,1d549371e0af7efe40b10130e07f3e70e746261f70b71ad3fc42dd7378e74ef9,geometry_alpha_0p200,0.2
geometry_alpha_0p200,alpha_blend,False,0.35,0.7711977264281925,0.7234426722840807,0.6707589285714286,0.9833568406205924,3323,59,773,2404,0.6975866778144875,0.5466886389214559,0.5151653534971503,c8bd96d0a7457110b2fb0f3360d4ccd7acca2269dc0ea53621ef1d76abb2721c,3cccd87ba41e1d800fa94268ae5da22a239ffce767e1b2897081d6306d236857,geometry_alpha_0p200,0.2
geometry_alpha_0p200,alpha_blend,False,0.4,0.7698794496992667,0.7487875848690592,0.6462053571428571,0.9864598025387871,3093,48,651,2316,0.6975866778144875,0.5466886389214559,0.5151653534971503,c8bd96d0a7457110b2fb0f3360d4ccd7acca2269dc0ea53621ef1d76abb2721c,55cac0e1ff40ed8d073174f4afbcf4dad91afc892e3af5d8ea3cd3fe721aff3b,geometry_alpha_0p200,0.2
geometry_alpha_0p200,alpha_blend,False,0.5,0.7600352860023348,0.8017404464623534,0.5912388392857143,0.9915373765867419,2643,30,444,2119,0.6975866778144875,0.5466886389214559,0.5151653534971503,c8bd96d0a7457110b2fb0f3360d4ccd7acca2269dc0ea53621ef1d76abb2721c,3fc71e4bfeef4597475bf141e8774c93c86b69ef98088e016bf7a8bac270e20a,geometry_alpha_0p200,0.2
geometry_alpha_0p200,alpha_blend,False,0.5410287692405078,0.7535378330033603,0.8221056877773296,0.5686383928571429,0.9937940761636107,2479,22,377,2038,0.6975866778144875,0.5466886389214559,0.5151653534971503,c8bd96d0a7457110b2fb0f3360d4ccd7acca2269dc0ea53621ef1d76abb2721c,2d9bd2a96b985906d1e5a5ad9b0ca20c5e105aec6f7317b49bc9e41cae7acb67,geometry_alpha_0p200,0.2
geometry_alpha_0p200,alpha_blend,False,0.6,0.7407903724116253,0.8512433392539964,0.5348772321428571,0.9946403385049365,2252,19,278,1917,0.6975866778144875,0.5466886389214559,0.5151653534971503,c8bd96d0a7457110b2fb0f3360d4ccd7acca2269dc0ea53621ef1d76abb2721c,ec4f4e3b7642f681cf3628eb6c2df726ed16c2e8385801826536c76947fd832c,geometry_alpha_0p200,0.2
geometry_alpha_0p200,alpha_blend,False,0.7,0.6928713901008414,0.8989450305385897,0.4517299107142857,0.9963328631875882,1801,13,148,1619,0.6975866778144875,0.5466886389214559,0.5151653534971503,c8bd96d0a7457110b2fb0f3360d4ccd7acca2269dc0ea53621ef1d76abb2721c,9ea0adc5de8716e6f953e81cf0e7e0b78b88b4c11b908f9fce9cfc0beb41cac5,geometry_alpha_0p200,0.2
geometry_alpha_0p200,alpha_blend,False,0.8,0.6209189520939002,0.9451754385964912,0.3607700892857143,0.9983074753173484,1368,6,54,1293,0.6975866778144875,0.5466886389214559,0.5151653534971503,c8bd96d0a7457110b2fb0f3360d4ccd7acca2269dc0ea53621ef1d76abb2721c,6a2bfe62bf3bf423b06076855ed18ae553880a7728ec7fd213b051023f2d61b7,geometry_alpha_0p200,0.2
geometry_alpha_0p200,alpha_blend,False,0.8267841807015684,0.5882063400484668,0.9491935483870968,0.32840401785714285,0.9983074753173484,1240,6,44,1177,0.6975866778144875,0.5466886389214559,0.5151653534971503,c8bd96d0a7457110b2fb0f3360d4ccd7acca2269dc0ea53621ef1d76abb2721c,f85d52ec857943d1a07f5af0d43004eafbc89d8e6b66218c13948c484ac4e596,geometry_alpha_0p200,0.2
geometry_alpha_0p200,alpha_blend,False,0.9,0.43212803793716653,0.9745989304812834,0.20340401785714285,1.0,748,0,14,729,0.6975866778144875,0.5466886389214559,0.5151653534971503,c8bd96d0a7457110b2fb0f3360d4ccd7acca2269dc0ea53621ef1d76abb2721c,092a5a07d7415f2bcf0d8de134c6c1f0200e1c96eb0abc95ad19f390f6fa1945,geometry_alpha_0p200,0.2
geometry_alpha_0p200,alpha_blend,False,0.9842130209248824,0.0008365867261572784,1.0,0.00027901785714285713,1.0,1,0,0,1,0.6975866778144875,0.5466886389214559,0.5151653534971503,c8bd96d0a7457110b2fb0f3360d4ccd7acca2269dc0ea53621ef1d76abb2721c,49eea316875838282f74739438518de1c1ee40e5308db9c3e07d4f4f9a11eb3e,geometry_alpha_0p200,0.2
geometry_alpha_0p400,alpha_blend,False,0.012658734367792242,0.3433808779574537,0.16017432476057247,0.8306361607142857,0.7754583921015514,18586,796,14130,2977,0.7004783409439519,0.5476500301815324,0.5157860731412325,1fd75443470152224eaa5b03d2a101ddfb5cb1296c7dfe6984b7be08aee28afc,da896e46719d01751e09b0a0a7b12a3b69b137ac525c35fffa2d4cc1fb79472d,geometry_alpha_0p400,0.4
geometry_alpha_0p400,alpha_blend,False,0.030368331241445924,0.45259622716726966,0.23678476313453312,0.8186383928571429,0.844851904090268,12391,550,8455,2934,0.7004783409439519,0.5476500301815324,0.5157860731412325,1fd75443470152224eaa5b03d2a101ddfb5cb1296c7dfe6984b7be08aee28afc,a2a1f565568d458c5cdb1e874e96c2262e21375c97c1d5890eb4ed7e7c8e608a,geometry_alpha_0p400,0.4
geometry_alpha_0p400,alpha_blend,False,0.05,0.5245397264505026,0.2979311757476444,0.8116629464285714,0.8843441466854725,9764,410,6092,2909,0.7004783409439519,0.5476500301815324,0.5157860731412325,1fd75443470152224eaa5b03d2a101ddfb5cb1296c7dfe6984b7be08aee28afc,6b9ba2bca5c89541445263e8893ee9f0cf56d9d799def815c382330c81e9294f,geometry_alpha_0p400,0.4
geometry_alpha_0p400,alpha_blend,False,0.08993373146165175,0.6077145277368041,0.38493611297915264,0.7985491071428571,0.9204513399153738,7435,282,4023,2862,0.7004783409439519,0.5476500301815324,0.5157860731412325,1fd75443470152224eaa5b03d2a101ddfb5cb1296c7dfe6984b7be08aee28afc,4a489ce2686534bc23933d773cf094a8fa6182a69cfff87702ea42d17b83b9ef,geometry_alpha_0p400,0.4
geometry_alpha_0p400,alpha_blend,False,0.1,0.6218519533047703,0.4025974025974026,0.7957589285714286,0.9227080394922426,7084,274,3708,2852,0.7004783409439519,0.5476500301815324,0.5157860731412325,1fd75443470152224eaa5b03d2a101ddfb5cb1296c7dfe6984b7be08aee28afc,84aa252a070e74f9a68d52e65e9656bf2352ab2bf92a62107ad116504fdd4488,geometry_alpha_0p400,0.4
geometry_alpha_0p400,alpha_blend,False,0.15,0.6775364180630862,0.4771608082866361,0.7840401785714286,0.9464033850493653,5889,190,2699,2810,0.7004783409439519,0.5476500301815324,0.5157860731412325,1fd75443470152224eaa5b03d2a101ddfb5cb1296c7dfe6984b7be08aee28afc,3ee9d9151ebb17fcfcca6795f2acb562a4a9aaed29d19f207dbcc66e09ae4f47,geometry_alpha_0p400,0.4
geometry_alpha_0p400,alpha_blend,False,0.2,0.7105273839308919,0.53218966846569,0.7703683035714286,0.9568406205923836,5188,153,2112,2761,0.7004783409439519,0.5476500301815324,0.5157860731412325,1fd75443470152224eaa5b03d2a101ddfb5cb1296c7dfe6984b7be08aee28afc,b49292e7d89a63659ab2a3aac23a3acceefe08069c362efdc4c3c1badfae78e3,geometry_alpha_0p400,0.4
geometry_alpha_0p400,alpha_blend,False,0.21915940701217934,0.7218634848598544,0.5529554165826105,0.7647879464285714,0.9616361071932299,4957,136,1928,2741,0.7004783409439519,0.5476500301815324,0.5157860731412325,1fd75443470152224eaa5b03d2a101ddfb5cb1296c7dfe6984b7be08aee28afc,461926b8b941a1d2a9bd01f991b21c38131def282b3dbbc5e1653779913372a0,geometry_alpha_0p400,0.4
geometry_alpha_0p400,alpha_blend,False,0.25,0.7362592933492986,0.583873757025508,0.7536272321428571,0.9661495063469676,4626,120,1665,2701,0.7004783409439519,0.5476500301815324,0.5157860731412325,1fd75443470152224eaa5b03d2a101ddfb5cb1296c7dfe6984b7be08aee28afc,f34fda95bad2602b9fffe7b51cfb2c7ce5feb34a497fd104021368700727d8ef,geometry_alpha_0p400,0.4
geometry_alpha_0p400,alpha_blend,False,0.3,0.7520584787791567,0.6236127508854782,0.7368861607142857,0.9723554301833568,4235,98,1376,2641,0.7004783409439519,0.5476500301815324,0.5157860731412325,1fd75443470152224eaa5b03d2a101ddfb5cb1296c7dfe6984b7be08aee28afc,ded0810b476e0d68f5f24c48c679d0d01425f5764bf045d20cc284387a0a8121,geometry_alpha_0p400,0.4
geometry_alpha_0p400,alpha_blend,False,0.35,0.7643952783287971,0.6637351267459907,0.7159598214285714,0.9791255289139633,3866,74,1118,2566,0.7004783409439519,0.5476500301815324,0.5157860731412325,1fd75443470152224eaa5b03d2a101ddfb5cb1296c7dfe6984b7be08aee28afc,94ba2484ddb2f5bbd35799ff0d07543690a3e5af3f0f72aad9688d99f9a3707e,geometry_alpha_0p400,0.4
geometry_alpha_0p400,alpha_blend,False,0.4,0.7705389243006023,0.6950097574574854,0.6955915178571429,0.9833568406205924,3587,59,937,2493,0.7004783409439519,0.5476500301815324,0.5157860731412325,1fd75443470152224eaa5b03d2a101ddfb5cb1296c7dfe6984b7be08aee28afc,4c24566ffef50452130f7fac4af7a388b46900554dab9fa57a665fdbac71f0ce,geometry_alpha_0p400,0.4
geometry_alpha_0p400,alpha_blend,False,0.5,0.7741261690689625,0.7537168713639302,0.6506696428571429,0.9884344146685472,3094,41,645,2332,0.7004783409439519,0.5476500301815324,0.5157860731412325,1fd75443470152224eaa5b03d2a101ddfb5cb1296c7dfe6984b7be08aee28afc,b471b0f073278b597826cdd83fd9141828bdd2ab43d8f5afb13980b5e1d7d966,geometry_alpha_0p400,0.4
geometry_alpha_0p400,alpha_blend,False,0.6,0.7609778246527358,0.8065623807706982,0.58984375,0.9929478138222849,2621,25,436,2114,0.7004783409439519,0.5476500301815324,0.5157860731412325,1fd75443470152224eaa5b03d2a101ddfb5cb1296c7dfe6984b7be08aee28afc,e924d6ba3cf34466362c79c42a57c8059c8d5f0593946c8281f10ec7421cf35d,geometry_alpha_0p400,0.4
geometry_alpha_0p400,alpha_blend,False,0.6303813620467826,0.755854686500278,0.8253327954820492,0.5708705357142857,0.9943582510578279,2479,20,371,2046,0.7004783409439519,0.5476500301815324,0.5157860731412325,1fd75443470152224eaa5b03d2a101ddfb5cb1296c7dfe6984b7be08aee28afc,712f390454a4df73d8d9c0767ff62dfc0b8f61bfe22c1f09f9e4320e9bc855a2,geometry_alpha_0p400,0.4
geometry_alpha_0p400,alpha_blend,False,0.7,0.7336615718887105,0.8661380597014925,0.5181361607142857,0.9954866008462624,2144,16,237,1857,0.7004783409439519,0.5476500301815324,0.5157860731412325,1fd75443470152224eaa5b03d2a101ddfb5cb1296c7dfe6984b7be08aee28afc,7151c6476c1aff646b40783a34eb9ca763dc2fbe3d26e020593346bb37792e56,geometry_alpha_0p400,0.4
geometry_alpha_0p400,alpha_blend,False,0.8,0.6708528755758887,0.9231714812538414,0.41908482142857145,0.9974612129760225,1627,9,95,1502,0.7004783409439519,0.5476500301815324,0.5157860731412325,1fd75443470152224eaa5b03d2a101ddfb5cb1296c7dfe6984b7be08aee28afc,b14df1ecefe32017dd0d43e2bed72e812e6753d3b8bb0154d798a162d9b21791,geometry_alpha_0p400,0.4
geometry_alpha_0p400,alpha_blend,False,0.8640336613175964,0.5898444783939506,0.9524193548387097,0.3295200892857143,0.998589562764457,1240,5,41,1181,0.7004783409439519,0.5476500301815324,0.5157860731412325,1fd75443470152224eaa5b03d2a101ddfb5cb1296c7dfe6984b7be08aee28afc,67e30715064e67b1bb502ac8e44e7232f7c7a471437ce8358f0f4de67b409461,geometry_alpha_0p400,0.4
geometry_alpha_0p400,alpha_blend,False,0.9,0.5062293880542323,0.9664218258132214,0.25697544642857145,1.0,953,0,25,921,0.7004783409439519,0.5476500301815324,0.5157860731412325,1fd75443470152224eaa5b03d2a101ddfb5cb1296c7dfe6984b7be08aee28afc,23246e8e88f6842e1d837be21e24f261ef0f3b50a466125f3296bc5ca859c11b,geometry_alpha_0p400,0.4
geometry_alpha_0p400,alpha_blend,False,0.9879000117861354,0.0008365867261572784,1.0,0.00027901785714285713,1.0,1,0,0,1,0.7004783409439519,0.5476500301815324,0.5157860731412325,1fd75443470152224eaa5b03d2a101ddfb5cb1296c7dfe6984b7be08aee28afc,49eea316875838282f74739438518de1c1ee40e5308db9c3e07d4f4f9a11eb3e,geometry_alpha_0p400,0.4
geometry_alpha_0p600,alpha_blend,False,0.017598800384553512,0.3435829990424805,0.16017432476057247,0.8306361607142857,0.7785613540197461,18586,785,14150,2977,0.7025677524451603,0.5492307678840744,0.5170057374914463,a117a917872ecaaa100feb46b41159c72a952a1fc5223914e3a48e51480131d3,d6d9ab6b6cd497adc1565940efbc9d75ecfa2bbdb40229c2b053e5642777c973,geometry_alpha_0p600,0.6
geometry_alpha_0p600,alpha_blend,False,0.04212763097648911,0.4531190362692411,0.23694617060769912,0.8191964285714286,0.847672778561354,12391,540,8472,2936,0.7025677524451603,0.5492307678840744,0.5170057374914463,a117a917872ecaaa100feb46b41159c72a952a1fc5223914e3a48e51480131d3,878ef2dd39cba8ee3834377fe8fa7f3bfd8c650e556a14436983fafcaf4befcd,geometry_alpha_0p600,0.6
geometry_alpha_0p600,alpha_blend,False,0.05,0.47724163343302806,0.256329391151993,0.81640625,0.8620592383638928,11415,489,7586,2926,0.7025677524451603,0.5492307678840744,0.5170057374914463,a117a917872ecaaa100feb46b41159c72a952a1fc5223914e3a48e51480131d3,c5488ec5461c19ded3b4fa5b885fb5d3096d7a0128626a9f98e5dd238d01a6f0,geometry_alpha_0p600,0.6
geometry_alpha_0p600,alpha_blend,False,0.1,0.5801057462108798,0.35328019619865114,0.8038504464285714,0.9117066290550071,8155,313,4674,2881,0.7025677524451603,0.5492307678840744,0.5170057374914463,a117a917872ecaaa100feb46b41159c72a952a1fc5223914e3a48e51480131d3,5e1e94859545e12df93d81769af3fa3551d0316d0b6e06a6f6a5f85a9c1b2129,geometry_alpha_0p600,0.6
geometry_alpha_0p600,alpha_blend,False,0.12265486351896301,0.6083708433326355,0.3850706119704102,0.798828125,0.923836389280677,7435,270,4041,2863,0.7025677524451603,0.5492307678840744,0.5170057374914463,a117a917872ecaaa100feb46b41159c72a952a1fc5223914e3a48e51480131d3,6547914fc308a2e2686faf068008825f7fd4645a132348ee17c3bc32e9da1384,geometry_alpha_0p600,0.6
geometry_alpha_0p600,alpha_blend,False,0.15,0.637745826664782,0.4218332838920202,0.7935267857142857,0.9317348377997179,6742,242,3433,2844,0.7025677524451603,0.5492307678840744,0.5170057374914463,a117a917872ecaaa100feb46b41159c72a952a1fc5223914e3a48e51480131d3,20c870dbc7d6dd5f770c2cc7496aa690c2d32cc7703fe10b6a04e7e701e4ad53,geometry_alpha_0p600,0.6
geometry_alpha_0p600,alpha_blend,False,0.2,0.6786236922610993,0.4784534150911259,0.7837611607142857,0.948095909732017,5871,184,2695,2809,0.7025677524451603,0.5492307678840744,0.5170057374914463,a117a917872ecaaa100feb46b41159c72a952a1fc5223914e3a48e51480131d3,ad06e68c6ee857c230dcd9776e0acd594ca8dd008805024143c614e9479a5a95,geometry_alpha_0p600,0.6
geometry_alpha_0p600,alpha_blend,False,0.25,0.7056850679101184,0.5218943807554971,0.7748325892857143,0.9574047954866008,5321,151,2230,2777,0.7025677524451603,0.5492307678840744,0.5170057374914463,a117a917872ecaaa100feb46b41159c72a952a1fc5223914e3a48e51480131d3,afd4cb57e6272d55e0fda0eb2d7a3d934d66d75d26b49d76f1493f6289a7be4f,geometry_alpha_0p600,0.6
geometry_alpha_0p600,alpha_blend,False,0.285119442627947,0.7238284775985139,0.5543675610248134,0.7667410714285714,0.9647390691114246,4957,125,1934,2748,0.7025677524451603,0.5492307678840744,0.5170057374914463,a117a917872ecaaa100feb46b41159c72a952a1fc5223914e3a48e51480131d3,0728a46c2e91e073be308b6d63de95e5ee7d5c7f8f57658127db5503841c4f0e,geometry_alpha_0p600,0.6
geometry_alpha_0p600,alpha_blend,False,0.3,0.7301918291197788,0.5668670951689819,0.7628348214285714,0.9675599435825106,4823,115,1834,2734,0.7025677524451603,0.5492307678840744,0.5170057374914463,a117a917872ecaaa100feb46b41159c72a952a1fc5223914e3a48e51480131d3,c724e069431d0230a12085fd202caf7ec8bdaa97f1be99bac879d8ed79fa4faa,geometry_alpha_0p600,0.6
geometry_alpha_0p600,alpha_blend,False,0.35,0.7461542280145143,0.602285458211965,0.75,0.9737658674188998,4463,93,1551,2688,0.7025677524451603,0.5492307678840744,0.5170057374914463,a117a917872ecaaa100feb46b41159c72a952a1fc5223914e3a48e51480131d3,11fc4cf5ca14dffe4352dcae4a892afec07750156b667dce977655f38790fda3,geometry_alpha_0p600,0.6
geometry_alpha_0p600,alpha_blend,False,0.4,0.7586845566594966,0.6361003861003861,0.7354910714285714,0.9779971791255289,4144,78,1315,2636,0.7025677524451603,0.5492307678840744,0.5170057374914463,a117a917872ecaaa100feb46b41159c72a952a1fc5223914e3a48e51480131d3,78001b9c6e88c06316ce149697906ddc85fc3087dcf50db99f56985ee63cea53,geometry_alpha_0p600,0.6
geometry_alpha_0p600,alpha_blend,False,0.5,0.773088457878364,0.697603121516165,0.6983816964285714,0.985049365303244,3588,53,941,2503,0.7025677524451603,0.5492307678840744,0.5170057374914463,a117a917872ecaaa100feb46b41159c72a952a1fc5223914e3a48e51480131d3,48e60b8fe9c44981b9a7a70725ae5ef68a91a24b4687fc8fee2545d026662c6b,geometry_alpha_0p600,0.6
geometry_alpha_0p600,alpha_blend,False,0.6,0.7771305721603854,0.7560425394779245,0.6545758928571429,0.9901269393511989,3103,35,649,2346,0.7025677524451603,0.5492307678840744,0.5170057374914463,a117a917872ecaaa100feb46b41159c72a952a1fc5223914e3a48e51480131d3,6368f4440e0836e598281f5a3bd46da4e593a07410c646b4a13a682705a12132,geometry_alpha_0p600,0.6
geometry_alpha_0p600,alpha_blend,False,0.7,0.7642835157391225,0.816358024691358,0.5904017857142857,0.9935119887165021,2592,23,406,2116,0.7025677524451603,0.5492307678840744,0.5170057374914463,a117a917872ecaaa100feb46b41159c72a952a1fc5223914e3a48e51480131d3,9918d3e4d859817e239c8fc7018be5b7c673b1f58d9d33fb93d88767d68eda38,geometry_alpha_0p600,0.6
geometry_alpha_0p600,alpha_blend,False,0.7198380932679095,0.7581137301162391,0.8285599031867689,0.5731026785714286,0.9946403385049365,2479,19,364,2054,0.7025677524451603,0.5492307678840744,0.5170057374914463,a117a917872ecaaa100feb46b41159c72a952a1fc5223914e3a48e51480131d3,acfea61139b632be9c3d150dfb493f025c4788f75fcf537271dd021e3835cf92,geometry_alpha_0p600,0.6
geometry_alpha_0p600,alpha_blend,False,0.8,0.721417466680814,0.8845577211394303,0.49386160714285715,0.9968970380818054,2001,11,189,1770,0.7025677524451603,0.5492307678840744,0.5170057374914463,a117a917872ecaaa100feb46b41159c72a952a1fc5223914e3a48e51480131d3,bfe21728f2433f181917fb5d5f2c7685e75bbe5b2e67b8e3f82c30907f2704ac,geometry_alpha_0p600,0.6
geometry_alpha_0p600,alpha_blend,False,0.9,0.5946335111516323,0.9522673031026253,0.333984375,0.9991537376586742,1257,3,43,1197,0.7025677524451603,0.5492307678840744,0.5170057374914463,a117a917872ecaaa100feb46b41159c72a952a1fc5223914e3a48e51480131d3,8cf26dfd782f66da3d850f6254f882da23dd0de222014142fa37260113c25499,geometry_alpha_0p600,0.6
geometry_alpha_0p600,alpha_blend,False,0.9019641362650297,0.5907121891785297,0.9540322580645161,0.330078125,0.9991537376586742,1240,3,41,1183,0.7025677524451603,0.5492307678840744,0.5170057374914463,a117a917872ecaaa100feb46b41159c72a952a1fc5223914e3a48e51480131d3,97318874076df8ddc9adba5e25271541a3b6e28fb9da94902f800045ac98df7d,geometry_alpha_0p600,0.6
geometry_alpha_0p600,alpha_blend,False,0.9915870026473885,0.0008365867261572784,1.0,0.00027901785714285713,1.0,1,0,0,1,0.7025677524451603,0.5492307678840744,0.5170057374914463,a117a917872ecaaa100feb46b41159c72a952a1fc5223914e3a48e51480131d3,49eea316875838282f74739438518de1c1ee40e5308db9c3e07d4f4f9a11eb3e,geometry_alpha_0p600,0.6
geometry_alpha_0p800,alpha_blend,False,0.02246480717604798,0.3435211398280328,0.1601205208221242,0.8303571428571429,0.7791255289139634,18586,783,14167,2976,0.7051669391323889,0.5512566922955051,0.51801987640051,b2ec0f3abd62bb9b896e67e3a12a3930aeb6046af2c94ec07aab8b7b152644be,3d73cb4aba51ea9c2c0be0ddc23f3810d97fc129cf59c960ee89c86c8fbe20d0,geometry_alpha_0p800,0.8
geometry_alpha_0p800,alpha_blend,False,0.05,0.44294740892529616,0.22909685965869242,0.8203125,0.8411847672778561,12833,563,8877,2940,0.7051669391323889,0.5512566922955051,0.51801987640051,b2ec0f3abd62bb9b896e67e3a12a3930aeb6046af2c94ec07aab8b7b152644be,392ff071b5bbf0fff874b8f1bb1d6b92bfc65a3cee35df6ff7875f2f4d09fec0,geometry_alpha_0p800,0.8
geometry_alpha_0p800,alpha_blend,False,0.053804101723944536,0.45328668899597896,0.23686546687111612,0.8189174107142857,0.8507757404795486,12391,529,8489,2935,0.7051669391323889,0.5512566922955051,0.51801987640051,b2ec0f3abd62bb9b896e67e3a12a3930aeb6046af2c94ec07aab8b7b152644be,3dd6c6a3505d60a87c73551146a2ca9929adfe2fdd5e3281bf5ee6595cfe70a2,geometry_alpha_0p800,0.8
geometry_alpha_0p800,alpha_blend,False,0.1,0.5461282042374984,0.31774370208105146,0.8094308035714286,0.9004231311706629,9130,353,5561,2901,0.7051669391323889,0.5512566922955051,0.51801987640051,b2ec0f3abd62bb9b896e67e3a12a3930aeb6046af2c94ec07aab8b7b152644be,643e598309a461d5bd8bdff4718b732277613bc4e4b63f10137b799fc27be465,geometry_alpha_0p800,0.8
geometry_alpha_0p800,alpha_blend,False,0.15,0.6044881297691935,0.37992308712372364,0.7993861607142857,0.9260930888575458,7541,262,4153,2865,0.7051669391323889,0.5512566922955051,0.51801987640051,b2ec0f3abd62bb9b896e67e3a12a3930aeb6046af2c94ec07aab8b7b152644be,bd3cc36c8c0957c038e618416e3997a9bb2cdcc8230191745852a2814446a37c,geometry_alpha_0p800,0.8
geometry_alpha_0p800,alpha_blend,False,0.15423117720640891,0.6088182112473963,0.3850706119704102,0.798828125,0.9269393511988716,7435,259,4058,2863,0.7051669391323889,0.5512566922955051,0.51801987640051,b2ec0f3abd62bb9b896e67e3a12a3930aeb6046af2c94ec07aab8b7b152644be,f1d1c5e8d477616b16a1827656fa811bdf6bf9b7b387eb6f2cae88fe6b57270d,geometry_alpha_0p800,0.8
geometry_alpha_0p800,alpha_blend,False,0.2,0.6471935149993054,0.4342427958307787,0.7904575892857143,0.9368124118476728,6524,224,3266,2833,0.7051669391323889,0.5512566922955051,0.51801987640051,b2ec0f3abd62bb9b896e67e3a12a3930aeb6046af2c94ec07aab8b7b152644be,386d10dde96bd1f8d7875f3330fd85cd7f968552df2e0531bee670ff84aa9a81,geometry_alpha_0p800,0.8
geometry_alpha_0p800,alpha_blend,False,0.25,0.67963058545946,0.47927682074023537,0.7840401785714286,0.9503526093088858,5863,176,2696,2810,0.7051669391323889,0.5512566922955051,0.51801987640051,b2ec0f3abd62bb9b896e67e3a12a3930aeb6046af2c94ec07aab8b7b152644be,278599f9aa2927941d377648159444f5e9a62806a85eb169a67b2e625adce793,geometry_alpha_0p800,0.8
geometry_alpha_0p800,alpha_blend,False,0.3,0.7018950287260363,0.515100982027052,0.7756696428571429,0.9582510578279266,5397,148,2306,2780,0.7051669391323889,0.5512566922955051,0.51801987640051,b2ec0f3abd62bb9b896e67e3a12a3930aeb6046af2c94ec07aab8b7b152644be,675bdbe9a4958d40b4bf63950e59cff746f2314effa619e3e45c33841303a3c3,geometry_alpha_0p800,0.8
geometry_alpha_0p800,alpha_blend,False,0.35,0.724390967069,0.5537007240547064,0.7681361607142857,0.9675599435825106,4972,115,1955,2753,0.7051669391323889,0.5512566922955051,0.51801987640051,b2ec0f3abd62bb9b896e67e3a12a3930aeb6046af2c94ec07aab8b7b152644be,536e4dc87d166a8fbcd0cdf244055cef1888ea09f688b53195f763438cff497e,geometry_alpha_0p800,0.8
geometry_alpha_0p800,alpha_blend,False,0.35219292572573213,0.7253059484235432,0.5551745007060722,0.7678571428571429,0.9684062059238364,4957,112,1944,2752,0.7051669391323889,0.5512566922955051,0.51801987640051,b2ec0f3abd62bb9b896e67e3a12a3930aeb6046af2c94ec07aab8b7b152644be,81fadc7b3d58b694929a52f78505394533e669edd14f921dfbd6211e42d8cfd0,geometry_alpha_0p800,0.8
geometry_alpha_0p800,alpha_blend,False,0.4,0.7414000571630253,0.5887201735357918,0.7572544642857143,0.9734837799717913,4610,94,1669,2714,0.7051669391323889,0.5512566922955051,0.51801987640051,b2ec0f3abd62bb9b896e67e3a12a3930aeb6046af2c94ec07aab8b7b152644be,49736f48218044611e3983b97d046b3253b59312b828e38dc23f18f2a9de0a1f,geometry_alpha_0p800,0.8
geometry_alpha_0p800,alpha_blend,False,0.5,0.7632684229560959,0.6455571919489446,0.7338169642857143,0.9816643159379408,4074,65,1270,2630,0.7051669391323889,0.5512566922955051,0.51801987640051,b2ec0f3abd62bb9b896e67e3a12a3930aeb6046af2c94ec07aab8b7b152644be,e87cc0c39e95460e3adfa246ba49207f65e722112fc50c646901b1a87f7415f1,geometry_alpha_0p800,0.8
geometry_alpha_0p800,alpha_blend,False,0.6,0.7745937949323313,0.6994703094507946,0.7000558035714286,0.9853314527503526,3587,52,939,2509,0.7051669391323889,0.5512566922955051,0.51801987640051,b2ec0f3abd62bb9b896e67e3a12a3930aeb6046af2c94ec07aab8b7b152644be,1713c086c712048a4a4cc8b0698a7625b067202308f360c3bc92b7ac8b55442a,geometry_alpha_0p800,0.8
geometry_alpha_0p800,alpha_blend,False,0.7,0.778490564914401,0.7553703109971145,0.6573660714285714,0.9915373765867419,3119,30,663,2356,0.7051669391323889,0.5512566922955051,0.51801987640051,b2ec0f3abd62bb9b896e67e3a12a3930aeb6046af2c94ec07aab8b7b152644be,bded903b2606c95d15dfeb4e6554bcf23d873faa8eff6c71130bb415355c610b,geometry_alpha_0p800,0.8
geometry_alpha_0p800,alpha_blend,False,0.8,0.7645968960274079,0.8257277734067663,0.5856584821428571,0.9949224259520452,2542,18,377,2099,0.7051669391323889,0.5512566922955051,0.51801987640051,b2ec0f3abd62bb9b896e67e3a12a3930aeb6046af2c94ec07aab8b7b152644be,1068a361ad8732812d8f633fb746183f0fb57bd895688d514388fd930cd8eaae,geometry_alpha_0p800,0.8
geometry_alpha_0p800,alpha_blend,False,0.811479289341964,0.7625116645556641,0.8346107301331182,0.5772879464285714,0.9960507757404795,2479,14,352,2069,0.7051669391323889,0.5512566922955051,0.51801987640051,b2ec0f3abd62bb9b896e67e3a12a3930aeb6046af2c94ec07aab8b7b152644be,3a122fd3c67f17f2ce63e93a7da71ff28fc651421a272efb01de19d6c4f6d744,geometry_alpha_0p800,0.8
geometry_alpha_0p800,alpha_blend,False,0.9,0.6889302932088247,0.9218203033838973,0.4408482142857143,0.998589562764457,1714,5,106,1580,0.7051669391323889,0.5512566922955051,0.51801987640051,b2ec0f3abd62bb9b896e67e3a12a3930aeb6046af2c94ec07aab8b7b152644be,9d7fe8795f20099298e4e85efc4161c5512f2f8ba49d9e4b83e931dfd229a41c,geometry_alpha_0p800,0.8
geometry_alpha_0p800,alpha_blend,False,0.9392545851278788,0.5923478780828352,0.957258064516129,0.33119419642857145,0.9994358251057828,1240,2,39,1187,0.7051669391323889,0.5512566922955051,0.51801987640051,b2ec0f3abd62bb9b896e67e3a12a3930aeb6046af2c94ec07aab8b7b152644be,b04705ea2759c7bd886d78f508a16203619b2d41cf6eb7b7803969254b6a2ddf,geometry_alpha_0p800,0.8
geometry_alpha_0p800,alpha_blend,False,0.9952739935086417,0.0008365867261572784,1.0,0.00027901785714285713,1.0,1,0,0,1,0.7051669391323889,0.5512566922955051,0.51801987640051,b2ec0f3abd62bb9b896e67e3a12a3930aeb6046af2c94ec07aab8b7b152644be,49eea316875838282f74739438518de1c1ee40e5308db9c3e07d4f4f9a11eb3e,geometry_alpha_0p800,0.8
geometry_alpha_1p000,alpha_blend,False,0.02728384790271026,0.3438458760727181,0.16022812869902076,0.8309151785714286,0.7811001410437235,18586,776,14186,2978,0.7047575415409898,0.5470219189068487,0.5131236910658293,68420e89486c6988446d71678fbd4376bfe9c8fe6faa03e3da0d6084a063b745,0be47dd40209faafc8e4232b9b5af27995833b212fc4c040d6252ff92f16f25b,geometry_risk_score,1.0
geometry_alpha_1p000,alpha_blend,False,0.05,0.417626785568785,0.2098721590909091,0.8244977678571429,0.8293370944992948,14080,605,10036,2955,0.7047575415409898,0.5470219189068487,0.5131236910658293,68420e89486c6988446d71678fbd4376bfe9c8fe6faa03e3da0d6084a063b745,4055eadd5309d9c989c68cf3d4872a4ac9a26870c3bbf87abaaffe7e1fc4c50e,geometry_risk_score,1.0
geometry_alpha_1p000,alpha_blend,False,0.06527854422355314,0.453440394152721,0.23694617060769912,0.8191964285714286,0.8510578279266573,12391,528,8495,2936,0.7047575415409898,0.5470219189068487,0.5131236910658293,68420e89486c6988446d71678fbd4376bfe9c8fe6faa03e3da0d6084a063b745,41f5de6669600df2fe2a38310f5d66a940ac0e264cf23af2b7f38f2e0301d810,geometry_risk_score,1.0
geometry_alpha_1p000,alpha_blend,False,0.1,0.5175500944775715,0.2906605467970465,0.8127790178571429,0.8882933709449929,10022,396,6367,2913,0.7047575415409898,0.5470219189068487,0.5131236910658293,68420e89486c6988446d71678fbd4376bfe9c8fe6faa03e3da0d6084a063b745,e3b1f48bb22a5cdf5df9a30ea55b1cb3135cad00500e01715dcb770af3218bfd,geometry_risk_score,1.0
geometry_alpha_1p000,alpha_blend,False,0.15,0.57796503831312,0.3503951367781155,0.8041294642857143,0.9148095909732017,8225,302,4761,2882,0.7047575415409898,0.5470219189068487,0.5131236910658293,68420e89486c6988446d71678fbd4376bfe9c8fe6faa03e3da0d6084a063b745,f4f4cb926e79696af2b52922ec85da5a2319a5bc035e3fbe8ca980f02a369a74,geometry_risk_score,1.0
geometry_alpha_1p000,alpha_blend,False,0.18503220256237785,0.6090565567016513,0.38493611297915264,0.7985491071428571,0.9297602256699576,7435,249,4076,2862,0.7047575415409898,0.5470219189068487,0.5131236910658293,68420e89486c6988446d71678fbd4376bfe9c8fe6faa03e3da0d6084a063b745,aa017d6ecb0b25275da935f66c5dead39dc1f79794538771d2b00287f60a98a6,geometry_risk_score,1.0
geometry_alpha_1p000,alpha_blend,False,0.2,0.6200435708057177,0.3986023759608665,0.7957589285714286,0.9320169252468266,7155,241,3825,2852,0.7047575415409898,0.5470219189068487,0.5131236910658293,68420e89486c6988446d71678fbd4376bfe9c8fe6faa03e3da0d6084a063b745,21a596dbc96c451e7adf66b55b5e03012dbfa937fb620dacb59173c8658d4e4b,geometry_risk_score,1.0
geometry_alpha_1p000,alpha_blend,False,0.25,0.6543051451962987,0.44308752152810393,0.7896205357142857,0.9418899858956277,6387,206,3159,2830,0.7047575415409898,0.5470219189068487,0.5131236910658293,68420e89486c6988446d71678fbd4376bfe9c8fe6faa03e3da0d6084a063b745,77bbe51fe884318925d9f990741ca5a5e25ef83969e78f0d17a049ebc3833279,geometry_risk_score,1.0
geometry_alpha_1p000,alpha_blend,False,0.3,0.6799468146547408,0.47935153583617746,0.7837611607142857,0.952327221438646,5860,169,2703,2809,0.7047575415409898,0.5470219189068487,0.5131236910658293,68420e89486c6988446d71678fbd4376bfe9c8fe6faa03e3da0d6084a063b745,9c8e80b5ae16bf2c51f8638a0a804cee8e7649a602ee7583cb43718bb5babb2b,geometry_risk_score,1.0
geometry_alpha_1p000,alpha_blend,False,0.35,0.7005619756429837,0.511863159830789,0.7765066964285714,0.9607898448519041,5437,139,2354,2783,0.7047575415409898,0.5470219189068487,0.5131236910658293,68420e89486c6988446d71678fbd4376bfe9c8fe6faa03e3da0d6084a063b745,82dba40dad060ac25b05f84bcdf57f2916fbed292530e33653b7dab2c06bff3e,geometry_risk_score,1.0
geometry_alpha_1p000,alpha_blend,False,0.4,0.7186165571682148,0.542067071974897,0.7712053571428571,0.9678420310296192,5099,114,2068,2764,0.7047575415409898,0.5470219189068487,0.5131236910658293,68420e89486c6988446d71678fbd4376bfe9c8fe6faa03e3da0d6084a063b745,25da6462d7f7d5a3779bf0f16862728ab9f24cf40e2ff4edac65b8e9a2f56964,geometry_risk_score,1.0
geometry_alpha_1p000,alpha_blend,False,0.4205139718258785,0.7255693907212916,0.5551745007060722,0.7678571428571429,0.9698166431593794,4957,107,1950,2752,0.7047575415409898,0.5470219189068487,0.5131236910658293,68420e89486c6988446d71678fbd4376bfe9c8fe6faa03e3da0d6084a063b745,df595927ce7802ae20f9498cff32f615b8f7c6859e7b972c02462e1b32cf52fd,geometry_risk_score,1.0
geometry_alpha_1p000,alpha_blend,False,0.5,0.7462600560381519,0.5995998221431748,0.7525111607142857,0.9771509167842031,4498,81,1595,2697,0.7047575415409898,0.5470219189068487,0.5131236910658293,68420e89486c6988446d71678fbd4376bfe9c8fe6faa03e3da0d6084a063b745,ef0f6d974e9b13c8222e2af8ccdd1e5b04c247543b50521c130f995c44f018bb,geometry_risk_score,1.0
geometry_alpha_1p000,alpha_blend,False,0.6,0.7650331361872422,0.6506203473945409,0.7315848214285714,0.9827926657263751,4030,61,1241,2622,0.7047575415409898,0.5470219189068487,0.5131236910658293,68420e89486c6988446d71678fbd4376bfe9c8fe6faa03e3da0d6084a063b745,236e879e05f407edff846ee4839a4b66cea76abed8a029556870e25115931bf6,geometry_risk_score,1.0
geometry_alpha_1p000,alpha_blend,False,0.7,0.7747606452941992,0.6988857938718663,0.7000558035714286,0.9873060648801129,3590,45,950,2509,0.7047575415409898,0.5470219189068487,0.5131236910658293,68420e89486c6988446d71678fbd4376bfe9c8fe6faa03e3da0d6084a063b745,04aebf6ebdad9fbab62ce6003e59759e51d4fbb298a659eb552661a327db2fa1,geometry_risk_score,1.0
geometry_alpha_1p000,alpha_blend,False,0.8,0.7797677795185739,0.7569733889067009,0.6587611607142857,0.9918194640338505,3119,29,662,2361,0.7047575415409898,0.5470219189068487,0.5131236910658293,68420e89486c6988446d71678fbd4376bfe9c8fe6faa03e3da0d6084a063b745,23e83c2ac14e11d79115bb58d50400944b228a95c6f77e08aa924a069d1a908c,geometry_risk_score,1.0
geometry_alpha_1p000,alpha_blend,False,0.9,0.7640899024702567,0.8342696629213483,0.580078125,0.9963328631875882,2492,13,349,2079,0.7047575415409898,0.5470219189068487,0.5131236910658293,68420e89486c6988446d71678fbd4376bfe9c8fe6faa03e3da0d6084a063b745,d647996341e91a2cf0b68b4e5b1d1b78af712d97358d9d86fa8e64de550a1f0f,geometry_risk_score,1.0
geometry_alpha_1p000,alpha_blend,False,0.902639568002063,0.7637747999360706,0.836224283985478,0.5784040178571429,0.9968970380818054,2479,11,345,2073,0.7047575415409898,0.5470219189068487,0.5131236910658293,68420e89486c6988446d71678fbd4376bfe9c8fe6faa03e3da0d6084a063b745,18a0922e18b8686bf15fbf53669154ba1a66af69f7efd658c3405f8cc6ece643,geometry_risk_score,1.0
geometry_alpha_1p000,alpha_blend,False,0.9803873934040224,0.589942831769995,0.9524193548387097,0.3295200892857143,0.9994358251057828,1240,2,46,1181,0.7047575415409898,0.5470219189068487,0.5131236910658293,68420e89486c6988446d71678fbd4376bfe9c8fe6faa03e3da0d6084a063b745,a69659cd84ba235a963775cc4cc79952d20fb5d018368defb6c967578ed4fdf0,geometry_risk_score,1.0
geometry_alpha_1p000,alpha_blend,False,0.9997650132317896,0.0008365867261572784,1.0,0.00027901785714285713,1.0,1,0,0,1,0.7047575415409898,0.5470219189068487,0.5131236910658293,68420e89486c6988446d71678fbd4376bfe9c8fe6faa03e3da0d6084a063b745,786a953f67b2feca3ced1d900fd0d604a122696c7745223894e4d266b561996a,geometry_risk_score,1.0
