seed,method,split,score_col,threshold,num_known_gt,num_unknown_gt,num_accepted_detections,tp_known,fp_known,fn_known,known_precision,known_recall,unknown_false_accept_objects,unknown_reject_rate_object_level,open_set_hscore_object_level,precision_recall_unknown_balanced_score,background_false_accept_count,AP50,AP55,AP60,AP65,AP70,AP75,AP80,AP85,AP90,AP95,AP
303,Raw,calibration,raw_score,0.3,3584,3545,3102,2303,799,1281,0.7424242424242424,0.642578125,59,0.9833568406205924,0.7772556814543005,0.7652876499716522,662,0.6919965117135536,0.6754070629583859,0.6571625138597325,0.6304407028808459,0.591266890517432,0.5443319661208776,0.4778417228420281,0.3997331796478143,0.30868720313918474,0.1498941275813572,0.5126761881261211
303,Raw,test,raw_score,0.3,14662,14990,13192,9768,3424,4894,0.7404487568223166,0.6662119765379894,293,0.9804536357571715,0.7933486309600062,0.7748950247728937,2838,0.6563193010766651,0.6394321976848925,0.6142712925648998,0.5908818248720469,0.5574846006880577,0.5141015101816774,0.46414769204019934,0.3909817486407106,0.2789752398340979,0.10499335970357634,0.4811588767286824
303,RF,calibration,geometry_risk_score,0.8,3584,3545,3135,2368,767,1216,0.7553429027113238,0.6607142857142857,22,0.9937940761636107,0.7937269563681866,0.7805060357990529,676,0.7053577866833364,0.6864721506371743,0.6670820298336857,0.6377031900621114,0.5942776259664114,0.5472299433849485,0.4775779135144238,0.39528706581100576,0.2962570594676821,0.12606285397104824,0.5133307619331827
303,RF,test,geometry_risk_score,0.8,14662,14990,13394,9910,3484,4752,0.7398835299387786,0.675896876278816,159,0.9893929286190793,0.8031365926809205,0.7808838579978675,3048,0.6488029802212953,0.6312266131303568,0.6064054016396794,0.5828962184341555,0.5503484449148115,0.5063402067637377,0.4551233891360025,0.3804316377799964,0.2618200430461613,0.08956129860639381,0.471295623367259
303,AP-C,calibration,geometry_risk_score,0.8,3584,3545,3135,2368,767,1216,0.7553429027113238,0.6607142857142857,22,0.9937940761636107,0.7937269563681866,0.7805060357990529,676,0.7053577866833364,0.6864721506371743,0.6670820298336857,0.6377031900621114,0.5942776259664114,0.5472299433849485,0.4775779135144238,0.39528706581100576,0.2962570594676821,0.12606285397104824,0.5133307619331827
303,AP-C,test,geometry_risk_score,0.8,14662,14990,13394,9910,3484,4752,0.7398835299387786,0.675896876278816,159,0.9893929286190793,0.8031365926809205,0.7808838579978675,3048,0.6488029802212953,0.6312266131303568,0.6064054016396794,0.5828962184341555,0.5503484449148115,0.5063402067637377,0.4551233891360025,0.3804316377799964,0.2618200430461613,0.08956129860639381,0.471295623367259
303,SC,calibration,SC,0.8,3584,3545,3162,2357,805,1227,0.7454142947501581,0.6576450892857143,27,0.9923836389280677,0.7910604411536936,0.7752363321694815,699,0.6919965117135536,0.6754070629583859,0.6571625138597325,0.6304407028808459,0.591266890517432,0.5443319661208776,0.4778417228420281,0.3997331796478143,0.30868720313918474,0.1498941275813572,0.5126761881261211
303,SC,test,SC,0.8,14662,14990,13398,9898,3500,4764,0.7387669801462905,0.6750784340471968,162,0.9891927951967978,0.8024926603526855,0.7800633649319411,3049,0.6563193010766651,0.6394321976848925,0.6142712925648998,0.5908818248720469,0.5574846006880577,0.5141015101816774,0.46414769204019934,0.3909817486407106,0.2789752398340979,0.10499335970357634,0.4811588767286824
303,SCG,calibration,SCG,0.8,3584,3545,3135,2368,767,1216,0.7553429027113238,0.6607142857142857,22,0.9937940761636107,0.7937269563681866,0.7805060357990529,676,0.7053577866833364,0.6864721506371743,0.6670820298336857,0.6377031900621114,0.5942776259664114,0.5472299433849485,0.4775779135144238,0.39528706581100576,0.2962570594676821,0.12606285397104824,0.5133307619331827
303,SCG,test,SCG,0.8,14662,14990,13394,9910,3484,4752,0.7398835299387786,0.675896876278816,159,0.9893929286190793,0.8031365926809205,0.7808838579978675,3048,0.6488029802212953,0.6312266131303568,0.6064054016396794,0.5828962184341555,0.5503484449148115,0.5063402067637377,0.4551233891360025,0.3804316377799964,0.2618200430461613,0.08956129860639381,0.471295623367259
303,SC-family,calibration,geometry_risk_score,0.8,3584,3545,3162,2357,805,1227,0.7454142947501581,0.6576450892857143,27,0.9923836389280677,0.7910604411536936,0.7752363321694815,699,0.6919965117135536,0.6754070629583859,0.6571625138597325,0.6304407028808459,0.591266890517432,0.5443319661208776,0.4778417228420281,0.3997331796478143,0.30868720313918474,0.1498941275813572,0.5126761881261211
303,SC-family,test,geometry_risk_score,0.8,14662,14990,13398,9898,3500,4764,0.7387669801462905,0.6750784340471968,162,0.9891927951967978,0.8024926603526855,0.7800633649319411,3049,0.6563193010766651,0.6394321976848925,0.6142712925648998,0.5908818248720469,0.5574846006880577,0.5141015101816774,0.46414769204019934,0.3909817486407106,0.2789752398340979,0.10499335970357634,0.4811588767286824
