bin,lower,upper,n,confidence,empirical_correctness
0,0.0,0.06666666666666667,11934,0.03412936025871502,0.0044410926763867944
1,0.06666666666666667,0.13333333333333333,3714,0.09461886864290196,0.015347334410339256
2,0.13333333333333333,0.2,1698,0.1642815738974135,0.019434628975265017
3,0.2,0.26666666666666666,1102,0.23089602749713306,0.03720508166969147
4,0.26666666666666666,0.3333333333333333,783,0.2978495699946746,0.04853128991060025
5,0.3333333333333333,0.4,575,0.3649617206340752,0.07652173913043478
6,0.4,0.4666666666666667,435,0.4329747018901669,0.09885057471264368
7,0.4666666666666667,0.5333333333333333,389,0.49838252000393235,0.14395886889460155
8,0.5333333333333333,0.6,362,0.5648523259988106,0.1574585635359116
9,0.6,0.6666666666666666,301,0.632019104928545,0.19933554817275748
10,0.6666666666666666,0.7333333333333333,326,0.7000965228079709,0.2331288343558282
11,0.7333333333333333,0.8,308,0.7657800535275286,0.2987012987012987
12,0.8,0.8666666666666667,374,0.8354296222101586,0.3983957219251337
13,0.8666666666666667,0.9333333333333333,532,0.9033377309626137,0.5244360902255639
14,0.9333333333333333,1.0,2098,0.979877051738723,0.8736892278360343
