vocabulary,family,C,method,split,score_col,threshold,num_known_gt,num_unknown_gt,num_accepted_detections,tp_known,fp_known,fn_known,known_precision,known_recall,unknown_false_accept_objects,unknown_reject_rate_object_level,open_set_hscore_object_level,precision_recall_unknown_balanced_score,background_false_accept_count,AP50,AP55,AP60,AP65,AP70,AP75,AP80,AP85,AP90,AP95,AP
random20_seed611,class_interactions,0.1,Raw,calibration,raw_score,0.4,1231,6162,953,603,350,628,0.6327387198321092,0.48984565393988627,157,0.9745212593313859,0.6519745826394165,0.6454339790260671,188,0.601387702997365,0.5908428693536589,0.5769430735850324,0.5669545726093225,0.5396415676647905,0.5071278166389158,0.4776971658588839,0.3959604968703071,0.27950291447365544,0.12223177115689554,0.4658289951208828
random20_seed611,class_interactions,0.1,Raw,test,raw_score,0.4,5229,24159,4113,2737,1376,2492,0.6654510089958667,0.5234270414993306,594,0.9754128896063579,0.6812701909674007,0.67591421940855,755,0.5977389694646416,0.5882218437749189,0.5732033502490526,0.5584858050072009,0.5373857565052984,0.5054913787249149,0.45762482798974524,0.38363412510833983,0.27142736969565484,0.0896277297355713,0.45628411562553384
random20_seed611,class_interactions,0.1,RF,calibration,geometry_risk_score,0.9,1231,6162,970,638,332,593,0.6577319587628866,0.5182778229082047,97,0.9842583576760792,0.679010975425824,0.6717666195748356,231,0.6123041929730577,0.5990409113219759,0.5852871068846095,0.5718207277656393,0.5412729168433772,0.5062254394292899,0.47244693648689723,0.390200389480032,0.2651510419102282,0.10252822123028058,0.46462778843253877
random20_seed611,class_interactions,0.1,RF,test,geometry_risk_score,0.9,5229,24159,4085,2824,1261,2405,0.6913096695226438,0.5400650219927329,412,0.9829463140030631,0.6971122409179564,0.695167257446318,820,0.5920344290934474,0.5820079196150438,0.5682335067841886,0.5540484812194896,0.532649105641903,0.5002293010867681,0.4510946022651872,0.3737545621493735,0.2611649003304416,0.0781464698870372,0.449336327807288
random20_seed611,class_interactions,0.1,AP-C,calibration,geometry_alpha_0p800,0.7507614073501468,1231,6162,1135,681,454,550,0.6,0.553208773354996,143,0.9767932489451476,0.7063658572921555,0.6669541097068786,307,0.6168943136318529,0.603914990283889,0.588398813317344,0.5755669755991628,0.5454474476818154,0.511428478804568,0.47969659273022536,0.3972365211737722,0.2730646627820038,0.1153834356706793,0.4707032231675313
random20_seed611,class_interactions,0.1,AP-C,test,geometry_alpha_0p800,0.7507614073501468,5229,24159,4710,3029,1681,2200,0.6430997876857749,0.5792694587875311,594,0.9754128896063579,0.7268711801357681,0.696623355649143,1051,0.5993625067200206,0.5895672730466216,0.575088012984718,0.5606526384410138,0.5398674348335477,0.5078427999121796,0.45999771295575886,0.3848913867636664,0.27201728212691006,0.08744451962266912,0.4576731567407106
random20_seed611,class_interactions,0.1,SC,calibration,SC,0.9,1231,6162,929,618,311,613,0.6652314316469322,0.5020308692120228,113,0.9816617981174943,0.6643215763385725,0.6646245847743113,194,0.601387702997365,0.5908428693536589,0.5769430735850324,0.5669545726093225,0.5396415676647905,0.5071278166389158,0.4776971658588839,0.3959604968703071,0.27950291447365544,0.12223177115689554,0.4658289951208828
random20_seed611,class_interactions,0.1,SC,test,SC,0.9,5229,24159,3942,2789,1153,2440,0.7075088787417555,0.5333715815643526,401,0.9834016308622046,0.6916241384917459,0.6968392012945731,721,0.5977389694646416,0.5882218437749189,0.5732033502490526,0.5584858050072009,0.5373857565052984,0.5054913787249149,0.45762482798974524,0.38363412510833983,0.27142736969565484,0.0896277297355713,0.45628411562553384
random20_seed611,class_interactions,0.1,SCG,calibration,SCG,0.9,1231,6162,970,638,332,593,0.6577319587628866,0.5182778229082047,97,0.9842583576760792,0.679010975425824,0.6717666195748356,231,0.6123041929730577,0.5990409113219759,0.5852871068846095,0.5718207277656393,0.5412729168433772,0.5062254394292899,0.47244693648689723,0.390200389480032,0.2651510419102282,0.10252822123028058,0.46462778843253877
random20_seed611,class_interactions,0.1,SCG,test,SCG,0.9,5229,24159,4085,2824,1261,2405,0.6913096695226438,0.5400650219927329,412,0.9829463140030631,0.6971122409179564,0.695167257446318,820,0.5920344290934474,0.5820079196150438,0.5682335067841886,0.5540484812194896,0.532649105641903,0.5002293010867681,0.4510946022651872,0.3737545621493735,0.2611649003304416,0.0781464698870372,0.449336327807288
