method,split,score_col,threshold,num_known_gt,num_unknown_gt,num_accepted_detections,tp_known,fp_known,fn_known,known_precision,known_recall,unknown_false_accept_objects,unknown_reject_rate_object_level,open_set_hscore_object_level,precision_recall_unknown_balanced_score,background_false_accept_count,AP50,AP55,AP60,AP65,AP70,AP75,AP80,AP85,AP90,AP95,AP
Raw,calibration,raw_score,0.7,115,101,135,53,82,62,0.3925925925925926,0.4608695652173913,9,0.9108910891089109,0.6120630138705832,0.5159242408210771,69,0.40943936295239913,0.40696288914616424,0.40395483691670925,0.3877463478531004,0.3622050241335393,0.3416628261764386,0.32270910457261276,0.28005056740133355,0.2687387460813566,0.2135055557603578,0.3396975260994012
Raw,test,raw_score,0.7,218,207,243,105,138,113,0.43209876543209874,0.481651376146789,16,0.9227053140096618,0.6329193820712291,0.5480206948062594,119,0.4391720668650956,0.4336328074553726,0.4273007982078211,0.4195838650784838,0.41902726062964923,0.3893066890059026,0.37798735394635485,0.34752456838380086,0.3017322820009145,0.19915101504754334,0.37544187066209384
RF,calibration,geometry_alpha_0p800,0.8,115,101,173,74,99,41,0.4277456647398844,0.6434782608695652,8,0.9207920792079208,0.7575540756233144,0.6026621519061242,83,0.48915872402568117,0.48502454576483284,0.4801458987687115,0.466134240882476,0.4419907142388215,0.41667552531436675,0.3933929290615842,0.33433527651964967,0.32308861124198973,0.2562556273669523,0.4086202093185066
RF,test,geometry_alpha_0p800,0.8,218,207,306,139,167,79,0.4542483660130719,0.6376146788990825,24,0.8840579710144928,0.7408798986412687,0.61212850439177,137,0.46661839923341863,0.4605088791737434,0.4541339274250068,0.44503850041140813,0.44436239180410353,0.42029388851632293,0.41080226252117974,0.37229646063157057,0.32861146543134234,0.22794250641538133,0.4030608681563478
AP-C,calibration,geometry_alpha_0p800,0.8,115,101,173,74,99,41,0.4277456647398844,0.6434782608695652,8,0.9207920792079208,0.7575540756233144,0.6026621519061242,83,0.48915872402568117,0.48502454576483284,0.4801458987687115,0.466134240882476,0.4419907142388215,0.41667552531436675,0.3933929290615842,0.33433527651964967,0.32308861124198973,0.2562556273669523,0.4086202093185066
AP-C,test,geometry_alpha_0p800,0.8,218,207,306,139,167,79,0.4542483660130719,0.6376146788990825,24,0.8840579710144928,0.7408798986412687,0.61212850439177,137,0.46661839923341863,0.4605088791737434,0.4541339274250068,0.44503850041140813,0.44436239180410353,0.42029388851632293,0.41080226252117974,0.37229646063157057,0.32861146543134234,0.22794250641538133,0.4030608681563478
SC,calibration,SC,0.8880025209597264,115,101,155,61,94,54,0.3935483870967742,0.5304347826086957,6,0.9405940594059405,0.6783331382418355,0.5465090691899028,84,0.40943936295239913,0.40696288914616424,0.40395483691670925,0.3877463478531004,0.3622050241335393,0.3416628261764386,0.32270910457261276,0.28005056740133355,0.2687387460813566,0.2135055557603578,0.3396975260994012
SC,test,SC,0.8880025209597264,218,207,250,117,133,101,0.468,0.536697247706422,12,0.9420289855072463,0.6838106370543542,0.5927051671732523,118,0.4391720668650956,0.4336328074553726,0.4273007982078211,0.4195838650784838,0.41902726062964923,0.3893066890059026,0.37798735394635485,0.34752456838380086,0.3017322820009145,0.19915101504754334,0.37544187066209384
SCG,calibration,SCG,0.9,115,101,142,65,77,50,0.45774647887323944,0.5652173913043478,6,0.9405940594059405,0.7061177815894797,0.5979664299548095,65,0.4767229122419745,0.4716296600903733,0.4658885760555731,0.4540537492494787,0.43076589567049517,0.403591661263872,0.37384523613581905,0.32345968036370504,0.3107396377140281,0.23737037973884062,0.39480673885241596
SCG,test,SCG,0.9,218,207,249,123,126,95,0.4939759036144578,0.5642201834862385,17,0.9178743961352657,0.6988531870037827,0.6139713287386922,105,0.4388586119761213,0.43310965634601656,0.426960906120205,0.41740291504292293,0.4167183894891383,0.39301992658402796,0.38340018486033983,0.34694301849954956,0.3085764042448398,0.20900915883201876,0.377399917199518
SG,calibration,SG,0.8810909598166888,115,101,155,69,86,46,0.44516129032258067,0.6,12,0.8811881188118812,0.7139037433155081,0.5943094938546406,67,0.4869244599753199,0.4799297742256493,0.474674791120302,0.45787214905014434,0.4215189047152858,0.397664300574537,0.3637713454756134,0.3109258942240861,0.2935972050895932,0.22905751581969505,0.39159363402702263
SG,test,SG,0.8810909598166888,218,207,288,121,167,97,0.4201388888888889,0.555045871559633,33,0.8405797101449275,0.6686038203210595,0.5585059819083746,129,0.41943760888562953,0.4134044773523564,0.4070976359561247,0.39804279014235383,0.3973986849156449,0.376557108292639,0.3669455744672724,0.3366965041776314,0.29979330314063535,0.20593177065929757,0.36213054579895854
