score_col,mode_family,threshold,cal_balanced,cal_precision,cal_recall,cal_unknown_reject,cal_num_accepted,cal_unknown_false_accept,cal_background_false_accepts,cal_tp_known,cal_AP50,cal_AP75,cal_AP,stream_hash,acceptance_mask_hash,canonical_stream
score,direct,0.022955470036383048,0.33447874203126515,0.154561985239063,0.832613079804091,0.7702702702702703,18698,901,14113,2890,0.6812417878942949,0.5363208931379845,0.49931802281922294,646a27dee36d15302a860f48d330fb8fad4911f870190866b7f340da56c5a297,f3da4e24bc16bfb1bf02eb95638ea827c04fd5b607012859fc2bd493bb139a65,score
score,direct,0.05,0.41464134980214246,0.207984873827358,0.8239700374531835,0.8240693523712391,13751,690,9618,2860,0.6812417878942949,0.5363208931379845,0.49931802281922294,646a27dee36d15302a860f48d330fb8fad4911f870190866b7f340da56c5a297,35d8fef33595a5dcc9f17c2a883e569de9ffe70cb23e32160c50bb1fac86bce3,score
score,direct,0.06431565775735759,0.44255149392072585,0.22886250601636451,0.8219533275713051,0.8383477817440081,12466,634,8456,2853,0.6812417878942949,0.5363208931379845,0.49931802281922294,646a27dee36d15302a860f48d330fb8fad4911f870190866b7f340da56c5a297,a8ede41bdd27ee6af92451ec4518485d61c77825638dfaea55ab3ca222f9b8d5,score
score,direct,0.1,0.4932455937448206,0.27059952038369306,0.8127340823970037,0.8648648648648649,10425,530,6657,2821,0.6812417878942949,0.5363208931379845,0.49931802281922294,646a27dee36d15302a860f48d330fb8fad4911f870190866b7f340da56c5a297,0c3b90f1d86428a4eed1659f830459d761a5df2d521a23af1c76329a89d01050,score
score,direct,0.15,0.5427260342546039,0.31573592584218857,0.8046672428694901,0.8946965833758287,8846,413,5306,2793,0.6812417878942949,0.5363208931379845,0.49931802281922294,646a27dee36d15302a860f48d330fb8fad4911f870190866b7f340da56c5a297,f38de835d29c1b7a137047b23597571bc554ac8571dc2a9d9c87a87abbfd35b5,score
score,direct,0.2,0.581268441779311,0.3553019617899731,0.7983290118121579,0.9140744518103009,7799,337,4406,2771,0.6812417878942949,0.5363208931379845,0.49931802281922294,646a27dee36d15302a860f48d330fb8fad4911f870190866b7f340da56c5a297,ca0d5cb917e6700ae670121104edec4ab3b793e6082d1e89c43570bc3b085d38,score
score,direct,0.21847008834234796,0.5940303664965592,0.3695187165775401,0.7963123019302795,0.9189189189189189,7480,318,4125,2764,0.6812417878942949,0.5363208931379845,0.49931802281922294,646a27dee36d15302a860f48d330fb8fad4911f870190866b7f340da56c5a297,883b80aa846c0f1db1e800b9a856262335dce13db8e11e9b9aa2b89f19446065,score
score,direct,0.25,0.6139706145796971,0.39291327332476067,0.7922788821665226,0.9268230494645588,6999,287,3716,2750,0.6812417878942949,0.5363208931379845,0.49931802281922294,646a27dee36d15302a860f48d330fb8fad4911f870190866b7f340da56c5a297,b52329c9beec75e3eafb4d7cfdcb889eb4c26f671ffa319b39a8319cff4d2e2a,score
score,direct,0.3,0.6403496245912083,0.42675658720200754,0.783923941227312,0.938041815400306,6376,243,3192,2721,0.6812417878942949,0.5363208931379845,0.49931802281922294,646a27dee36d15302a860f48d330fb8fad4911f870190866b7f340da56c5a297,3c2bc2cc17ac60a1ef1a90a1892995e3e6a6856cff82b7fa94179f69467ee791,score
score,direct,0.35,0.6641153871818801,0.45961571161367115,0.7787381158167676,0.9456909739928607,5881,213,2766,2703,0.6812417878942949,0.5363208931379845,0.49931802281922294,646a27dee36d15302a860f48d330fb8fad4911f870190866b7f340da56c5a297,c1eae32ec06fc3e5c16199de3bccd6646c80151d32e1a7d4129fbe5035f6f6c8,score
score,direct,0.4,0.6834127294663329,0.4898221162662754,0.7695188706424662,0.9535951045385007,5453,182,2423,2671,0.6812417878942949,0.5363208931379845,0.49931802281922294,646a27dee36d15302a860f48d330fb8fad4911f870190866b7f340da56c5a297,9134b4d92006b31085d1d37ada139e5246489856b6c2b30e755357f1e00f44f8,score
score,direct,0.467007205998793,0.7039499055019918,0.5271706436735513,0.7574186113511956,0.9574196838347782,4987,167,2033,2629,0.6812417878942949,0.5363208931379845,0.49931802281922294,646a27dee36d15302a860f48d330fb8fad4911f870190866b7f340da56c5a297,663aa4c0cd732fef9cc761098b728639037181b6a7b835f094813925d78df7b0,score
score,direct,0.5,0.7144864554192417,0.546652719665272,0.7528089887640449,0.9604793472718001,4780,155,1859,2613,0.6812417878942949,0.5363208931379845,0.49931802281922294,646a27dee36d15302a860f48d330fb8fad4911f870190866b7f340da56c5a297,0007f1dafce62de3cabc977ac8bb38eba3a1852d96599a90201b719411034a29,score
score,direct,0.6,0.7398954249667133,0.6060460652591171,0.7277441659464131,0.9704232534421213,4168,116,1404,2526,0.6812417878942949,0.5363208931379845,0.49931802281922294,646a27dee36d15302a860f48d330fb8fad4911f870190866b7f340da56c5a297,7a885af0777c9426b1fd9b9cd81e9409cce2fbb696fa9d1d4aab092b0bc806bf,score
score,direct,0.7,0.7601814498109168,0.6684094661529995,0.6997983290118122,0.9790922998470168,3634,82,1025,2429,0.6812417878942949,0.5363208931379845,0.49931802281922294,646a27dee36d15302a860f48d330fb8fad4911f870190866b7f340da56c5a297,18ea65d403e66456654e9a9794a2382937c5acac9784131dcbcab8a2751dd457,score
score,direct,0.8,0.7738185005959503,0.7474548440065681,0.6557188130221838,0.9862315145334013,3045,54,642,2276,0.6812417878942949,0.5363208931379845,0.49931802281922294,646a27dee36d15302a860f48d330fb8fad4911f870190866b7f340da56c5a297,68e8e00687deda73388608628f0a4982efeb91d03655eba5c38f4637dcae0c67,score
score,direct,0.8778891608740863,0.7663824988515954,0.822373696872494,0.5908959953903774,0.9938806731259562,2494,24,371,2051,0.6812417878942949,0.5363208931379845,0.49931802281922294,646a27dee36d15302a860f48d330fb8fad4911f870190866b7f340da56c5a297,a9524fd418103e49f05d8d600319a67281a5b2d45627eed51af5904d4b0e57d2,score
score,direct,0.9,0.7559300942264521,0.8478639930252834,0.5603572457505042,0.9954105048444671,2294,18,287,1945,0.6812417878942949,0.5363208931379845,0.49931802281922294,646a27dee36d15302a860f48d330fb8fad4911f870190866b7f340da56c5a297,1bab2ae035e77bcfced3e979d85ed03866035e21c6202a86be74bff42220fe90,score
score,direct,0.9715645819224378,0.6078465707561458,0.9615076182838813,0.3454335926246039,0.9994900560938297,1247,2,37,1199,0.6812417878942949,0.5363208931379845,0.49931802281922294,646a27dee36d15302a860f48d330fb8fad4911f870190866b7f340da56c5a297,c5dda26ae0500bb3ba5b3c758864c57c6d36e3666df1480ee46ea4d19d5c0ec5,score
score,direct,0.9977033525648389,0.0008638065073423554,1.0,0.0002881014116969173,1.0,1,0,0,1,0.6812417878942949,0.5363208931379845,0.49931802281922294,646a27dee36d15302a860f48d330fb8fad4911f870190866b7f340da56c5a297,d09a8e0a3d4c38c9f7ca032a9064384fe070f42bfd3a47dba82f69a10326d101,score
