threshold,num_known_gt,num_unknown_gt,num_accepted_detections,tp_known,fp_known,fn_known,known_precision,known_recall,unknown_false_accept_objects,unknown_reject_rate_object_level,open_set_hscore_object_level,precision_recall_unknown_balanced_score,background_false_accept_count
0.001,3471,3922,24931,2902,22029,569,0.1164012674982953,0.8360702967444541,1061,0.7294747577766445,0.7791435646525988,0.26886797188153516,20325
0.002,3471,3922,24931,2902,22029,569,0.1164012674982953,0.8360702967444541,1061,0.7294747577766445,0.7791435646525988,0.26886797188153516,20325
0.003,3471,3922,24931,2902,22029,569,0.1164012674982953,0.8360702967444541,1061,0.7294747577766445,0.7791435646525988,0.26886797188153516,20325
0.005,3471,3922,24931,2902,22029,569,0.1164012674982953,0.8360702967444541,1061,0.7294747577766445,0.7791435646525988,0.26886797188153516,20325
0.008,3471,3922,24931,2902,22029,569,0.1164012674982953,0.8360702967444541,1061,0.7294747577766445,0.7791435646525988,0.26886797188153516,20325
0.01,3471,3922,24931,2902,22029,569,0.1164012674982953,0.8360702967444541,1061,0.7294747577766445,0.7791435646525988,0.26886797188153516,20325
0.01083227290900177,3471,3922,24931,2902,22029,569,0.1164012674982953,0.8360702967444541,1061,0.7294747577766445,0.7791435646525988,0.26886797188153516,20325
0.011410650792010238,3471,3922,24432,2899,21533,572,0.11865586116568434,0.8352059925093633,1047,0.7330443651198368,0.7807975857233239,0.27299488138589334,19854
0.012690885339878711,3471,3922,23435,2898,20537,573,0.12366119052698954,0.8349178910976663,1024,0.7389087200407956,0.7839848505342891,0.2820163487738419,18901
0.014267878752002625,3471,3922,22438,2895,19543,576,0.12902219449148766,0.8340535868625756,991,0.7473227944926057,0.7883098099094789,0.2916109909665751,17968
0.015,3471,3922,22030,2895,19135,576,0.13141171130276896,0.8340535868625756,980,0.7501274859765426,0.7898674349917313,0.29580716100690857,17587
0.01619611865911242,3471,3922,21440,2893,18547,578,0.1349347014925373,0.8334773840391818,965,0.75395206527282,0.7917227380742877,0.30189806573069156,17030
0.018303219061839994,3471,3922,20443,2889,17554,582,0.14131976715746222,0.8323249783923942,930,0.7628760836308006,0.7960887626526013,0.31287696510141144,16092
0.02,3471,3922,19763,2886,16877,585,0.1460304609624045,0.8314606741573034,902,0.7700152983171851,0.7995592191882763,0.3208808548340313,15459
0.02077046539778213,3471,3922,19446,2885,16561,586,0.14835955980664403,0.8311725727456064,894,0.7720550739418663,0.8005238724961349,0.3247194200162894,15164
0.023816744676404943,3471,3922,18449,2881,15568,590,0.15616022548647623,0.8300201670988188,864,0.7797042325344212,0.8040758250584112,0.3374196013866451,14231
0.027551763985173953,3471,3922,17451,2874,14577,597,0.1646897025958398,0.8280034572169404,822,0.790413054563998,0.8087717062256194,0.3510861706237649,13312
0.03,3471,3922,16895,2868,14027,603,0.16975436519680379,0.8262748487467588,799,0.7962774094849566,0.8109988356241689,0.35898223510144395,12797
0.031891355818273986,3471,3922,16454,2865,13589,606,0.17412179409262185,0.8254105445116681,775,0.8023967363590006,0.8137409567528394,0.36581390673488096,12400
0.03743165163102427,3471,3922,15457,2861,12596,610,0.18509413210842984,0.8242581388648804,737,0.8120856705762366,0.8181266303156984,0.38229876430012916,11477
0.04442240241564428,3471,3922,14460,2854,11606,617,0.19737206085753803,0.822241428983002,691,0.823814380418154,0.8230271531536976,0.4001799895727445,10557
0.05,3471,3922,13751,2851,10900,620,0.20733037597265652,0.8213771247479112,665,0.8304436511983682,0.8258855057634369,0.4140864994503942,9896
0.05272117423104686,3471,3922,13463,2850,10613,621,0.21169130208720197,0.8210890233362144,654,0.833248342682305,0.8271239977322427,0.42005765295571373,9634
0.06431565775735759,3471,3922,12466,2844,9622,627,0.22814054227498798,0.8193604148660328,612,0.8439571647118818,0.8314769243080631,0.4419159386218787,8710
0.07922834675770708,3471,3922,11468,2826,8642,645,0.2464248343215905,0.8141745894554884,559,0.8574706782253952,0.83526194332224,0.46493672100430006,7813
0.08,3471,3922,11417,2825,8592,646,0.24743803100639397,0.8138864880437914,554,0.858745537990821,0.8357144657759441,0.46623105510636836,7769
0.0991216582312862,3471,3922,10471,2812,7659,659,0.26855123674911663,0.8101411696917314,514,0.8689444161142275,0.8385131188294672,0.49109010470935893,6903
0.1,3471,3922,10425,2812,7613,659,0.26973621103117507,0.8101411696917314,511,0.8697093319734829,0.838869095551495,0.4924905079626316,6861
0.1263562784816348,3471,3922,9474,2797,6677,674,0.2952290479206249,0.8058196485162777,456,0.8837327893931668,0.8429797498469586,0.5208571331759377,6019
0.15,3471,3922,8846,2786,6060,685,0.31494460773230837,0.8026505329876117,403,0.8972463029066803,0.8473163877269493,0.5419510867977951,5466
0.1662399409857296,3471,3922,8477,2774,5703,697,0.32723840981479296,0.7991933160472486,374,0.90464048954615,0.8486539359620218,0.5542674783032582,5148
0.2,3471,3922,7799,2764,5035,707,0.3544044108219002,0.7963123019302795,329,0.9161142274349822,0.8520225735468323,0.5803840679690022,4544
0.21847008834234796,3471,3922,7480,2757,4723,714,0.36858288770053477,0.7942955920484011,311,0.920703722590515,0.8528410503652867,0.5930967314087223,4256
0.25,3471,3922,6999,2743,4256,728,0.39191313044720677,0.7902621722846442,281,0.9283528811830699,0.8537597329316344,0.6129748010385415,3831
0.29243965784774845,3471,3922,6482,2720,3762,751,0.41962357297130515,0.7836358398156151,247,0.9370219275879653,0.8534921691709254,0.6347322892536086,3385
0.3,3471,3922,6376,2714,3662,757,0.42565872020075285,0.7819072313454336,237,0.9395716471188169,0.8535194645022178,0.6393127727610335,3297
0.3954926632315801,3471,3922,5485,2664,2821,807,0.4856882406563355,0.7675021607605877,177,0.9548699643039266,0.8509946836502573,0.6804071288930806,2536
0.4,3471,3922,5453,2664,2789,807,0.48853841921877866,0.7675021607605877,177,0.9548699643039266,0.8509946836502573,0.6822658618508533,2505
0.5,3471,3922,4780,2606,2174,865,0.5451882845188285,0.7507922788821665,149,0.962009178990311,0.8433774509940573,0.7133267741598875,1926
0.5449282935340946,3471,3922,4488,2571,1917,900,0.5728609625668449,0.7407087294727744,131,0.966598674145844,0.838710210380568,0.7263503697123047,1694
0.65,3471,3922,3891,2473,1418,998,0.6355692624004112,0.7124747911264765,89,0.9773074961754207,0.8241380672959085,0.7499680359954777,1254
0.7248590389086522,3471,3922,3491,2389,1102,1082,0.6843311372099685,0.6882742725439355,72,0.9816420193778684,0.8091889995375888,0.7627975815792386,969
0.75,3471,3922,3340,2349,991,1122,0.7032934131736527,0.6767502160760588,71,0.9818969913309537,0.8012541763917066,0.7657029430585048,862
0.85,3471,3922,2709,2145,564,1326,0.7918050941306756,0.6179775280898876,36,0.9908210096889343,0.7611955182312257,0.771132321065296,489
0.8778891608740863,3471,3922,2494,2046,448,1425,0.8203688853247795,0.5894554883318929,24,0.9938806731259562,0.7400177319030897,0.7649935340159744,390
0.95,3471,3922,1651,1514,137,1957,0.9170199878861296,0.43618553730913284,7,0.9982151963284038,0.6070925949075411,0.6841693696375196,112
0.959209650331317,3471,3922,1496,1402,94,2069,0.9371657754010695,0.4039181791990781,2,0.9994900560938297,0.5753311024297141,0.6603120858411479,81
0.9901039325767567,3471,3922,499,496,3,2975,0.9939879759519038,0.142898300201671,0,1.0,0.2500630199142929,0.33318405732198836,2
0.9977033525648389,3471,3922,1,1,0,3470,1.0,0.0002881014116969173,0,1.0,0.000576036866359447,0.0008638065073423554,0
