method,split,scope,official_COCO_AP,official_COCO_AP50,official_COCO_AP75,num_input_detections,n_images,maxDet
Raw,calibration,full_candidate_ranking,0.5091559652565902,0.6967867073127051,0.5468696474733131,24931,1000,100
Raw,calibration,thresholded_accepted_set,0.4574963710109706,0.6006996499602294,0.49843180182092706,3011,1000,100
RF,calibration,full_candidate_ranking,0.5160999009412641,0.7094230424942521,0.5539627287107783,24931,1000,100
RF,calibration,thresholded_accepted_set,0.4568295693543752,0.6047888409941768,0.4972392634222158,3005,1000,100
AP-C,calibration,full_candidate_ranking,0.5160999009412641,0.7094230424942521,0.5539627287107783,24931,1000,100
AP-C,calibration,thresholded_accepted_set,0.4568295693543752,0.6047888409941768,0.4972392634222158,3005,1000,100
SC,calibration,full_candidate_ranking,0.5091559652565902,0.6967867073127051,0.5468696474733131,24931,1000,100
SC,calibration,thresholded_accepted_set,0.4477949114439843,0.5901112919155577,0.4849974749645787,3006,1000,100
SCG,calibration,full_candidate_ranking,0.5108493759011036,0.7069030457344804,0.5491613175111731,24931,1000,100
SCG,calibration,thresholded_accepted_set,0.4511176252557025,0.6014006301913816,0.49267783722732056,3009,1000,100
SG,calibration,full_candidate_ranking,0.5109591573097119,0.6999305155631883,0.5516429027441427,24931,1000,100
SG,calibration,thresholded_accepted_set,0.45567063058825996,0.5984183319975606,0.4980452727678414,3013,1000,100
Raw,test,full_candidate_ranking,0.4941444895310107,0.6714995078546271,0.5265014302037182,100497,4000,100
Raw,test,thresholded_accepted_set,0.4533675949768999,0.5936478369962317,0.48978571280611094,13283,4000,100
RF,test,full_candidate_ranking,0.49456172896299344,0.672684707539312,0.5272160903008318,100497,4000,100
RF,test,thresholded_accepted_set,0.44982091855394063,0.5877390762922369,0.48576492011795724,13124,4000,100
AP-C,test,full_candidate_ranking,0.49456172896299344,0.672684707539312,0.5272160903008318,100497,4000,100
AP-C,test,thresholded_accepted_set,0.44982091855394063,0.5877390762922369,0.48576492011795724,13124,4000,100
SC,test,full_candidate_ranking,0.4941444895310107,0.6714995078546271,0.5265014302037182,100497,4000,100
SC,test,thresholded_accepted_set,0.4482951879228019,0.5856672681045603,0.48398225975619286,13136,4000,100
SCG,test,full_candidate_ranking,0.4896782286061725,0.6699570211115413,0.5227203330538105,100497,4000,100
SCG,test,thresholded_accepted_set,0.44320894416476797,0.5833815751161167,0.47968460434882154,13114,4000,100
SG,test,full_candidate_ranking,0.4923932157076339,0.6713385206703233,0.5270352755801477,100497,4000,100
SG,test,thresholded_accepted_set,0.4501862618669744,0.5894847223043087,0.4890778759325313,13284,4000,100
