image_id,role
lvis_000000407943,fit_and_policy_selection
lvis_000000513524,fit_and_policy_selection
lvis_000000387098,fit_and_policy_selection
lvis_000000312278,fit_and_policy_selection
lvis_000000262440,fit_and_policy_selection
lvis_000000528980,fit_and_policy_selection
lvis_000000085576,fit_and_policy_selection
lvis_000000482970,fit_and_policy_selection
lvis_000000329041,fit_and_policy_selection
lvis_000000246883,fit_and_policy_selection
lvis_000000430286,fit_and_policy_selection
lvis_000000471893,fit_and_policy_selection
lvis_000000227482,fit_and_policy_selection
lvis_000000404128,fit_and_policy_selection
lvis_000000359219,fit_and_policy_selection
lvis_000000427649,fit_and_policy_selection
lvis_000000350405,fit_and_policy_selection
lvis_000000212573,fit_and_policy_selection
lvis_000000183104,fit_and_policy_selection
lvis_000000471789,fit_and_policy_selection
lvis_000000529568,fit_and_policy_selection
lvis_000000444275,fit_and_policy_selection
lvis_000000085157,fit_and_policy_selection
lvis_000000194216,fit_and_policy_selection
lvis_000000183437,fit_and_policy_selection
lvis_000000009448,fit_and_policy_selection
lvis_000000348012,fit_and_policy_selection
lvis_000000211825,fit_and_policy_selection
lvis_000000095786,fit_and_policy_selection
lvis_000000325114,fit_and_policy_selection
lvis_000000091654,fit_and_policy_selection
lvis_000000157601,fit_and_policy_selection
lvis_000000191288,fit_and_policy_selection
lvis_000000079837,fit_and_policy_selection
lvis_000000085772,fit_and_policy_selection
lvis_000000080153,fit_and_policy_selection
lvis_000000514586,fit_and_policy_selection
lvis_000000300842,fit_and_policy_selection
lvis_000000135673,fit_and_policy_selection
lvis_000000456559,fit_and_policy_selection
lvis_000000458223,fit_and_policy_selection
lvis_000000527784,fit_and_policy_selection
lvis_000000033221,fit_and_policy_selection
lvis_000000094185,fit_and_policy_selection
lvis_000000506279,fit_and_policy_selection
lvis_000000164883,fit_and_policy_selection
lvis_000000485424,fit_and_policy_selection
lvis_000000546717,fit_and_policy_selection
lvis_000000323202,fit_and_policy_selection
lvis_000000441468,fit_and_policy_selection
lvis_000000376625,fit_and_policy_selection
lvis_000000548506,fit_and_policy_selection
lvis_000000323571,fit_and_policy_selection
lvis_000000506178,fit_and_policy_selection
lvis_000000222825,fit_and_policy_selection
lvis_000000356427,fit_and_policy_selection
lvis_000000310072,fit_and_policy_selection
lvis_000000273198,fit_and_policy_selection
lvis_000000018575,fit_and_policy_selection
lvis_000000133969,fit_and_policy_selection
lvis_000000130599,fit_and_policy_selection
lvis_000000052413,fit_and_policy_selection
lvis_000000359540,fit_and_policy_selection
lvis_000000431727,fit_and_policy_selection
lvis_000000484893,fit_and_policy_selection
lvis_000000180878,fit_and_policy_selection
lvis_000000297595,fit_and_policy_selection
lvis_000000214703,fit_and_policy_selection
lvis_000000275392,fit_and_policy_selection
lvis_000000004134,fit_and_policy_selection
lvis_000000414170,fit_and_policy_selection
lvis_000000152120,fit_and_policy_selection
lvis_000000360393,fit_and_policy_selection
lvis_000000331317,fit_and_policy_selection
lvis_000000245173,fit_and_policy_selection
lvis_000000443844,fit_and_policy_selection
lvis_000000328238,fit_and_policy_selection
lvis_000000103723,fit_and_policy_selection
lvis_000000414510,fit_and_policy_selection
lvis_000000012639,fit_and_policy_selection
lvis_000000157138,fit_and_policy_selection
lvis_000000204871,fit_and_policy_selection
lvis_000000270908,fit_and_policy_selection
lvis_000000393115,fit_and_policy_selection
lvis_000000507223,fit_and_policy_selection
lvis_000000245915,fit_and_policy_selection
lvis_000000158744,fit_and_policy_selection
lvis_000000013659,fit_and_policy_selection
lvis_000000287347,fit_and_policy_selection
lvis_000000486438,fit_and_policy_selection
lvis_000000127624,fit_and_policy_selection
lvis_000000356612,fit_and_policy_selection
lvis_000000521405,fit_and_policy_selection
lvis_000000185802,fit_and_policy_selection
lvis_000000039670,fit_and_policy_selection
lvis_000000366225,fit_and_policy_selection
lvis_000000473869,fit_and_policy_selection
lvis_000000295420,fit_and_policy_selection
lvis_000000318114,fit_and_policy_selection
lvis_000000489091,fit_and_policy_selection
lvis_000000414638,fit_and_policy_selection
lvis_000000389316,fit_and_policy_selection
lvis_000000449312,fit_and_policy_selection
lvis_000000382125,fit_and_policy_selection
lvis_000000166747,fit_and_policy_selection
lvis_000000456292,fit_and_policy_selection
lvis_000000312421,fit_and_policy_selection
lvis_000000180487,fit_and_policy_selection
lvis_000000234757,fit_and_policy_selection
lvis_000000013004,fit_and_policy_selection
lvis_000000376442,fit_and_policy_selection
lvis_000000143998,fit_and_policy_selection
lvis_000000067534,fit_and_policy_selection
lvis_000000198805,fit_and_policy_selection
lvis_000000532690,fit_and_policy_selection
lvis_000000007511,fit_and_policy_selection
lvis_000000113720,fit_and_policy_selection
lvis_000000324715,fit_and_policy_selection
lvis_000000220858,fit_and_policy_selection
lvis_000000033368,fit_and_policy_selection
lvis_000000546475,fit_and_policy_selection
lvis_000000555972,fit_and_policy_selection
lvis_000000289393,fit_and_policy_selection
lvis_000000332845,fit_and_policy_selection
lvis_000000271471,fit_and_policy_selection
lvis_000000383921,fit_and_policy_selection
lvis_000000078823,fit_and_policy_selection
lvis_000000412887,fit_and_policy_selection
lvis_000000410735,fit_and_policy_selection
lvis_000000382743,fit_and_policy_selection
lvis_000000163611,fit_and_policy_selection
lvis_000000136600,fit_and_policy_selection
lvis_000000005060,fit_and_policy_selection
lvis_000000378244,fit_and_policy_selection
lvis_000000052507,fit_and_policy_selection
lvis_000000144706,fit_and_policy_selection
lvis_000000150224,fit_and_policy_selection
lvis_000000521601,fit_and_policy_selection
lvis_000000118209,fit_and_policy_selection
lvis_000000285047,fit_and_policy_selection
lvis_000000485844,fit_and_policy_selection
lvis_000000017905,fit_and_policy_selection
lvis_000000104603,fit_and_policy_selection
lvis_000000534041,fit_and_policy_selection
lvis_000000279769,fit_and_policy_selection
lvis_000000067315,fit_and_policy_selection
lvis_000000546011,fit_and_policy_selection
lvis_000000078426,fit_and_policy_selection
lvis_000000122927,fit_and_policy_selection
lvis_000000024919,fit_and_policy_selection
lvis_000000383676,fit_and_policy_selection
lvis_000000389381,fit_and_policy_selection
lvis_000000283037,fit_and_policy_selection
lvis_000000028452,fit_and_policy_selection
lvis_000000498857,fit_and_policy_selection
lvis_000000074860,fit_and_policy_selection
lvis_000000486479,fit_and_policy_selection
lvis_000000196759,fit_and_policy_selection
lvis_000000146667,fit_and_policy_selection
lvis_000000425226,fit_and_policy_selection
lvis_000000478136,fit_and_policy_selection
lvis_000000396526,fit_and_policy_selection
lvis_000000488664,fit_and_policy_selection
lvis_000000413247,fit_and_policy_selection
lvis_000000361506,fit_and_policy_selection
lvis_000000505169,fit_and_policy_selection
lvis_000000303908,fit_and_policy_selection
lvis_000000162415,fit_and_policy_selection
lvis_000000400922,fit_and_policy_selection
lvis_000000110282,fit_and_policy_selection
lvis_000000466416,fit_and_policy_selection
lvis_000000500211,fit_and_policy_selection
lvis_000000073118,fit_and_policy_selection
lvis_000000123585,fit_and_policy_selection
lvis_000000395633,fit_and_policy_selection
lvis_000000071877,fit_and_policy_selection
lvis_000000167486,fit_and_policy_selection
lvis_000000312340,fit_and_policy_selection
lvis_000000244379,fit_and_policy_selection
lvis_000000296657,fit_and_policy_selection
lvis_000000464872,fit_and_policy_selection
lvis_000000482275,fit_and_policy_selection
lvis_000000492937,fit_and_policy_selection
lvis_000000161925,fit_and_policy_selection
lvis_000000022479,fit_and_policy_selection
lvis_000000235784,fit_and_policy_selection
lvis_000000131431,fit_and_policy_selection
lvis_000000498919,fit_and_policy_selection
lvis_000000124442,fit_and_policy_selection
lvis_000000226903,fit_and_policy_selection
lvis_000000348243,fit_and_policy_selection
lvis_000000196442,fit_and_policy_selection
lvis_000000350607,fit_and_policy_selection
lvis_000000052565,fit_and_policy_selection
lvis_000000108495,fit_and_policy_selection
lvis_000000477227,fit_and_policy_selection
lvis_000000450559,fit_and_policy_selection
lvis_000000572408,fit_and_policy_selection
lvis_000000227478,fit_and_policy_selection
lvis_000000342186,fit_and_policy_selection
lvis_000000145591,fit_and_policy_selection
lvis_000000009590,fit_and_policy_selection
lvis_000000181969,fit_and_policy_selection
lvis_000000234366,fit_and_policy_selection
lvis_000000129492,fit_and_policy_selection
lvis_000000197022,fit_and_policy_selection
lvis_000000429623,fit_and_policy_selection
lvis_000000051314,fit_and_policy_selection
lvis_000000245320,fit_and_policy_selection
lvis_000000022969,fit_and_policy_selection
lvis_000000084431,fit_and_policy_selection
lvis_000000144932,fit_and_policy_selection
lvis_000000522751,fit_and_policy_selection
lvis_000000017714,fit_and_policy_selection
lvis_000000153343,fit_and_policy_selection
lvis_000000372718,fit_and_policy_selection
lvis_000000356261,fit_and_policy_selection
lvis_000000232348,fit_and_policy_selection
lvis_000000344621,fit_and_policy_selection
lvis_000000360325,fit_and_policy_selection
lvis_000000361180,fit_and_policy_selection
lvis_000000229553,fit_and_policy_selection
lvis_000000033854,fit_and_policy_selection
lvis_000000134112,fit_and_policy_selection
lvis_000000303818,fit_and_policy_selection
lvis_000000057672,fit_and_policy_selection
lvis_000000399462,fit_and_policy_selection
lvis_000000559842,fit_and_policy_selection
lvis_000000424349,fit_and_policy_selection
lvis_000000444879,fit_and_policy_selection
lvis_000000556193,fit_and_policy_selection
lvis_000000068387,fit_and_policy_selection
lvis_000000425925,fit_and_policy_selection
lvis_000000461275,fit_and_policy_selection
lvis_000000200152,fit_and_policy_selection
lvis_000000063740,fit_and_policy_selection
lvis_000000349152,fit_and_policy_selection
lvis_000000324258,fit_and_policy_selection
lvis_000000499768,fit_and_policy_selection
lvis_000000445439,fit_and_policy_selection
lvis_000000496854,fit_and_policy_selection
lvis_000000475387,fit_and_policy_selection
lvis_000000092053,fit_and_policy_selection
lvis_000000187249,fit_and_policy_selection
lvis_000000308587,fit_and_policy_selection
lvis_000000485237,fit_and_policy_selection
lvis_000000534601,fit_and_policy_selection
lvis_000000119233,fit_and_policy_selection
lvis_000000551439,fit_and_policy_selection
lvis_000000493286,fit_and_policy_selection
lvis_000000221693,fit_and_policy_selection
lvis_000000189475,fit_and_policy_selection
lvis_000000377946,fit_and_policy_selection
lvis_000000320490,fit_and_policy_selection
lvis_000000042102,fit_and_policy_selection
lvis_000000060052,fit_and_policy_selection
lvis_000000270122,fit_and_policy_selection
lvis_000000030213,fit_and_policy_selection
lvis_000000076416,fit_and_policy_selection
lvis_000000170474,fit_and_policy_selection
lvis_000000465179,fit_and_policy_selection
lvis_000000291861,fit_and_policy_selection
lvis_000000023034,fit_and_policy_selection
lvis_000000308430,fit_and_policy_selection
lvis_000000241319,fit_and_policy_selection
lvis_000000221291,fit_and_policy_selection
lvis_000000317999,fit_and_policy_selection
lvis_000000116439,fit_and_policy_selection
lvis_000000024610,fit_and_policy_selection
lvis_000000179392,fit_and_policy_selection
lvis_000000546219,fit_and_policy_selection
lvis_000000543300,fit_and_policy_selection
lvis_000000495732,fit_and_policy_selection
lvis_000000289938,fit_and_policy_selection
lvis_000000458255,fit_and_policy_selection
lvis_000000141597,fit_and_policy_selection
lvis_000000072813,fit_and_policy_selection
lvis_000000092660,fit_and_policy_selection
lvis_000000540502,fit_and_policy_selection
lvis_000000511076,fit_and_policy_selection
lvis_000000110638,fit_and_policy_selection
lvis_000000515579,fit_and_policy_selection
lvis_000000320743,fit_and_policy_selection
lvis_000000211042,fit_and_policy_selection
lvis_000000082807,fit_and_policy_selection
lvis_000000257478,fit_and_policy_selection
lvis_000000522156,fit_and_policy_selection
lvis_000000450100,fit_and_policy_selection
lvis_000000086755,fit_and_policy_selection
lvis_000000470121,fit_and_policy_selection
lvis_000000255165,fit_and_policy_selection
lvis_000000350003,fit_and_policy_selection
lvis_000000297147,fit_and_policy_selection
lvis_000000439854,fit_and_policy_selection
lvis_000000404484,fit_and_policy_selection
lvis_000000530162,fit_and_policy_selection
lvis_000000387916,fit_and_policy_selection
lvis_000000562059,fit_and_policy_selection
lvis_000000166166,fit_and_policy_selection
lvis_000000156643,fit_and_policy_selection
lvis_000000540280,fit_and_policy_selection
lvis_000000186929,fit_and_policy_selection
lvis_000000209753,fit_and_policy_selection
lvis_000000323751,fit_and_policy_selection
lvis_000000466256,fit_and_policy_selection
lvis_000000023937,fit_and_policy_selection
lvis_000000561465,fit_and_policy_selection
lvis_000000540466,fit_and_policy_selection
lvis_000000421060,fit_and_policy_selection
lvis_000000205282,fit_and_policy_selection
lvis_000000493905,fit_and_policy_selection
lvis_000000056288,fit_and_policy_selection
lvis_000000429761,fit_and_policy_selection
lvis_000000350122,fit_and_policy_selection
lvis_000000119365,fit_and_policy_selection
lvis_000000028285,fit_and_policy_selection
lvis_000000000802,fit_and_policy_selection
lvis_000000522889,fit_and_policy_selection
lvis_000000280930,fit_and_policy_selection
lvis_000000315001,fit_and_policy_selection
lvis_000000188439,fit_and_policy_selection
lvis_000000314182,fit_and_policy_selection
lvis_000000480122,fit_and_policy_selection
lvis_000000566524,fit_and_policy_selection
lvis_000000046378,fit_and_policy_selection
lvis_000000072852,fit_and_policy_selection
lvis_000000350488,fit_and_policy_selection
lvis_000000287649,fit_and_policy_selection
lvis_000000491090,fit_and_policy_selection
lvis_000000164602,fit_and_policy_selection
lvis_000000155291,fit_and_policy_selection
lvis_000000214539,fit_and_policy_selection
lvis_000000565853,fit_and_policy_selection
lvis_000000128675,fit_and_policy_selection
lvis_000000009891,fit_and_policy_selection
lvis_000000058705,fit_and_policy_selection
lvis_000000334371,fit_and_policy_selection
lvis_000000295316,fit_and_policy_selection
lvis_000000304812,fit_and_policy_selection
lvis_000000568584,fit_and_policy_selection
lvis_000000089697,fit_and_policy_selection
lvis_000000136633,fit_and_policy_selection
lvis_000000097230,fit_and_policy_selection
lvis_000000295809,fit_and_policy_selection
lvis_000000139684,fit_and_policy_selection
lvis_000000349480,fit_and_policy_selection
lvis_000000001818,fit_and_policy_selection
lvis_000000349860,fit_and_policy_selection
lvis_000000131131,fit_and_policy_selection
lvis_000000288685,fit_and_policy_selection
lvis_000000060363,fit_and_policy_selection
lvis_000000135890,fit_and_policy_selection
lvis_000000430056,fit_and_policy_selection
lvis_000000015338,fit_and_policy_selection
lvis_000000270883,fit_and_policy_selection
lvis_000000249550,fit_and_policy_selection
lvis_000000533855,fit_and_policy_selection
lvis_000000421834,fit_and_policy_selection
lvis_000000378454,fit_and_policy_selection
lvis_000000445602,fit_and_policy_selection
lvis_000000431545,fit_and_policy_selection
lvis_000000443426,fit_and_policy_selection
lvis_000000308328,fit_and_policy_selection
lvis_000000439593,fit_and_policy_selection
lvis_000000125778,fit_and_policy_selection
lvis_000000199771,fit_and_policy_selection
lvis_000000007888,fit_and_policy_selection
lvis_000000093965,fit_and_policy_selection
lvis_000000161861,fit_and_policy_selection
lvis_000000176232,fit_and_policy_selection
lvis_000000356428,fit_and_policy_selection
lvis_000000284296,fit_and_policy_selection
lvis_000000368900,fit_and_policy_selection
lvis_000000518326,fit_and_policy_selection
lvis_000000196185,fit_and_policy_selection
lvis_000000055072,fit_and_policy_selection
lvis_000000100723,fit_and_policy_selection
lvis_000000423798,fit_and_policy_selection
lvis_000000314264,fit_and_policy_selection
lvis_000000074457,fit_and_policy_selection
lvis_000000402334,fit_and_policy_selection
lvis_000000096960,fit_and_policy_selection
lvis_000000252559,fit_and_policy_selection
lvis_000000377393,fit_and_policy_selection
lvis_000000141671,fit_and_policy_selection
lvis_000000127135,fit_and_policy_selection
lvis_000000298396,fit_and_policy_selection
lvis_000000258541,fit_and_policy_selection
lvis_000000507893,fit_and_policy_selection
lvis_000000019432,fit_and_policy_selection
lvis_000000016502,fit_and_policy_selection
lvis_000000080273,fit_and_policy_selection
lvis_000000389451,fit_and_policy_selection
lvis_000000295478,fit_and_policy_selection
lvis_000000296634,fit_and_policy_selection
lvis_000000079651,fit_and_policy_selection
lvis_000000540928,fit_and_policy_selection
lvis_000000227187,fit_and_policy_selection
lvis_000000012667,fit_and_policy_selection
lvis_000000318138,fit_and_policy_selection
lvis_000000571598,fit_and_policy_selection
lvis_000000105249,fit_and_policy_selection
lvis_000000272566,fit_and_policy_selection
lvis_000000212226,fit_and_policy_selection
lvis_000000409424,fit_and_policy_selection
lvis_000000378515,fit_and_policy_selection
lvis_000000145020,fit_and_policy_selection
lvis_000000396568,fit_and_policy_selection
lvis_000000426203,fit_and_policy_selection
lvis_000000476215,fit_and_policy_selection
lvis_000000273715,fit_and_policy_selection
lvis_000000468965,fit_and_policy_selection
lvis_000000558114,fit_and_policy_selection
lvis_000000255749,fit_and_policy_selection
lvis_000000169169,fit_and_policy_selection
lvis_000000083531,fit_and_policy_selection
lvis_000000002149,fit_and_policy_selection
lvis_000000459500,fit_and_policy_selection
lvis_000000042178,fit_and_policy_selection
lvis_000000370677,fit_and_policy_selection
lvis_000000326542,fit_and_policy_selection
lvis_000000098839,fit_and_policy_selection
lvis_000000267903,fit_and_policy_selection
lvis_000000528399,fit_and_policy_selection
lvis_000000389804,fit_and_policy_selection
lvis_000000130826,fit_and_policy_selection
lvis_000000223789,fit_and_policy_selection
lvis_000000268378,fit_and_policy_selection
lvis_000000397681,fit_and_policy_selection
lvis_000000242678,fit_and_policy_selection
lvis_000000180011,fit_and_policy_selection
lvis_000000018519,fit_and_policy_selection
lvis_000000150649,fit_and_policy_selection
lvis_000000071451,fit_and_policy_selection
lvis_000000415716,fit_and_policy_selection
lvis_000000068833,fit_and_policy_selection
lvis_000000396200,fit_and_policy_selection
lvis_000000440617,fit_and_policy_selection
lvis_000000550322,fit_and_policy_selection
lvis_000000375430,fit_and_policy_selection
lvis_000000268996,fit_and_policy_selection
lvis_000000222299,fit_and_policy_selection
lvis_000000007386,fit_and_policy_selection
lvis_000000081394,fit_and_policy_selection
lvis_000000057725,fit_and_policy_selection
lvis_000000278848,fit_and_policy_selection
lvis_000000457262,fit_and_policy_selection
lvis_000000451084,fit_and_policy_selection
lvis_000000088345,fit_and_policy_selection
lvis_000000534673,fit_and_policy_selection
lvis_000000407825,fit_and_policy_selection
lvis_000000477288,fit_and_policy_selection
lvis_000000232692,fit_and_policy_selection
lvis_000000150417,fit_and_policy_selection
lvis_000000106912,fit_and_policy_selection
lvis_000000450202,fit_and_policy_selection
lvis_000000344888,fit_and_policy_selection
lvis_000000327701,fit_and_policy_selection
lvis_000000288762,fit_and_policy_selection
lvis_000000570169,fit_and_policy_selection
lvis_000000506656,fit_and_policy_selection
lvis_000000177015,fit_and_policy_selection
lvis_000000501523,fit_and_policy_selection
lvis_000000320706,fit_and_policy_selection
lvis_000000374545,fit_and_policy_selection
lvis_000000405432,fit_and_policy_selection
lvis_000000158227,fit_and_policy_selection
lvis_000000248314,fit_and_policy_selection
lvis_000000007088,fit_and_policy_selection
lvis_000000108503,fit_and_policy_selection
lvis_000000463283,fit_and_policy_selection
lvis_000000099039,fit_and_policy_selection
lvis_000000032817,fit_and_policy_selection
lvis_000000447917,fit_and_policy_selection
lvis_000000233238,fit_and_policy_selection
lvis_000000436883,fit_and_policy_selection
lvis_000000021839,fit_and_policy_selection
lvis_000000167540,fit_and_policy_selection
lvis_000000247917,fit_and_policy_selection
lvis_000000101420,fit_and_policy_selection
lvis_000000119677,fit_and_policy_selection
lvis_000000456015,fit_and_policy_selection
lvis_000000465549,fit_and_policy_selection
lvis_000000190637,fit_and_policy_selection
lvis_000000433980,fit_and_policy_selection
lvis_000000445834,fit_and_policy_selection
lvis_000000523033,fit_and_policy_selection
lvis_000000141821,fit_and_policy_selection
lvis_000000402433,fit_and_policy_selection
lvis_000000319696,fit_and_policy_selection
lvis_000000161642,fit_and_policy_selection
lvis_000000014831,fit_and_policy_selection
lvis_000000419379,fit_and_policy_selection
lvis_000000231879,fit_and_policy_selection
lvis_000000515025,fit_and_policy_selection
lvis_000000165257,fit_and_policy_selection
lvis_000000028809,fit_and_policy_selection
lvis_000000513580,fit_and_policy_selection
lvis_000000029393,fit_and_policy_selection
lvis_000000109992,fit_and_policy_selection
